OrderID,Customer,Date,Product,Category,Qty,Price,Status
ORD-1001,Diana Prince,02/14/2024,Desk Lamp,Office,2,34.99,Pending
1002,Charlie  CHI,08-02-2024,"""Resistance Band""",Sports,4,12.99,shipped
1003,Alice  NYC,06/21/24,Hat,Clothing,3,$19.99,returned
1004,Leo  DEN,04-03-2024,Jump Rope,Sports,8,9.99,returned
1005,Tina  BOS,05/28/24,Desk Lamp,Office,1,$34.99,cancelled
1006,Mia  PDX,12/25/24,Stapler,Office,4,16,pending
1007,Hank  BOS,16-12-2024,Blanket,Home,9,$34.99,delivered
1008,Bob  LA,18-04-2024,"""Blanket""",Home,10,35,Pending
1009,Olivia  LA,26-10-2024,Sneakers,Clothing,9,75,Pending
1010,Eve  SF,14-12-2024,Laptop,Electronics,3,$799.99,returned
1011,Tina  BOS,12/15/2024,Jump Rope,Sports,1,9.99,Delivered
1012,Karen  ATL,04-01-2024,Toaster,Home,5,29.99,returned
1013,Jack  PHX,10-03-2024,Resistance Band,Sports,6,$12.99,delivered
1014,Paul  CHI,02-10-2024,Chair,Office,4,199.99,shipped
1015,Rose  DAL,09/27/2024,Belt,Clothing,3,30,Pending
1016,Rose  DAL,21-09-2024,Dress,Clothing,6,49,returned
1017,Charlie  CHI,02-06-2024,Resistance Band,Sports,4,12.99,cancelled
1018,Bob  LA,10-03-2024,Smartphone,Electronics,8,$699.99,shipped
1019,Paul  CHI,04-08-2024,"""Jeans""",Clothing,7,60,shipped
1020,Bob  LA,05-07-2024,Laptop,Electronics,6,799.99,cancelled
1021,Eve  SF,10-08-2024,Calculator,Office,2,24,delivered
1022,Rose  DAL,19-04-2024,Monitor,Electronics,8,299,delivered
1023,Alice  NYC,03-20-2024,Calculator,Office,9,24,Delivered
1024,Bob  LA,26-10-2024,Yoga Mat,Sports,1,29.99,processing
1025,Quinn  SF,02-04-2024,Yoga Mat,Sports,2,29.99,Pending
1026,Sam  SEA,10/16/2024,Yoga Mat,Sports,7,29.99,RETURNED
ORD-1027,Grace  SEA,22-08-2024,Desk Lamp,Office,3,35,returned
1028,Tina  BOS,08-03-2024,Mouse,Electronics,9,25,returned
1029,Leo  DEN,12-07-2024,Blanket,Home,9,34.99,Delivered
1030,Diana  NYC,20-03-2024,Dress,Clothing,2,49.99,Delivered
ORD-1031,Karen  ATL,20-11-2024,Calculator,Office,1,24.99,Delivered
1032,Karen  ATL,10/14/24,Stapler,Office,9,15,returned
1033,Eve  SF,07-05-2024,Stapler,Office,1,16,RETURNED
ORD-1034,Hank  BOS,03-24-2024,Binder,Office,3,$5.99,Pending
1035,Karen  ATL,20-01-2024,Pillow,Home,2,24,cancelled
1036,Olivia  LA,17-06-2024,"""Sneakers""",Clothing,4,75,returned
1037,Ivy  MIA,01/15/24,Water Bottle,Sports,9,15,Delivered
1038,Ivy  MIA,11-06-2024,Water Bottle,Sports,6,14,returned
1039,Sam  SEA,05-07-2024,"""USB Hub""",Electronics,9,$19.99,returned
1040,Karen  ATL,25-07-2024,Headphones,Electronics,7,90,processing
1041,Nate  NYC,10-07-2024,Toaster,Home,5,29,Delivered
1042,Nate  NYC,12-11-2024,Running Shoes,Sports,8,89,processing
ORD-1043,Frank  DAL,04-25-2024,"""Whiteboard""",Office,4,50,pending
1044,Hank  BOS,22-12-2024,Yoga Mat,Sports,10,$29.99,shipped
1045,Eve  SF,12/22/2024,Mouse,Electronics,4,$25.00,shipped
1046,Hank  BOS,10/13/2024,Tablet,Electronics,8,349.99,RETURNED
1047,Olivia  LA,22-03-2024,Water Bottle,Sports,9,14,shipped
1048,Hank  BOS,09-02-2024,Calculator,Office,5,24,cancelled
1049,Karen  ATL,12-27-2024,Keyboard,Electronics,7,$45.00,returned
1050,Karen  ATL,10/26/24,Coffee Maker,Home,7,59,Pending
1051,Leo  DEN,22-04-2024,Rug,Home,9,89.99,cancelled
1052,Paul  CHI,11/14/2024,Binder,Office,8,$5.99,delivered
1053,Sam  SEA,04-03-2024,Mouse,Electronics,3,25,Delivered
1054,Grace  SEA,11-02-2024,Binder,Office,7,6,delivered
1055,Bob  LA,05-06-2024,Desk Lamp,Office,1,34.99,delivered
1056,Hank  BOS,07-07-2024,Charger,Electronics,8,15,returned
1057,Frank  DAL,12-12-2024,"""Charger""",Electronics,5,14.99,Pending
1058,Grace  SEA,03-02-2024,Jeans,Clothing,5,59.99,delivered
1059,Nate  NYC,09-07-2024,Smartphone,Electronics,1,699,Pending
1060,Olivia  LA,02-10-2024,Toaster,Home,5,29.99,shipped
1061,Sam  SEA,08/25/2024,Jeans,Clothing,8,$59.99,Pending
1062,Paul  CHI,05/23/2024,Belt,Clothing,5,30,Delivered
1063,Quinn  SF,03-05-2024,Monitor,Electronics,8,299.99,shipped
1064,Alice Smith,07-07-2024,Hat,Clothing,5,19.99,processing
1065,Nate  NYC,05-06-2024,Jump Rope,Sports,8,10,cancelled
1066,Grace  SEA,05/21/2024,Running Shoes,Sports,4,89,processing
1067,Diana  NYC,12/28/2024,Desk Lamp,Office,5,34.99,pending
1068,Bob  LA,25-05-2024,Belt,Clothing,1,29.99,shipped
1069,Frank  DAL,09-08-2024,Calculator,Office,2,24,delivered
1070,Sam  SEA,11-01-2024,Monitor,Electronics,7,299.99,cancelled
1071,Mia  PDX,10/18/2024,Blanket,Home,7,35,delivered
1072,Diana  NYC,05-02-2024,Sneakers,Clothing,2,$75.00,processing
1073,Alice  NYC,27-12-2024,Water Bottle,Sports,4,15,shipped
1074,Hank  BOS,02/28/2024,Running Shoes,Sports,4,89,cancelled
1075,Ivy  MIA,18-10-2024,Laptop,Electronics,5,799.99,shipped
ORD-1076,Jack  PHX,09-08-2024,Calculator,Office,10,24.99,Delivered
1077,Hank  BOS,01-21-2024,Resistance Band,Sports,5,12.99,shipped
1078,Olivia  LA,28-08-2024,Hat,Clothing,8,19.99,Pending
1079,Diana  NYC,10-08-2024,Binder,Office,5,5,shipped
1080,Ivy  MIA,07/30/24,Coffee Maker,Home,9,59,cancelled
1081,Tina  BOS,27-05-2024,Coffee Maker,Home,9,$59.99,shipped
1082,Tina  BOS,02-17-2024,Dress,Clothing,9,49,returned
1083,Diana  NYC,27-12-2024,Belt,Clothing,5,29.99,Pending
1084,Paul  CHI,03-10-2024,Dumbbell,Sports,10,39.99,Delivered
1085,Nate  NYC,10/27/2024,Jump Rope,Sports,5,10,shipped
1086,Olivia  LA,21-08-2024,Whiteboard,Office,9,49,cancelled
1087,Hank  BOS,07-16-2024,"""Hat""",Clothing,8,19,shipped
1088,Eve  SF,26-09-2024,Jump Rope,Sports,8,9.99,delivered
1089,Nate  NYC,15-11-2024,Jeans,Clothing,5,60,returned
1090,Rose  DAL,02-05-2024,Calculator,Office,1,24.99,Delivered
1091,Charlie  CHI,24-01-2024,Mouse,Electronics,5,25,delivered
1092,Leo  DEN,03/30/24,Hat,Clothing,3,$19.99,Pending
1093,Hank  BOS,05-10-2024,Dumbbell,Sports,5,39,shipped
1094,Rose  DAL,19-12-2024,Lamp,Home,5,39,shipped
ORD-1095,Grace  SEA,21-10-2024,Blender,Home,10,45,Delivered
1096,Mia  PDX,11-09-2024,Running Shoes,Sports,1,89.99,cancelled
1097,Leo  DEN,11/17/24,Dress,Clothing,3,49.99,Delivered
1098,Bob  LA,03-30-2024,Jeans,Clothing,6,59,pending
1099,Leo  DEN,06/22/24,Stapler,Office,8,16,shipped
1100,Eve  SF,16-02-2024,Hat,Clothing,9,20,delivered
ORD-1101,Diana  NYC,12-11-2024,Binder,Office,6,5.99,shipped
1102,Rose  DAL,28-11-2024,Dumbbell,Sports,8,40,returned
1103,Bob  LA,17-07-2024,"""Blender""",Home,9,$44.99,RETURNED
1104,Rose  DAL,27-07-2024,Hat,Clothing,8,19.99,delivered
1105,Grace  SEA,26-11-2024,"""Socks""",Clothing,6,9.99,delivered
1106,Grace  SEA,26-01-2024,Blender,Home,10,44.99,cancelled
1107,Sam  SEA,03/16/2024,Dumbbell,Sports,4,40,delivered
1108,Eve  SF,03-08-2024,Jump Rope,Sports,2,9.99,RETURNED
1109,Hank  BOS,09/26/24,Keyboard,Electronics,3,45,returned
1110,Leo  DEN,12-03-2024,Tablet,Electronics,10,349.99,Delivered
1111,Alice Smith,30-12-2024,Rug,Home,2,89,returned
1112,Karen  ATL,30-12-2024,Keyboard,Electronics,10,45,Pending
1113,Quinn  SF,20-04-2024,Resistance Band,Sports,2,12.99,shipped
1114,Nate  NYC,06-08-2024,Rug,Home,2,90,Delivered
1115,Eve  SF,08-09-2024,"""Blender""",Home,2,44.99,RETURNED
1116,Rose  DAL,30-06-2024,Resistance Band,Sports,2,12,delivered
1117,Tina  BOS,04/24/24,Charger,Electronics,3,14,RETURNED
1118,Leo  DEN,11-10-2024,Desk Lamp,Office,9,34.99,delivered
1119,Ivy  MIA,04-02-2024,Chair,Office,6,199.99,Pending
1120,Alice Smith,21-03-2024,Dumbbell,Sports,8,40,Delivered
1121,Sam  SEA,12-11-2024,Keyboard,Electronics,10,45,Delivered
1122,Nate  NYC,25-06-2024,Rug,Home,9,89.99,returned
1123,Sam  SEA,01-04-2024,Notebook,Office,10,8.99,Delivered
1124,Eve  SF,03-30-2024,Whiteboard,Office,8,49,Pending
1125,Hank  BOS,10-01-2024,Pen Set,Office,1,12,returned
1126,Sam  SEA,06-15-2024,Rug,Home,7,89.99,shipped
1127,Leo  DEN,10-02-2024,Monitor,Electronics,7,299.99,Delivered
1128,Hank  BOS,09-18-2024,Jeans,Clothing,2,59.99,RETURNED
1129,Eve  SF,12-01-2024,Dress,Clothing,10,$49.99,pending
1130,Paul  CHI,14-06-2024,Resistance Band,Sports,10,12.99,pending
1131,Paul  CHI,07-02-2024,Chair,Office,6,199.99,shipped
1132,Bob  LA,10/31/2024,Pen Set,Office,2,12.99,Pending
1133,Rose  DAL,06/13/2024,Tablet,Electronics,10,$349.99,shipped
1134,Bob  LA,06-05-2024,Pen Set,Office,3,12.99,shipped
1135,Tina  BOS,27-01-2024,Chair,Office,6,199.99,returned
1136,Rose  DAL,06/19/24,Chair,Office,10,$199.99,pending
1137,Jack  PHX,13-10-2024,Toaster,Home,2,30,RETURNED
1138,Quinn  SF,19-04-2024,"""Lamp""",Home,5,$39.99,shipped
1139,Eve  SF,20-01-2024,Pen Set,Office,9,12.99,pending
1140,Eve  SF,07-05-2024,Dumbbell,Sports,1,39,shipped
1141,Olivia  LA,07-07-2024,Dress,Clothing,8,$49.99,shipped
1142,Jack  PHX,11-05-2024,Resistance Band,Sports,3,$12.99,Delivered
1143,Paul  CHI,05/25/24,Yoga Mat,Sports,9,29.99,pending
1144,Quinn  SF,06/27/24,Blender,Home,4,44,Pending
1145,Quinn  SF,20-02-2024,Blender,Home,1,45,pending
ORD-1146,Jack  PHX,11-11-2024,Toaster,Home,8,29,returned
1147,Grace  SEA,05-27-2024,Running Shoes,Sports,7,89.99,Delivered
1148,Hank  BOS,10-01-2024,"""Water Bottle""",Sports,8,14.99,processing
1149,Eve  SF,04-05-2024,Charger,Electronics,10,14,processing
ORD-1150,Charlie  CHI,11-01-2024,Resistance Band,Sports,9,12.99,shipped
1151,Mia  PDX,05-03-2024,Notebook,Office,2,9,RETURNED
ORD-1152,Leo  DEN,03-10-2024,Belt,Clothing,8,$29.99,shipped
1153,Grace  SEA,07/22/2024,TShirt,Clothing,5,25,shipped
1154,Grace  SEA,23-07-2024,Webcam,Electronics,6,59,Pending
1155,Frank  DAL,12-02-2024,Lamp,Home,9,40,returned
1156,Frank  DAL,08/16/2024,"""Pen Set""",Office,5,13,Pending
1157,Olivia  LA,11/23/24,Webcam,Electronics,7,60,returned
1158,Mia  PDX,01-18-2024,TShirt,Clothing,10,25,returned
1159,Leo  DEN,09-07-2024,Yoga Mat,Sports,8,30,returned
1160,Quinn  SF,05-04-2024,Chair,Office,2,199.99,processing
1161,Rose  DAL,21-12-2024,Calculator,Office,10,25,cancelled
1162,Charlie  CHI,12/29/24,Blender,Home,6,45,processing
ORD-1163,Jack  PHX,03-12-2024,Socks,Clothing,2,$9.99,shipped
1164,Rose  DAL,07-06-2024,Toaster,Home,2,29.99,shipped
1165,Nate  NYC,08/26/2024,Keyboard,Electronics,2,45,RETURNED
1166,Rose  DAL,09-22-2024,Jacket,Clothing,1,89.99,Delivered
1167,Karen  ATL,10-02-2024,Socks,Clothing,9,10,cancelled
1168,Rose  DAL,10-24-2024,Pen Set,Office,3,12.99,pending
1169,Tina  BOS,01/24/2024,Yoga Mat,Sports,1,29.99,Delivered
1170,Sam  SEA,24-11-2024,Tablet,Electronics,9,N/A,shipped
1171,Mia  PDX,08-25-2024,Laptop,Electronics,7,799,RETURNED
1172,Karen  ATL,09/20/2024,Whiteboard,Office,3,50,returned
1173,Olivia  LA,07/15/2024,Pillow,Home,1,25,Pending
1174,Frank  DAL,20-09-2024,Running Shoes,Sports,3,89,shipped
1175,Paul  CHI,06/29/24,Clock,Home,4,19.99,delivered
1176,Tina  BOS,09-03-2024,Blanket,Home,2,34,RETURNED
1177,Leo  DEN,05/27/24,Charger,Electronics,6,14.99,Pending
1178,Rose  DAL,20-07-2024,Running Shoes,Sports,3,89.99,RETURNED
1179,Leo  DEN,11-03-2024,Hat,Clothing,1,19.99,shipped
1180,Eve  SF,24-03-2024,Dumbbell,Sports,10,40,Delivered
1181,Quinn  SF,09-01-2024,Water Bottle,Sports,5,14,RETURNED
1182,Nate  NYC,04/26/24,Charger,Electronics,10,14.99,shipped
ORD-1183,Tina  BOS,10/20/24,Toaster,Home,4,29.99,cancelled
1184,Karen  ATL,02-01-2024,Pillow,Home,10,24,processing
1185,Karen  ATL,29-09-2024,Rug,Home,3,89,processing
1186,Ivy  MIA,01-06-2024,Sneakers,Clothing,5,$75.00,cancelled
1187,Paul  CHI,13-07-2024,Chair,Office,10,199.99,RETURNED
1188,Eve  SF,09-02-2024,Pen Set,Office,8,13,cancelled
1189,Ivy  MIA,05-04-2024,Stapler,Office,10,$15.99,processing
1190,Hank  BOS,01-03-2024,Lamp,Home,2,$39.99,pending
1191,Paul  CHI,11/29/2024,Dress,Clothing,1,49.99,cancelled
1192,Bob  LA,22-07-2024,Hat,Clothing,3,19.99,pending
1193,Jack  PHX,25-05-2024,Headphones,Electronics,2,90,processing
1194,Eve  SF,24-03-2024,Blanket,Home,2,35,Delivered
1195,Alice  NYC,20-09-2024,Desk Lamp,Office,7,34,returned
1196,Diana Prince,13-05-2024,Belt,Clothing,4,29.99,cancelled
1197,Ivy  MIA,02-01-2024,Notebook,Office,6,$8.99,shipped
1198,Mia  PDX,11-10-2024,Pen Set,Office,5,13,cancelled
1199,Paul  CHI,10-02-2024,Jump Rope,Sports,9,9,cancelled
1200,Tina  BOS,10/15/24,Smartphone,Electronics,6,699.99,delivered
1201,Quinn  SF,02-29-2024,Dumbbell,Sports,9,39,shipped
1202,Quinn  SF,10/15/24,Tablet,Electronics,7,349,processing
1203,Jack  PHX,02-07-2024,Blanket,Home,4,34.99,Pending
1204,Charlie  CHI,26-05-2024,Mouse,Electronics,8,25,pending
1205,Nate  NYC,02-11-2024,Clock,Home,7,19,pending
1206,Leo  DEN,12-01-2024,Water Bottle,Sports,4,14.99,shipped
ORD-1207,Rose  DAL,05-21-2024,Pillow,Home,6,$24.99,returned
1208,Nate  NYC,18-01-2024,Monitor,Electronics,2,299.99,delivered
1209,Bob  LA,14-09-2024,Sneakers,Clothing,1,$75.00,cancelled
1210,Sam  SEA,03/14/2024,Running Shoes,Sports,4,90,cancelled
1211,Ivy  MIA,09-10-2024,Running Shoes,Sports,7,89.99,RETURNED
1212,Mia  PDX,04-04-2024,Binder,Office,5,5,shipped
1213,Hank  BOS,08-01-2024,Belt,Clothing,9,29,processing
1214,Hank  BOS,10-01-2024,Pen Set,Office,6,12.99,delivered
1215,Tina  BOS,21-04-2024,Monitor,Electronics,10,299.99,cancelled
1216,Karen  ATL,05-04-2024,Monitor,Electronics,2,299,cancelled
1217,Hank  BOS,13-05-2024,Binder,Office,6,6,processing
1218,Olivia  LA,07/30/24,Lamp,Home,6,40,cancelled
1219,Alice Smith,10-04-2024,Resistance Band,Sports,5,$12.99,cancelled
1220,Hank  BOS,08-23-2024,Chair,Office,8,199,RETURNED
1221,Rose  DAL,02-08-2024,Running Shoes,Sports,9,89.99,delivered
1222,Hank  BOS,01/31/2024,TShirt,Clothing,8,25,shipped
1223,Alice Smith,01-10-2024,"""Water Bottle""",Sports,9,15,delivered
1224,Nate  NYC,05-03-2024,Jeans,Clothing,9,$59.99,processing
1225,Leo  DEN,10-16-2024,Blender,Home,7,44,cancelled
1226,Charlie  CHI,08/31/24,Mouse,Electronics,7,25,delivered
1227,Charlie  CHI,01-22-2024,Lamp,Home,2,39.99,cancelled
1228,Sam  SEA,10/15/24,Mouse,Electronics,5,25,pending
1229,Karen  ATL,06-02-2024,Jacket,Clothing,7,89.99,cancelled
1230,Mia  PDX,13-09-2024,Jump Rope,Sports,3,9.99,delivered
1231,Hank  BOS,20-11-2024,Binder,Office,6,5.99,shipped
1232,Leo  DEN,02/13/2024,Rug,Home,10,89,Delivered
1233,Charlie  CHI,11-06-2024,Hat,Clothing,3,19,returned
1234,Jack  PHX,08/17/2024,Pen Set,Office,3,12,processing
1235,Diana Prince,07-01-2024,Pen Set,Office,6,12,Pending
1236,Charlie  CHI,03-27-2024,Dumbbell,Sports,3,39,Delivered
1237,Paul  CHI,09-02-2024,Hat,Clothing,5,19,Delivered
1238,Paul  CHI,21-07-2024,Belt,Clothing,5,29.99,Pending
1239,Karen  ATL,02-09-2024,Toaster,Home,10,$29.99,pending
1240,Karen  ATL,07-05-2024,Pillow,Home,5,24,cancelled
1241,Rose  DAL,12-08-2024,Yoga Mat,Sports,8,$29.99,returned
1242,Nate  NYC,07-12-2024,Dress,Clothing,3,49,shipped
1243,Paul  CHI,19-01-2024,Resistance Band,Sports,7,12.99,processing
1244,Charlie  CHI,15-10-2024,Socks,Clothing,10,9.99,RETURNED
1245,Nate  NYC,10/24/2024,Headphones,Electronics,9,89.99,cancelled
1246,Mia  PDX,09-04-2024,Running Shoes,Sports,6,89.99,Delivered
1247,Charlie  CHI,23-09-2024,Socks,Clothing,8,$9.99,RETURNED
1248,Olivia  LA,12-01-2024,"""Lamp""",Home,1,39.99,returned
1249,Frank  DAL,06-08-2024,Jacket,Clothing,6,89.99,cancelled
1250,Frank  DAL,08/18/2024,"""Rug""",Home,10,$89.99,Pending
1251,Grace  SEA,06-07-2024,Charger,Electronics,9,$14.99,cancelled
1252,Ivy  MIA,10/27/24,Lamp,Home,10,39,RETURNED
1253,Olivia  LA,02-05-2024,Pen Set,Office,6,12.99,returned
1254,Eve  SF,09-06-2024,Toaster,Home,7,$29.99,pending
1255,Paul  CHI,07-02-2024,Socks,Clothing,10,9.99,shipped
1256,Mia  PDX,29-12-2024,Running Shoes,Sports,8,89,shipped
1257,Sam  SEA,05-27-2024,"""Dress""",Clothing,4,49.99,shipped
1258,Paul  CHI,10-04-2024,Charger,Electronics,9,15,shipped
1259,Nate  NYC,14-05-2024,Dress,Clothing,1,49,returned
1260,Diana  NYC,12/29/2024,Sneakers,Clothing,10,75,Pending
1261,Eve  SF,11-01-2024,TShirt,Clothing,9,25,pending
1262,Jack  PHX,05-21-2024,Pen Set,Office,7,12.99,pending
1263,Karen  ATL,11-07-2024,Clock,Home,5,19,returned
1264,Charlie  CHI,10/24/24,Whiteboard,Office,8,50,returned
1265,Olivia  LA,08-07-2024,Pen Set,Office,7,$12.99,shipped
1266,Jack  PHX,12/15/24,Dumbbell,Sports,8,40,delivered
1267,Olivia  LA,12-18-2024,Belt,Clothing,7,$29.99,Delivered
1268,Ivy  MIA,21-07-2024,"""Chair""",Office,3,199.99,cancelled
ORD-1269,Charlie  CHI,04/25/2024,Monitor,Electronics,3,299.99,shipped
1270,Karen  ATL,02/15/24,Toaster,Home,4,29,returned
1271,Jack  PHX,11-08-2024,"""Jacket""",Clothing,10,89.99,shipped
1272,Grace  SEA,02/14/24,Hat,Clothing,8,$19.99,pending
1273,Sam  SEA,05/21/24,Binder,Office,3,$5.99,cancelled
1274,Tina  BOS,09/22/2024,Notebook,Office,5,$8.99,processing
1275,Mia  PDX,09-12-2024,Monitor,Electronics,2,$299.99,returned
1276,Alice  NYC,07-06-2024,Stapler,Office,10,15,pending
1277,Charlie  CHI,07/22/2024,Laptop,Electronics,1,799.99,Delivered
1278,Quinn  SF,11-11-2024,"""Rug""",Home,9,89.99,Delivered
1279,Charlie  CHI,11/20/24,Jacket,Clothing,7,89.99,Delivered
1280,Hank  BOS,29-01-2024,USB Hub,Electronics,10,19.99,pending
1281,Eve  SF,05-12-2024,Belt,Clothing,9,29.99,RETURNED
1282,Ivy  MIA,09/25/24,Laptop,Electronics,7,800,Delivered
1283,Sam  SEA,10-17-2024,Clock,Home,1,19,RETURNED
1284,Diana  NYC,01-07-2024,Monitor,Electronics,1,299.99,delivered
1285,Mia  PDX,06-13-2024,TShirt,Clothing,7,$25.00,Pending
1286,Karen  ATL,04-01-2024,Charger,Electronics,9,14.99,processing
ORD-1287,Mia  PDX,02/14/2024,Blanket,Home,5,35,shipped
1288,Grace  SEA,04-10-2024,Desk Lamp,Office,10,34,cancelled
1289,Nate  NYC,01-01-2024,Jump Rope,Sports,1,10,Delivered
1290,Quinn  SF,02/17/24,Clock,Home,3,20,cancelled
1291,Quinn  SF,02/18/2024,Calculator,Office,2,24.99,pending
1292,Mia  PDX,29-05-2024,Yoga Mat,Sports,3,$29.99,RETURNED
1293,Mia  PDX,04-13-2024,Whiteboard,Office,4,49.99,returned
1294,Frank  DAL,19-08-2024,Binder,Office,6,$5.99,shipped
1295,Diana Prince,02-16-2024,Notebook,Office,6,$8.99,RETURNED
1296,Bob  LA,10-11-2024,"""Stapler""",Office,7,15,cancelled
1297,Diana  NYC,11-04-2024,"""Jeans""",Clothing,4,$59.99,RETURNED
1298,Charlie  CHI,26-11-2024,"""Pen Set""",Office,2,$12.99,pending
1299,Karen  ATL,21-07-2024,Coffee Maker,Home,10,59,delivered
1300,Nate  NYC,01/18/2024,Jacket,Clothing,8,$89.99,cancelled
1301,Paul  CHI,11-03-2024,"""Water Bottle""",Sports,5,14,cancelled
1302,Quinn  SF,05-10-2024,Yoga Mat,Sports,6,29,RETURNED
1303,Quinn  SF,16-01-2024,"""Stapler""",Office,10,$15.99,delivered
1304,Paul  CHI,12-02-2024,Dumbbell,Sports,2,$39.99,Delivered
1305,Bob  LA,05-01-2024,Hat,Clothing,3,$19.99,RETURNED
1306,Leo  DEN,10-15-2024,Webcam,Electronics,10,$59.99,shipped
1307,Frank  DAL,26-09-2024,Laptop,Electronics,4,799.99,delivered
1308,Tina  BOS,01-12-2024,Socks,Clothing,6,9.99,pending
1309,Quinn  SF,21-02-2024,Webcam,Electronics,7,59.99,Delivered
1310,Frank  DAL,12/21/2024,Clock,Home,3,19.99,RETURNED
1311,Sam  SEA,03/31/24,Blanket,Home,5,$34.99,Pending
1312,Sam  SEA,11/23/2024,Jump Rope,Sports,10,$9.99,returned
1313,Eve  SF,11/21/24,Monitor,Electronics,6,$299.99,RETURNED
1314,Ivy  MIA,25-01-2024,Webcam,Electronics,2,59.99,shipped
1315,Frank  DAL,09-02-2024,Rug,Home,7,89.99,cancelled
1316,Charlie  CHI,07-02-2024,"""Headphones""",Electronics,5,89.99,pending
1317,Frank  DAL,12/26/24,Yoga Mat,Sports,10,29,Pending
1318,Frank  DAL,07-04-2024,"""Toaster""",Home,6,$29.99,processing
1319,Rose  DAL,10/19/2024,Chair,Office,1,199,shipped
1320,Leo  DEN,04-12-2024,Headphones,Electronics,10,89,delivered
1321,Jack  PHX,07-09-2024,Blender,Home,7,44,returned
1322,Mia  PDX,13-08-2024,Lamp,Home,1,40,Delivered
1323,Ivy  MIA,07/30/2024,"""Jeans""",Clothing,6,59.99,cancelled
1324,Mia  PDX,06-02-2024,Clock,Home,4,19,Pending
1325,Bob  LA,02-03-2024,Resistance Band,Sports,10,$12.99,pending
1326,Frank  DAL,04-13-2024,"""Jacket""",Clothing,2,89,Delivered
1327,Charlie  CHI,08/22/24,Water Bottle,Sports,5,14.99,processing
1328,Diana  NYC,05/26/2024,Jeans,Clothing,10,59.99,RETURNED
ORD-1329,Ivy  MIA,03/14/2024,"""Clock""",Home,5,19,Pending
1330,Karen  ATL,21-06-2024,Tablet,Electronics,6,349.99,Delivered
1331,Paul  CHI,17-05-2024,Monitor,Electronics,8,300,returned
1332,Grace  SEA,09-20-2024,Clock,Home,6,19.99,returned
1333,Quinn  SF,01-30-2024,"""Resistance Band""",Sports,4,$12.99,delivered
1334,Leo  DEN,11/21/24,Whiteboard,Office,9,49,delivered
1335,Paul  CHI,24-03-2024,Belt,Clothing,6,30,returned
ORD-1336,Mia  PDX,17-05-2024,Dumbbell,Sports,4,$39.99,processing
1337,Alice  NYC,05-09-2024,Jacket,Clothing,1,$89.99,Delivered
1338,Ivy  MIA,06-03-2024,Lamp,Home,4,39,Pending
1339,Alice  NYC,02-02-2024,Chair,Office,2,199,Delivered
1340,Ivy  MIA,03-11-2024,Desk Lamp,Office,4,34.99,RETURNED
1341,Alice  NYC,01/19/2024,Chair,Office,7,199,cancelled
1342,Hank  BOS,02-04-2024,Lamp,Home,3,39.99,returned
1343,Ivy  MIA,23-04-2024,Dumbbell,Sports,6,39.99,cancelled
1344,Jack  PHX,01-03-2024,Whiteboard,Office,5,49,delivered
1345,Sam  SEA,02-03-2024,Yoga Mat,Sports,4,29.99,processing
1346,Bob  LA,18-10-2024,Jacket,Clothing,6,89,pending
1347,Frank  DAL,11/20/24,Lamp,Home,3,40,delivered
1348,Grace  SEA,10-11-2024,Jacket,Clothing,2,$89.99,Pending
ORD-1349,Paul  CHI,06/13/2024,Smartphone,Electronics,6,699.99,cancelled
1350,Alice  NYC,03-07-2024,Sneakers,Clothing,6,75,Pending
1351,Jack  PHX,11-01-2024,Headphones,Electronics,8,89.99,RETURNED
1352,Eve  SF,01-10-2024,Lamp,Home,3,39,cancelled
1353,Eve  SF,12/30/24,Charger,Electronics,2,15,Pending
1354,Ivy  MIA,11/30/24,Yoga Mat,Sports,1,29.99,delivered
1355,Nate  NYC,12/21/24,Smartphone,Electronics,3,$699.99,Delivered
1356,Diana  NYC,11-12-2024,Stapler,Office,2,15.99,Delivered
1357,Diana  NYC,02-07-2024,Dumbbell,Sports,9,$39.99,Delivered
1358,Rose  DAL,12-09-2024,Belt,Clothing,1,29.99,returned
1359,Paul  CHI,11-25-2024,"""Smartphone""",Electronics,2,700,shipped
1360,Jack  PHX,03-07-2024,Mouse,Electronics,1,25,Pending
1361,Diana  NYC,02-07-2024,Laptop,Electronics,3,800,Delivered
1362,Charlie  CHI,19-05-2024,Stapler,Office,7,15,shipped
1363,Frank  DAL,18-10-2024,Keyboard,Electronics,10,45,pending
1364,Leo  DEN,08/13/24,Belt,Clothing,2,29,returned
1365,Karen  ATL,08-12-2024,Running Shoes,Sports,10,$89.99,processing
ORD-1366,Tina  BOS,10-12-2024,Belt,Clothing,7,$29.99,delivered
1367,Frank  DAL,06-13-2024,Clock,Home,2,19,RETURNED
1368,Bob  LA,23-08-2024,Running Shoes,Sports,4,89.99,shipped
1369,Paul  CHI,25-07-2024,Tablet,Electronics,1,349.99,delivered
1370,Alice  NYC,15-04-2024,Resistance Band,Sports,9,12.99,RETURNED
1371,Bob  LA,30-08-2024,Lamp,Home,10,39.99,shipped
1372,Hank  BOS,01-24-2024,Chair,Office,6,199.99,shipped
1373,Nate  NYC,08-22-2024,Dumbbell,Sports,7,$39.99,RETURNED
1374,Nate  NYC,12-03-2024,Yoga Mat,Sports,8,29,processing
1375,Paul  CHI,09-17-2024,Smartphone,Electronics,10,699,pending
1376,Eve  SF,08-02-2024,Resistance Band,Sports,9,12,cancelled
1377,Karen  ATL,06-02-2024,Toaster,Home,10,29.99,RETURNED
1378,Rose  DAL,12-10-2024,Sneakers,Clothing,5,75,pending
1379,Karen  ATL,26-05-2024,Calculator,Office,7,24.99,delivered
1380,Alice  NYC,15-12-2024,Laptop,Electronics,3,800,pending
1381,Jack  PHX,11-11-2024,Yoga Mat,Sports,8,29.99,cancelled
1382,Rose  DAL,17-07-2024,Running Shoes,Sports,1,89,RETURNED
1383,Bob  LA,20-11-2024,Desk Lamp,Office,8,$34.99,processing
1384,Grace  SEA,03/29/2024,Dress,Clothing,2,$49.99,returned
ORD-1385,Nate  NYC,18-06-2024,Stapler,Office,5,15.99,pending
1386,Karen  ATL,07-02-2024,Running Shoes,Sports,10,89.99,RETURNED
1387,Frank  DAL,17-02-2024,Dumbbell,Sports,9,39,cancelled
1388,Karen  ATL,08/31/2024,Desk Lamp,Office,10,34.99,delivered
1389,Leo  DEN,07/14/24,Resistance Band,Sports,1,13,Pending
1390,Jack  PHX,09-06-2024,Jump Rope,Sports,9,9,Delivered
1391,Grace  SEA,01-04-2024,Mouse,Electronics,9,25,cancelled
1392,Grace  SEA,12-17-2024,Blender,Home,7,44.99,delivered
1393,Karen  ATL,02-06-2024,Laptop,Electronics,5,799.99,cancelled
1394,Nate  NYC,09/30/24,Rug,Home,7,89.99,returned
1395,Sam  SEA,17-12-2024,Webcam,Electronics,2,60,returned
1396,Olivia  LA,07/19/2024,Tablet,Electronics,4,$349.99,Delivered
1397,Eve  SF,03-04-2024,Notebook,Office,9,$8.99,delivered
1398,Mia  PDX,07/30/2024,Headphones,Electronics,6,$89.99,
1399,Hank  BOS,08-10-2024,Desk Lamp,Office,10,34.99,processing
1400,Charlie  CHI,12-09-2024,Belt,Clothing,6,$29.99,returned
1401,Charlie  CHI,12/21/2024,Calculator,Office,10,25,pending
1402,Leo  DEN,30-12-2024,"""Toaster""",Home,4,$29.99,Delivered
1403,Eve  SF,09-06-2024,Calculator,Office,6,25,returned
1404,Tina  BOS,11/16/24,Stapler,Office,4,16,returned
1405,Quinn  SF,01/19/2024,Resistance Band,Sports,10,$12.99,Delivered
1406,Rose  DAL,09-03-2024,Socks,Clothing,10,10,processing
1407,Mia  PDX,09-20-2024,Monitor,Electronics,10,$299.99,shipped
1408,Sam  SEA,09-06-2024,Belt,Clothing,1,$29.99,returned
1409,Hank  BOS,21-01-2024,Socks,Clothing,8,9.99,returned
1410,Quinn  SF,11-07-2024,Chair,Office,10,$199.99,RETURNED
1411,Charlie  CHI,06-09-2024,Pillow,Home,6,25,delivered
1412,Eve  SF,03-17-2024,Jeans,Clothing,5,$59.99,pending
1413,Diana  NYC,09-02-2024,Lamp,Home,8,39,pending
1414,Nate  NYC,11/18/2024,Keyboard,Electronics,3,$45.00,delivered
1415,Eve  SF,10/15/24,Stapler,Office,7,15.99,Delivered
1416,Grace  SEA,03/14/2024,Clock,Home,7,19.99,pending
1417,Quinn  SF,12-07-2024,Calculator,Office,2,$24.99,pending
1418,Grace  SEA,02-19-2024,Running Shoes,Sports,3,89.99,shipped
1419,Tina  BOS,12-03-2024,Resistance Band,Sports,2,12,processing
1420,Nate  NYC,03-09-2024,Notebook,Office,7,$8.99,RETURNED
1421,Sam  SEA,05/25/2024,Dress,Clothing,4,49.99,processing
1422,Grace  SEA,07-11-2024,Charger,Electronics,9,14.99,RETURNED
1423,Diana Prince,16-10-2024,Jump Rope,Sports,9,9,Delivered
1424,Mia  PDX,04-09-2024,Clock,Home,9,19.99,Delivered
1425,Mia  PDX,04/19/2024,Monitor,Electronics,3,299.99,Pending
1426,Rose  DAL,15-03-2024,Keyboard,Electronics,1,45,Pending
1427,Ivy  MIA,11-10-2024,"""Charger""",Electronics,7,14,Delivered
1428,Tina  BOS,05-26-2024,Belt,Clothing,4,29.99,delivered
1429,Quinn  SF,12-01-2024,Jacket,Clothing,6,$89.99,pending
1430,Ivy  MIA,01-08-2024,Binder,Office,4,5.99,returned
1431,Rose  DAL,11-06-2024,Whiteboard,Office,5,$49.99,shipped
1432,Sam  SEA,14-09-2024,Hat,Clothing,9,19.99,RETURNED
1433,Quinn  SF,15-10-2024,Resistance Band,Sports,8,12,cancelled
1434,Olivia  LA,07-14-2024,Yoga Mat,Sports,5,29.99,cancelled
1435,Nate  NYC,05/27/24,"""Resistance Band""",Sports,5,$12.99,Pending
1436,Karen  ATL,05-17-2024,Belt,Clothing,4,29.99,cancelled
1437,Grace  SEA,12-11-2024,Dress,Clothing,4,$49.99,pending
1438,Diana  NYC,03-09-2024,Coffee Maker,Home,9,59.99,RETURNED
1439,Sam  SEA,07-22-2024,Toaster,Home,9,N/A,pending
1440,Nate  NYC,08/22/24,Yoga Mat,Sports,7,$29.99,processing
1441,Alice Smith,09-11-2024,Hat,Clothing,6,20,pending
1442,Hank  BOS,17-04-2024,Jump Rope,Sports,8,9,RETURNED
1443,Mia  PDX,05-18-2024,Jacket,Clothing,4,89.99,processing
1444,Mia  PDX,09-12-2024,Belt,Clothing,3,29,processing
1445,Karen  ATL,07/22/24,Chair,Office,10,199.99,pending
1446,Ivy  MIA,07-03-2024,Tablet,Electronics,5,350,processing
1447,Ivy  MIA,10/22/2024,Blender,Home,10,$44.99,processing
1448,Jack  PHX,07/14/2024,Water Bottle,Sports,8,14.99,Delivered
1449,Eve  SF,02-06-2024,Binder,Office,10,5,pending
1450,Karen  ATL,15-08-2024,Chair,Office,7,200,processing
1451,Nate  NYC,04-17-2024,Keyboard,Electronics,5,45,Pending
1452,Charlie  CHI,02-12-2024,"""Coffee Maker""",Home,7,59.99,Delivered
1453,Charlie  CHI,11-16-2024,Blanket,Home,5,34,pending
1454,Frank  DAL,05/19/2024,Whiteboard,Office,8,49.99,shipped
1455,Rose  DAL,09/25/2024,Water Bottle,Sports,10,14,Delivered
ORD-1456,Paul  CHI,20-03-2024,Tablet,Electronics,7,350,delivered
1457,Eve  SF,06-02-2024,Coffee Maker,Home,8,59,Pending
1458,Tina  BOS,11-08-2024,Smartphone,Electronics,7,699.99,cancelled
1459,Mia  PDX,09-11-2024,"""Dress""",Clothing,4,49.99,Delivered
1460,Rose  DAL,05/28/24,Pillow,Home,3,$24.99,shipped
1461,Ivy  MIA,09/30/24,Pillow,Home,3,24.99,pending
1462,Jack  PHX,09-09-2024,Coffee Maker,Home,3,59.99,RETURNED
1463,Paul  CHI,16-05-2024,Coffee Maker,Home,3,59.99,returned
1464,Frank  DAL,16-07-2024,Binder,Office,2,$5.99,cancelled
1465,Bob  LA,18-07-2024,Smartphone,Electronics,4,699,RETURNED
1466,Bob  LA,11-04-2024,Resistance Band,Sports,8,13,delivered
1467,Grace  SEA,10/26/24,Hat,Clothing,3,20,Pending
1468,Alice  NYC,07-09-2024,Running Shoes,Sports,10,$89.99,cancelled
1469,Charlie  CHI,02-24-2024,"""Notebook""",Office,3,8.99,shipped
1470,Rose  DAL,07-02-2024,Calculator,Office,1,24,Delivered
1471,Paul  CHI,10-17-2024,Jump Rope,Sports,8,$9.99,processing
1472,Olivia  LA,18-08-2024,Resistance Band,Sports,9,$12.99,Delivered
1473,Olivia  LA,07-05-2024,Water Bottle,Sports,1,14.99,cancelled
1474,Charlie  CHI,03/19/2024,Water Bottle,Sports,8,14.99,Delivered
1475,Karen  ATL,01-17-2024,"""Running Shoes""",Sports,3,$89.99,returned
1476,Diana Prince,26-01-2024,Clock,Home,10,20,cancelled
1477,Charlie  CHI,11/23/24,Belt,Clothing,2,29,RETURNED
1478,Nate  NYC,06-04-2024,Charger,Electronics,1,14.99,cancelled
1479,Diana Prince,10-18-2024,Hat,Clothing,9,$19.99,processing
1480,Nate  NYC,03-26-2024,Jump Rope,Sports,7,9.99,processing
1481,Karen  ATL,08-10-2024,Resistance Band,Sports,6,13,RETURNED
1482,Nate  NYC,08-10-2024,Desk Lamp,Office,4,34,RETURNED
ORD-1483,Olivia  LA,09-22-2024,Laptop,Electronics,10,799.99,Delivered
1484,Hank  BOS,09/18/2024,Notebook,Office,5,8.99,pending
1485,Olivia  LA,29-04-2024,Dress,Clothing,10,$49.99,Delivered
1486,Mia  PDX,09-06-2024,Jeans,Clothing,8,$59.99,returned
1487,Jack  PHX,27-06-2024,"""Water Bottle""",Sports,1,15,Pending
1488,Diana  NYC,06-05-2024,TShirt,Clothing,7,25,delivered
1489,Sam  SEA,08/16/2024,Running Shoes,Sports,1,89,processing
1490,Nate  NYC,10/19/24,Toaster,Home,2,29,processing
1491,Charlie  CHI,11-04-2024,Toaster,Home,8,29.99,Pending
1492,Grace  SEA,06/14/2024,Dumbbell,Sports,5,39,returned
1493,Nate  NYC,06-05-2024,Desk Lamp,Office,10,34.99,RETURNED
1494,Olivia  LA,16-12-2024,Coffee Maker,Home,4,$59.99,pending
1495,Charlie  CHI,08-01-2024,Monitor,Electronics,3,300,returned
1496,Paul  CHI,07-10-2024,Sneakers,Clothing,9,75,pending
1497,Alice  NYC,04-12-2024,Yoga Mat,Sports,1,30,Delivered
1498,Alice Smith,28-11-2024,Whiteboard,Office,1,50,cancelled
1499,Quinn  SF,02-15-2024,Webcam,Electronics,10,59.99,cancelled
1500,Olivia  LA,19-06-2024,Laptop,Electronics,9,800,Pending
1501,Alice  NYC,05/21/24,Whiteboard,Office,4,49.99,Delivered
1502,Alice  NYC,14-02-2024,Desk Lamp,Office,7,$34.99,processing
1503,Tina  BOS,06-08-2024,Hat,Clothing,3,19,RETURNED
1504,Eve  SF,10-03-2024,Sneakers,Clothing,5,75,pending
1505,Sam  SEA,06-11-2024,Pen Set,Office,2,$12.99,delivered
1506,Nate  NYC,04-06-2024,Calculator,Office,5,$24.99,pending
1507,Tina  BOS,04/28/24,Resistance Band,Sports,10,$12.99,RETURNED
1508,Paul  CHI,17-07-2024,Water Bottle,Sports,6,$14.99,shipped
1509,Grace  SEA,12-09-2024,Coffee Maker,Home,7,$59.99,cancelled
1510,Olivia  LA,07/26/24,Lamp,Home,4,39,Pending
1511,Mia  PDX,25-02-2024,Resistance Band,Sports,1,12.99,shipped
1512,Bob  LA,07/17/2024,Hat,Clothing,1,19.99,delivered
1513,Olivia  LA,11-09-2024,Chair,Office,7,200,processing
1514,Olivia  LA,10/26/2024,Blender,Home,2,$44.99,pending
1515,Karen  ATL,16-02-2024,Belt,Clothing,4,29,RETURNED
1516,Frank  DAL,02/13/2024,Mouse,Electronics,8,25,Pending
1517,Quinn  SF,06/20/2024,Hat,Clothing,1,$19.99,pending
1518,Eve  SF,11-16-2024,USB Hub,Electronics,8,20,returned
1519,Grace  SEA,01-03-2024,Notebook,Office,8,8.99,shipped
1520,Sam  SEA,01-04-2024,Rug,Home,10,89.99,processing
1521,Rose  DAL,01-19-2024,TShirt,Clothing,1,25,delivered
1522,Tina  BOS,10-12-2024,Laptop,Electronics,3,$799.99,processing
1523,Olivia  LA,07-07-2024,"""Notebook""",Office,5,9,returned
1524,Rose  DAL,26-09-2024,Toaster,Home,5,30,processing
1525,Grace  SEA,09-04-2024,Charger,Electronics,9,14.99,Delivered
1526,Karen  ATL,15-10-2024,Resistance Band,Sports,3,12.99,processing
1527,Paul  CHI,03-01-2024,Sneakers,Clothing,4,75,shipped
1528,Diana  NYC,10-13-2024,Hat,Clothing,6,20,delivered
1529,Jack  PHX,01-04-2024,Headphones,Electronics,9,90,RETURNED
1530,Sam  SEA,08/30/24,Keyboard,Electronics,6,45,pending
1531,Olivia  LA,23-09-2024,Jump Rope,Sports,7,9.99,RETURNED
1532,Alice Smith,16-01-2024,"""Whiteboard""",Office,3,50,Pending
1533,Frank  DAL,12/29/24,Toaster,Home,5,30,Delivered
1534,Paul  CHI,25-09-2024,Calculator,Office,5,$24.99,pending
1535,Bob  LA,03-19-2024,Tablet,Electronics,8,349.99,RETURNED
1536,Quinn  SF,12-12-2024,Stapler,Office,2,15.99,cancelled
1537,Olivia  LA,14-02-2024,"""Yoga Mat""",Sports,1,29.99,shipped
1538,Diana  NYC,06-13-2024,Notebook,Office,5,$8.99,cancelled
1539,Rose  DAL,02/28/24,Blender,Home,3,45,processing
1540,Grace  SEA,05-05-2024,Jump Rope,Sports,5,9.99,returned
1541,Karen  ATL,07/15/24,"""Keyboard""",Electronics,1,45,returned
1542,Frank  DAL,01-07-2024,Running Shoes,Sports,8,89.99,RETURNED
1543,Rose  DAL,21-08-2024,"""Toaster""",Home,8,29.99,shipped
1544,Hank  BOS,24-12-2024,Jump Rope,Sports,7,$9.99,
1545,Alice Smith,06/27/2024,Webcam,Electronics,3,60,pending
1546,Mia  PDX,29-09-2024,Webcam,Electronics,2,60,Pending
1547,Hank  BOS,06-23-2024,Dumbbell,Sports,7,39.99,Pending
1548,Nate  NYC,09-06-2024,Desk Lamp,Office,2,34.99,shipped
1549,Diana  NYC,02/25/2024,Dress,Clothing,2,49.99,Pending
1550,Bob  LA,29-09-2024,TShirt,Clothing,3,25,Pending
1551,Olivia  LA,06/25/24,Chair,Office,5,199,delivered
1552,Quinn  SF,01-01-2024,"""Dress""",Clothing,9,49.99,RETURNED
1553,Jack  PHX,30-12-2024,Hat,Clothing,7,20,Pending
1554,Rose  DAL,03-07-2024,Belt,Clothing,9,29,pending
1555,Eve  SF,03-10-2024,Laptop,Electronics,8,799,pending
1556,Nate  NYC,08-05-2024,Water Bottle,Sports,8,14.99,shipped
1557,Hank  BOS,17-05-2024,Yoga Mat,Sports,4,29.99,processing
1558,Bob  LA,09-03-2024,Water Bottle,Sports,2,14.99,pending
1559,Quinn  SF,02-15-2024,Calculator,Office,9,24.99,shipped
1560,Charlie  CHI,09/30/24,Resistance Band,Sports,1,13,shipped
1561,Paul  CHI,03/26/24,Binder,Office,5,6,Delivered
1562,Sam  SEA,14-01-2024,Toaster,Home,5,29.99,shipped
1563,Quinn  SF,05-11-2024,Chair,Office,5,200,returned
1564,Sam  SEA,09-05-2024,Lamp,Home,5,$39.99,processing
1565,Karen  ATL,01-05-2024,Jacket,Clothing,7,89,pending
1566,Leo  DEN,31-08-2024,"""Pen Set""",Office,8,12,shipped
1567,Rose  DAL,07-01-2024,Clock,Home,9,19,shipped
1568,Karen  ATL,08-11-2024,Mouse,Electronics,6,25,RETURNED
1569,Diana Prince,04-09-2024,Water Bottle,Sports,4,14.99,RETURNED
1570,Frank  DAL,02/20/2024,Laptop,Electronics,1,799,returned
1571,Leo  DEN,02/17/24,Chair,Office,1,199.99,cancelled
1572,Diana  NYC,12-02-2024,Mouse,Electronics,3,25,pending
1573,Frank  DAL,20-12-2024,Blender,Home,5,44,Delivered
1574,Charlie  CHI,05-15-2024,USB Hub,Electronics,1,20,shipped
1575,Grace  SEA,04/21/2024,Belt,Clothing,9,29,returned
1576,Ivy  MIA,10-01-2024,Mouse,Electronics,5,25,pending
1577,Alice  NYC,10/21/24,Blanket,Home,6,34,processing
1578,Paul  CHI,18-12-2024,Blender,Home,1,44,returned
1579,Leo  DEN,30-09-2024,"""Binder""",Office,2,6,returned
1580,Jack  PHX,22-12-2024,TShirt,Clothing,4,25,returned
1581,Leo  DEN,10-30-2024,Pillow,Home,4,24.99,shipped
1582,Rose  DAL,06/22/24,Clock,Home,1,19.99,RETURNED
ORD-1583,Bob  LA,10-23-2024,Belt,Clothing,9,$29.99,returned
1584,Eve  SF,05-04-2024,Tablet,Electronics,10,349.99,delivered
1585,Bob  LA,02/24/24,Tablet,Electronics,10,349.99,shipped
1586,Tina  BOS,03-02-2024,Hat,Clothing,7,20,processing
1587,Grace  SEA,13-03-2024,Dumbbell,Sports,2,40,pending
1588,Rose  DAL,03/21/24,TShirt,Clothing,10,25,shipped
1589,Alice Smith,12-20-2024,Charger,Electronics,7,14,cancelled
1590,Ivy  MIA,11-01-2024,Pillow,Home,10,24.99,shipped
1591,Charlie  CHI,04-08-2024,Whiteboard,Office,9,$49.99,processing
1592,Tina  BOS,01-28-2024,Resistance Band,Sports,4,13,returned
1593,Paul  CHI,17-04-2024,"""TShirt""",Clothing,6,25,Delivered
1594,Olivia  LA,09/20/24,Smartphone,Electronics,1,699,returned
1595,Olivia  LA,26-02-2024,Binder,Office,6,$5.99,cancelled
1596,Nate  NYC,28-01-2024,"""Pillow""",Home,10,24,pending
1597,Tina  BOS,05-18-2024,Lamp,Home,4,40,RETURNED
1598,Sam  SEA,28-03-2024,Jeans,Clothing,8,59,cancelled
1599,Tina  BOS,14-02-2024,Dumbbell,Sports,9,$39.99,processing
1600,Grace  SEA,06-05-2024,"""Blanket""",Home,7,$34.99,Pending
1601,Sam  SEA,08/28/2024,Yoga Mat,Sports,1,29.99,delivered
1602,Mia  PDX,07-01-2024,Tablet,Electronics,2,349.99,cancelled
1603,Jack  PHX,26-12-2024,Laptop,Electronics,5,$799.99,delivered
1604,Olivia  LA,12/26/24,Toaster,Home,6,29,returned
1605,Karen  ATL,10-21-2024,Binder,Office,10,5.99,returned
1606,Karen  ATL,26-02-2024,Smartphone,Electronics,6,699.99,RETURNED
1607,Bob  LA,06-20-2024,Jeans,Clothing,4,$59.99,processing
1608,Paul  CHI,29-06-2024,Running Shoes,Sports,4,90,processing
1609,Ivy  MIA,03-03-2024,Whiteboard,Office,9,49.99,processing
1610,Rose  DAL,08/22/24,Lamp,Home,2,$39.99,returned
1611,Frank  DAL,09-11-2024,Mouse,Electronics,2,$25.00,cancelled
1612,Alice Smith,11/26/24,Dumbbell,Sports,7,39,Delivered
1613,Alice  NYC,09-05-2024,Socks,Clothing,6,10,processing
1614,Olivia  LA,05-13-2024,Dumbbell,Sports,5,$39.99,shipped
1615,Jack  PHX,11-12-2024,Keyboard,Electronics,8,$45.00,processing
1616,Frank  DAL,10-21-2024,Jacket,Clothing,1,90,shipped
1617,Frank  DAL,08/17/2024,Webcam,Electronics,3,60,pending
1618,Diana  NYC,03/20/24,Clock,Home,8,20,processing
1619,Karen  ATL,16-10-2024,Calculator,Office,10,$24.99,RETURNED
1620,Paul  CHI,22-04-2024,Jeans,Clothing,7,59.99,RETURNED
1621,Bob  LA,01-12-2024,Sneakers,Clothing,5,$75.00,processing
1622,Charlie  CHI,09/18/24,Pillow,Home,10,24.99,RETURNED
1623,Nate  NYC,08/16/2024,Notebook,Office,6,9,returned
1624,Olivia  LA,03-12-2024,Clock,Home,7,19,returned
1625,Jack  PHX,02/15/24,"""Jump Rope""",Sports,10,9,Pending
1626,Ivy  MIA,05-04-2024,Water Bottle,Sports,3,$14.99,Delivered
1627,Bob  LA,01/14/24,Chair,Office,8,$199.99,pending
1628,Paul  CHI,02-03-2024,Binder,Office,4,5.99,shipped
1629,Charlie  CHI,12/21/24,Calculator,Office,5,24,RETURNED
1630,Sam  SEA,08-24-2024,Stapler,Office,3,16,RETURNED
1631,Ivy  MIA,09-20-2024,Notebook,Office,9,8.99,pending
1632,Tina  BOS,16-12-2024,Jump Rope,Sports,5,10,returned
1633,Leo  DEN,29-07-2024,Keyboard,Electronics,6,45,pending
1634,Eve  SF,03-08-2024,Jeans,Clothing,2,59.99,shipped
1635,Leo  DEN,03-01-2024,Lamp,Home,5,39.99,pending
ORD-1636,Eve  SF,12/19/24,Stapler,Office,2,15,returned
1637,Paul  CHI,31-01-2024,Monitor,Electronics,9,299.99,returned
1638,Bob  LA,10-27-2024,Mouse,Electronics,10,$25.00,pending
1639,Alice Smith,05-03-2024,Whiteboard,Office,9,49.99,returned
1640,Sam  SEA,10-02-2024,Dumbbell,Sports,5,$39.99,returned
1641,Quinn  SF,12-10-2024,Lamp,Home,3,39,pending
1642,Mia  PDX,08/26/24,Dumbbell,Sports,6,39.99,processing
1643,Leo  DEN,29-02-2024,"""Running Shoes""",Sports,6,89,Delivered
1644,Jack  PHX,04-06-2024,Pillow,Home,5,24,shipped
1645,Leo  DEN,03-02-2024,Blender,Home,9,44.99,Pending
1646,Sam  SEA,04-12-2024,Jeans,Clothing,4,60,Pending
1647,Nate  NYC,08/31/2024,Chair,Office,7,200,Pending
1648,Quinn  SF,04-28-2024,Blender,Home,8,44,delivered
1649,Bob  LA,13-12-2024,Coffee Maker,Home,7,59.99,pending
1650,Tina  BOS,30-05-2024,Smartphone,Electronics,8,$699.99,shipped
1651,Rose  DAL,01-03-2024,"""Resistance Band""",Sports,1,12,shipped
1652,Mia  PDX,08-09-2024,Laptop,Electronics,5,$799.99,pending
1653,Mia  PDX,19-10-2024,Charger,Electronics,9,14.99,shipped
1654,Frank  DAL,12-12-2024,Blanket,Home,7,34.99,Delivered
1655,Alice  NYC,16-11-2024,Socks,Clothing,10,9.99,Pending
1656,Leo  DEN,30-04-2024,"""Lamp""",Home,4,$39.99,returned
1657,Charlie  CHI,20-01-2024,Webcam,Electronics,9,60,Pending
1658,Nate  NYC,18-07-2024,Coffee Maker,Home,7,59.99,returned
1659,Diana  NYC,10-11-2024,Socks,Clothing,6,$9.99,RETURNED
1660,Grace  SEA,06-01-2024,Smartphone,Electronics,5,699.99,Pending
1661,Tina  BOS,02-04-2024,"""Charger""",Electronics,6,15,processing
1662,Grace  SEA,12-05-2024,Headphones,Electronics,5,89,RETURNED
1663,Mia  PDX,01-10-2024,Water Bottle,Sports,9,$14.99,pending
1664,Grace  SEA,08-10-2024,Blanket,Home,9,34.99,delivered
1665,Leo  DEN,29-07-2024,Jacket,Clothing,5,89,returned
1666,Nate  NYC,07-26-2024,Stapler,Office,10,$15.99,returned
1667,Alice Smith,11/27/24,Calculator,Office,7,24,cancelled
1668,Eve  SF,01-11-2024,Stapler,Office,1,15,returned
1669,Jack  PHX,03-12-2024,Lamp,Home,2,39,returned
1670,Quinn  SF,09-11-2024,Running Shoes,Sports,9,90,cancelled
1671,Karen  ATL,04-21-2024,Running Shoes,Sports,4,89,returned
1672,Ivy  MIA,06-11-2024,Notebook,Office,6,8.99,Pending
1673,Hank  BOS,01-11-2024,Socks,Clothing,6,10,delivered
1674,Bob  LA,12/16/24,Dress,Clothing,5,50,processing
1675,Olivia  LA,04-17-2024,Blanket,Home,4,35,shipped
1676,Nate  NYC,30-07-2024,Pen Set,Office,8,12,Pending
1677,Diana  NYC,16-06-2024,Pen Set,Office,10,12.99,delivered
1678,Frank  DAL,10/21/24,TShirt,Clothing,5,25,returned
1679,Quinn  SF,09-01-2024,Hat,Clothing,6,19,Delivered
ORD-1680,Sam  SEA,20-07-2024,"""Desk Lamp""",Office,6,$34.99,cancelled
ORD-1681,Alice  NYC,11-04-2024,Running Shoes,Sports,2,89,pending
1682,Tina  BOS,10/17/24,"""Stapler""",Office,6,$15.99,delivered
1683,Nate  NYC,16-05-2024,Clock,Home,4,$19.99,shipped
1684,Nate  NYC,08-02-2024,Dumbbell,Sports,5,$39.99,Pending
ORD-1685,Alice Smith,25-10-2024,Desk Lamp,Office,4,35,returned
1686,Eve  SF,05-11-2024,Pillow,Home,7,24.99,returned
1687,Bob  LA,12/29/24,Belt,Clothing,10,29.99,delivered
1688,Tina  BOS,10-24-2024,Lamp,Home,9,39.99,Delivered
1689,Paul  CHI,13-03-2024,"""Toaster""",Home,9,29,returned
1690,Eve  SF,09-11-2024,Whiteboard,Office,5,50,processing
1691,Frank  DAL,04-06-2024,Toaster,Home,8,29.99,delivered
1692,Bob  LA,14-08-2024,Belt,Clothing,8,29.99,processing
1693,Paul  CHI,04-02-2024,Jeans,Clothing,4,60,processing
1694,Sam  SEA,10-19-2024,Dumbbell,Sports,1,39.99,Pending
1695,Hank  BOS,07-10-2024,"""Webcam""",Electronics,2,59,returned
1696,Eve  SF,12-02-2024,Clock,Home,5,19.99,RETURNED
1697,Tina  BOS,06/14/24,Stapler,Office,1,16,returned
1698,Tina  BOS,01-11-2024,Blanket,Home,,34.99,pending
1699,Mia  PDX,12/16/2024,Jeans,Clothing,7,60,pending
1700,Diana  NYC,05/17/2024,Dumbbell,Sports,7,39,Pending
1701,Nate  NYC,01/21/2024,Dumbbell,Sports,7,39.99,RETURNED
1702,Hank  BOS,28-05-2024,Belt,Clothing,9,29.99,Pending
1703,Paul  CHI,05/31/2024,Dress,Clothing,9,49,delivered
1704,Bob  LA,09-05-2024,Water Bottle,Sports,8,14.99,Delivered
1705,Quinn  SF,12-02-2024,Toaster,Home,7,29.99,Delivered
1706,Olivia  LA,04-04-2024,Blanket,Home,3,$34.99,Delivered
1707,Diana  NYC,01-12-2024,Laptop,Electronics,1,$799.99,shipped
ORD-1708,Tina  BOS,02-14-2024,Whiteboard,Office,7,50,pending
1709,Diana  NYC,08-11-2024,TShirt,Clothing,3,$25.00,cancelled
1710,Olivia  LA,05-09-2024,Coffee Maker,Home,3,59,delivered
1711,Sam  SEA,18-11-2024,"""Binder""",Office,1,5.99,Pending
1712,Sam  SEA,09/19/2024,"""Jump Rope""",Sports,7,9,shipped
1713,Bob  LA,08/30/24,Lamp,Home,5,39,shipped
1714,Leo  DEN,25-06-2024,Coffee Maker,Home,4,59,cancelled
1715,Sam  SEA,01-08-2024,Calculator,Office,5,24,shipped
1716,Frank  DAL,04-12-2024,Pen Set,Office,3,$12.99,shipped
1717,Nate  NYC,10-01-2024,Blanket,Home,9,34.99,Delivered
1718,Frank  DAL,02/28/2024,Yoga Mat,Sports,6,29,cancelled
1719,Hank  BOS,03/18/2024,Whiteboard,Office,9,50,returned
1720,Olivia  LA,10/14/24,Mouse,Electronics,10,25,processing
1721,Diana  NYC,09-12-2024,Stapler,Office,8,15.99,pending
1722,Karen  ATL,05-05-2024,Monitor,Electronics,7,299.99,RETURNED
1723,Frank  DAL,28-09-2024,Binder,Office,4,$5.99,cancelled
1724,Nate  NYC,16-01-2024,Clock,Home,9,20,pending
1725,Quinn  SF,01-02-2024,Webcam,Electronics,3,59,delivered
1726,Eve  SF,12/14/2024,Smartphone,Electronics,7,699,Delivered
1727,Karen  ATL,24-12-2024,Headphones,Electronics,10,$89.99,shipped
ORD-1728,Rose  DAL,11-04-2024,Running Shoes,Sports,6,89,returned
1729,Karen  ATL,06-08-2024,Dress,Clothing,9,49.99,RETURNED
1730,Frank  DAL,09/15/24,Resistance Band,Sports,5,12,delivered
1731,Ivy  MIA,06-01-2024,"""Pen Set""",Office,2,12,delivered
1732,Hank  BOS,29-04-2024,Resistance Band,Sports,9,12.99,Delivered
1733,Sam  SEA,08-04-2024,Pillow,Home,9,24.99,shipped
1734,Nate  NYC,19-04-2024,"""Mouse""",Electronics,3,25,returned
1735,Quinn  SF,12-09-2024,Resistance Band,Sports,5,12.99,shipped
1736,Paul  CHI,30-12-2024,Toaster,Home,3,29,pending
1737,Quinn  SF,13-10-2024,Monitor,Electronics,1,$299.99,returned
1738,Nate  NYC,09-07-2024,"""Chair""",Office,3,199.99,RETURNED
1739,Paul  CHI,05-06-2024,Jacket,Clothing,7,89.99,cancelled
1740,Paul  CHI,09-03-2024,"""Jump Rope""",Sports,1,9,Delivered
1741,Karen  ATL,18-08-2024,Toaster,Home,9,29,pending
ORD-1742,Karen  ATL,21-07-2024,Running Shoes,Sports,7,$89.99,processing
1743,Olivia  LA,10/14/24,Keyboard,Electronics,10,45,processing
1744,Tina  BOS,01-10-2024,Charger,Electronics,8,14.99,processing
1745,Alice Smith,02/13/2024,Sneakers,Clothing,10,75,RETURNED
1746,Bob  LA,27-09-2024,Webcam,Electronics,7,59.99,Pending
1747,Diana  NYC,02-15-2024,Dumbbell,Sports,3,40,Delivered
1748,Frank  DAL,07/18/24,"""Stapler""",Office,1,16,RETURNED
1749,Karen  ATL,01-05-2024,Laptop,Electronics,10,799.99,processing
1750,Mia  PDX,03-02-2024,Notebook,Office,9,8,delivered
1751,Hank  BOS,05-06-2024,Headphones,Electronics,10,89.99,pending
1752,Nate  NYC,10-03-2024,Dumbbell,Sports,3,40,cancelled
1753,Nate  NYC,05-28-2024,"""Water Bottle""",Sports,8,14.99,delivered
1754,Paul  CHI,18-09-2024,Binder,Office,4,5.99,delivered
1755,Rose  DAL,11-10-2024,Pen Set,Office,2,$12.99,Pending
1756,Quinn  SF,05-05-2024,Whiteboard,Office,8,50,RETURNED
1757,Tina  BOS,12-10-2024,TShirt,Clothing,1,25,Pending
1758,Paul  CHI,16-01-2024,Yoga Mat,Sports,2,29.99,returned
1759,Mia  PDX,24-08-2024,Binder,Office,1,5.99,cancelled
1760,Hank  BOS,04-23-2024,Whiteboard,Office,10,50,shipped
1761,Bob  LA,05/22/2024,"""Dumbbell""",Sports,7,39.99,processing
1762,Rose  DAL,02-03-2024,Running Shoes,Sports,10,$89.99,pending
1763,Eve  SF,12/13/24,Dumbbell,Sports,5,$39.99,processing
1764,Rose  DAL,09-08-2024,USB Hub,Electronics,1,20,Delivered
1765,Quinn  SF,22-05-2024,Notebook,Office,4,8.99,processing
1766,Alice  NYC,19-12-2024,Pen Set,Office,1,$12.99,returned
1767,Grace  SEA,02-09-2024,Pen Set,Office,2,12.99,delivered
1768,Karen  ATL,06/19/2024,Jeans,Clothing,6,59.99,cancelled
1769,Tina  BOS,18-01-2024,Tablet,Electronics,2,349.99,RETURNED
1770,Charlie  CHI,02-03-2024,"""Tablet""",Electronics,10,349,delivered
1771,Jack  PHX,11-02-2024,Blender,Home,7,$44.99,delivered
1772,Olivia  LA,21-09-2024,Resistance Band,Sports,1,12,cancelled
1773,Alice  NYC,03-05-2024,Charger,Electronics,4,14.99,Delivered
1774,Paul  CHI,06-03-2024,Toaster,Home,1,29.99,Pending
1775,Leo  DEN,24-06-2024,Dumbbell,Sports,5,39.99,RETURNED
1776,Quinn  SF,04-08-2024,TShirt,Clothing,9,25,cancelled
1777,Grace  SEA,20-12-2024,Desk Lamp,Office,8,34.99,RETURNED
1778,Nate  NYC,04/22/24,Tablet,Electronics,1,349,cancelled
1779,Olivia  LA,15-04-2024,Belt,Clothing,6,29,pending
1780,Alice  NYC,28-05-2024,"""Webcam""",Electronics,2,$59.99,cancelled
1781,Leo  DEN,05-14-2024,Monitor,Electronics,3,$299.99,RETURNED
1782,Hank  BOS,12-12-2024,Keyboard,Electronics,2,45,Pending
1783,Diana  NYC,12-04-2024,Dress,Clothing,6,50,processing
1784,Tina  BOS,04-08-2024,Mouse,Electronics,3,$25.00,Pending
1785,Karen  ATL,01-10-2024,TShirt,Clothing,10,$25.00,pending
1786,Bob  LA,04/17/24,Stapler,Office,10,15,shipped
1787,Tina  BOS,09-12-2024,Water Bottle,Sports,9,15,shipped
1788,Leo  DEN,11/22/2024,Clock,Home,10,19,delivered
1789,Grace  SEA,10-19-2024,Hat,Clothing,7,19,RETURNED
1790,Charlie  CHI,10/25/24,Headphones,Electronics,6,$89.99,shipped
1791,Karen  ATL,19-05-2024,Rug,Home,8,90,delivered
1792,Hank  BOS,09/19/2024,Webcam,Electronics,5,59.99,returned
1793,Hank  BOS,10-04-2024,"""Webcam""",Electronics,4,60,Delivered
1794,Ivy  MIA,05-01-2024,Dumbbell,Sports,9,40,Delivered
1795,Mia  PDX,07-22-2024,"""Running Shoes""",Sports,9,$89.99,cancelled
1796,Grace  SEA,06/23/24,Resistance Band,Sports,8,12,RETURNED
1797,Nate  NYC,07-10-2024,Pillow,Home,9,24.99,pending
1798,Alice  NYC,12/19/2024,Whiteboard,Office,7,49,Delivered
1799,Alice  NYC,11/18/2024,Keyboard,Electronics,6,45,Pending
1800,Grace  SEA,06/17/2024,Smartphone,Electronics,8,699.99,shipped
1801,Jack  PHX,01-14-2024,Smartphone,Electronics,10,699,cancelled
ORD-1802,Mia  PDX,30-01-2024,Dress,Clothing,2,49,processing
1803,Karen  ATL,01-10-2024,Rug,Home,2,$89.99,shipped
1804,Mia  PDX,29-12-2024,Jacket,Clothing,5,89,pending
1805,Jack  PHX,01-04-2024,Running Shoes,Sports,5,$89.99,shipped
1806,Mia  PDX,08/24/2024,Socks,Clothing,8,9,delivered
1807,Jack  PHX,11-09-2024,Lamp,Home,5,39,Pending
1808,Tina  BOS,18-02-2024,Rug,Home,3,N/A,delivered
1809,Frank  DAL,09-09-2024,Jump Rope,Sports,2,$9.99,processing
1810,Leo  DEN,08-18-2024,Smartphone,Electronics,6,699,Delivered
1811,Bob  LA,07/22/24,Tablet,Electronics,7,$349.99,delivered
1812,Eve  SF,12-02-2024,Clock,Home,2,19.99,shipped
1813,Ivy  MIA,03-04-2024,TShirt,Clothing,3,25,Pending
1814,Alice  NYC,12-11-2024,Belt,Clothing,4,29.99,cancelled
1815,Bob  LA,19-12-2024,Running Shoes,Sports,2,89,shipped
1816,Alice Smith,04-12-2024,Pillow,Home,6,$24.99,delivered
1817,Alice  NYC,03/26/24,Jeans,Clothing,2,$59.99,Pending
1818,Karen  ATL,03-02-2024,Sneakers,Clothing,7,75,cancelled
1819,Karen  ATL,04/22/24,"""Lamp""",Home,4,39,Delivered
1820,Leo  DEN,02/22/2024,Hat,Clothing,10,19,pending
1821,Diana  NYC,04-02-2024,Toaster,Home,6,29,delivered
ORD-1822,Sam  SEA,12/26/24,Running Shoes,Sports,9,89.99,cancelled
1823,Diana  NYC,10-07-2024,Pillow,Home,1,$24.99,Delivered
1824,Mia  PDX,06-17-2024,Monitor,Electronics,10,299,Delivered
1825,Bob  LA,06-24-2024,Blanket,Home,,35,cancelled
1826,Hank  BOS,11/18/24,Hat,Clothing,3,19,returned
1827,Charlie  CHI,03/29/2024,Keyboard,Electronics,3,45,processing
1828,Grace  SEA,04-11-2024,USB Hub,Electronics,5,$19.99,Pending
1829,Hank  BOS,09-03-2024,Water Bottle,Sports,4,15,RETURNED
1830,Frank  DAL,14-07-2024,Rug,Home,8,89.99,returned
1831,Jack  PHX,20-08-2024,Jacket,Clothing,8,90,Pending
1832,Paul  CHI,01-07-2024,Belt,Clothing,4,29.99,RETURNED
1833,Nate  NYC,07/28/24,Binder,Office,10,5.99,returned
1834,Sam  SEA,29-12-2024,Blanket,Home,6,34.99,RETURNED
1835,Mia  PDX,12-23-2024,Sneakers,Clothing,6,75,Delivered
1836,Eve  SF,02/29/24,Resistance Band,Sports,3,12.99,Pending
1837,Sam  SEA,06-08-2024,Smartphone,Electronics,7,$699.99,Delivered
1838,Rose  DAL,11/21/2024,Blanket,Home,2,34.99,RETURNED
1839,Ivy  MIA,01-01-2024,"""Blanket""",Home,3,34,returned
1840,Nate  NYC,12-26-2024,Binder,Office,6,$5.99,cancelled
1841,Quinn  SF,08-04-2024,Pillow,Home,1,$24.99,Pending
ORD-1842,Tina  BOS,05/21/24,Jeans,Clothing,7,59.99,RETURNED
1843,Hank  BOS,01/22/24,"""Laptop""",Electronics,1,799.99,cancelled
1844,Alice  NYC,05-11-2024,Jump Rope,Sports,8,10,RETURNED
1845,Karen  ATL,30-01-2024,Socks,Clothing,7,9.99,RETURNED
1846,Alice  NYC,05-23-2024,"""Toaster""",Home,2,29.99,RETURNED
1847,Paul  CHI,20-11-2024,TShirt,Clothing,6,25,delivered
1848,Karen  ATL,27-06-2024,Belt,Clothing,10,29.99,shipped
1849,Diana  NYC,09/15/24,Desk Lamp,Office,9,34.99,pending
1850,Charlie  CHI,09-03-2024,Water Bottle,Sports,8,14.99,cancelled
1851,Frank  DAL,16-06-2024,Mouse,Electronics,1,$25.00,Delivered
1852,Ivy  MIA,20-12-2024,Keyboard,Electronics,8,45,cancelled
1853,Tina  BOS,08-11-2024,Binder,Office,7,5.99,cancelled
1854,Jack  PHX,20-10-2024,Webcam,Electronics,4,59.99,pending
1855,Mia  PDX,17-07-2024,"""Headphones""",Electronics,9,$89.99,RETURNED
1856,Eve  SF,02-10-2024,Resistance Band,Sports,7,12.99,RETURNED
1857,Jack  PHX,12-06-2024,Clock,Home,5,$19.99,RETURNED
1858,Diana Prince,29-05-2024,Water Bottle,Sports,4,14,delivered
1859,Karen  ATL,06-09-2024,Sneakers,Clothing,1,$75.00,Delivered
1860,Frank  DAL,19-07-2024,Water Bottle,Sports,8,15,returned
1861,Jack  PHX,28-01-2024,"""Hat""",Clothing,6,19.99,shipped
1862,Sam  SEA,04-10-2024,Blanket,Home,4,$34.99,RETURNED
1863,Sam  SEA,01/29/24,Hat,Clothing,7,$19.99,RETURNED
ORD-1864,Frank  DAL,17-03-2024,Smartphone,Electronics,10,699,cancelled
1865,Hank  BOS,25-08-2024,Stapler,Office,7,15.99,Delivered
1866,Olivia  LA,04/25/24,"""Mouse""",Electronics,8,25,shipped
1867,Diana  NYC,10-19-2024,Hat,Clothing,7,20,returned
1868,Rose  DAL,09-07-2024,USB Hub,Electronics,9,19.99,processing
1869,Rose  DAL,11-02-2024,Monitor,Electronics,2,$299.99,delivered
1870,Karen  ATL,05-11-2024,Sneakers,Clothing,2,75,returned
1871,Quinn  SF,06-02-2024,Dumbbell,Sports,1,$39.99,processing
1872,Jack  PHX,06/29/2024,Toaster,Home,6,29.99,processing
1873,Diana  NYC,04-20-2024,"""Monitor""",Electronics,3,300,processing
1874,Leo  DEN,07-14-2024,"""Water Bottle""",Sports,5,15,Pending
1875,Ivy  MIA,31-12-2024,"""Sneakers""",Clothing,5,$75.00,processing
1876,Nate  NYC,09-02-2024,Binder,Office,10,$5.99,returned
ORD-1877,Rose  DAL,03-15-2024,Pen Set,Office,6,13,Delivered
1878,Mia  PDX,26-09-2024,Hat,Clothing,2,$19.99,shipped
1879,Leo  DEN,11-06-2024,Chair,Office,1,$199.99,pending
1880,Rose  DAL,12/17/2024,Clock,Home,5,19.99,pending
1881,Eve  SF,12/13/2024,Notebook,Office,6,$8.99,Pending
1882,Frank  DAL,09-23-2024,Calculator,Office,5,24,Delivered
1883,Charlie  CHI,05-02-2024,Lamp,Home,2,39.99,pending
1884,Charlie  CHI,12-12-2024,Water Bottle,Sports,1,14,pending
1885,Quinn  SF,04-07-2024,Running Shoes,Sports,1,89.99,Pending
1886,Leo  DEN,03/27/2024,Running Shoes,Sports,10,89,cancelled
1887,Leo  DEN,07-13-2024,Jump Rope,Sports,7,9,RETURNED
1888,Karen  ATL,05-15-2024,Jeans,Clothing,8,60,delivered
1889,Sam  SEA,30-01-2024,Notebook,Office,10,8,delivered
1890,Karen  ATL,06/30/24,Laptop,Electronics,3,799,returned
1891,Grace  SEA,20-03-2024,Dumbbell,Sports,8,39.99,cancelled
1892,Leo  DEN,12-08-2024,Toaster,Home,5,29.99,pending
1893,Nate  NYC,21-07-2024,Jeans,Clothing,1,$59.99,RETURNED
1894,Frank  DAL,09-10-2024,Blanket,Home,8,34.99,RETURNED
1895,Mia  PDX,03-05-2024,Toaster,Home,2,29.99,RETURNED
1896,Hank  BOS,02-09-2024,Binder,Office,1,5,Delivered
1897,Nate  NYC,12-24-2024,Jacket,Clothing,2,90,Pending
1898,Diana  NYC,04/27/24,Resistance Band,Sports,10,$12.99,pending
1899,Ivy  MIA,27-01-2024,"""Hat""",Clothing,4,19.99,Pending
1900,Hank  BOS,06-04-2024,"""Clock""",Home,7,19.99,Delivered
1901,Leo  DEN,01-01-2024,Socks,Clothing,3,9.99,RETURNED
1902,Paul  CHI,05-07-2024,Yoga Mat,Sports,5,29,Delivered
1903,Alice  NYC,09/27/2024,Socks,Clothing,6,9.99,RETURNED
1904,Ivy  MIA,03-02-2024,Blender,Home,3,44.99,cancelled
ORD-1905,Olivia  LA,04/13/2024,Smartphone,Electronics,5,699,pending
1906,Grace  SEA,08-11-2024,Whiteboard,Office,8,49.99,shipped
1907,Quinn  SF,01/24/2024,Dress,Clothing,3,50,delivered
1908,Grace  SEA,25-03-2024,Clock,Home,9,19.99,processing
1909,Mia  PDX,04/21/2024,Desk Lamp,Office,3,34.99,delivered
1910,Quinn  SF,28-12-2024,Jump Rope,Sports,4,10,processing
1911,Hank  BOS,09-03-2024,"""Dress""",Clothing,3,50,delivered
1912,Hank  BOS,07-07-2024,"""Jeans""",Clothing,6,59.99,returned
1913,Rose  DAL,01/30/24,Hat,Clothing,5,20,RETURNED
1914,Ivy  MIA,18-12-2024,Smartphone,Electronics,10,699.99,Delivered
1915,Tina  BOS,18-11-2024,Pillow,Home,4,24.99,pending
1916,Nate  NYC,03-31-2024,Blender,Home,8,$44.99,shipped
1917,Frank  DAL,12/17/2024,Headphones,Electronics,3,89,cancelled
1918,Charlie  CHI,01-07-2024,Rug,Home,9,$89.99,returned
1919,Alice Smith,03/14/2024,Laptop,Electronics,2,800,delivered
1920,Alice  NYC,04-13-2024,Smartphone,Electronics,6,699.99,shipped
1921,Olivia  LA,05-10-2024,Whiteboard,Office,4,49.99,processing
1922,Bob  LA,01-01-2024,Pen Set,Office,7,$12.99,delivered
1923,Mia  PDX,09-08-2024,Desk Lamp,Office,7,34.99,returned
1924,Jack  PHX,11-05-2024,Jump Rope,Sports,2,9.99,pending
1925,Karen  ATL,26-05-2024,Toaster,Home,5,29.99,returned
1926,Paul  CHI,06-12-2024,Pen Set,Office,3,$12.99,Pending
1927,Paul  CHI,16-02-2024,Charger,Electronics,5,$14.99,pending
1928,Mia  PDX,21-11-2024,Rug,Home,7,89.99,pending
1929,Hank  BOS,10-01-2024,Water Bottle,Sports,8,14.99,Pending
1930,Nate  NYC,09-01-2024,Jeans,Clothing,1,$59.99,processing
1931,Eve  SF,08-23-2024,Webcam,Electronics,3,60,processing
1932,Nate  NYC,07-12-2024,TShirt,Clothing,2,$25.00,Pending
1933,Diana  NYC,16-03-2024,Tablet,Electronics,3,349.99,pending
1934,Charlie  CHI,27-09-2024,Toaster,Home,8,$29.99,shipped
1935,Karen  ATL,11-05-2024,Headphones,Electronics,1,89.99,processing
1936,Mia  PDX,12-29-2024,Blanket,Home,9,35,Pending
1937,Ivy  MIA,07/24/2024,Water Bottle,Sports,3,$14.99,delivered
1938,Frank  DAL,09-06-2024,Resistance Band,Sports,8,12,Pending
1939,Leo  DEN,04-11-2024,Dress,Clothing,2,50,delivered
1940,Frank  DAL,10-09-2024,Monitor,Electronics,5,$299.99,delivered
1941,Charlie  CHI,25-01-2024,Yoga Mat,Sports,8,29.99,returned
1942,Alice  NYC,07-01-2024,Binder,Office,6,5,returned
1943,Quinn  SF,10/27/24,TShirt,Clothing,7,25,Delivered
1944,Olivia  LA,09/13/2024,Monitor,Electronics,3,$299.99,processing
1945,Karen  ATL,21-01-2024,Socks,Clothing,10,9,cancelled
1946,Tina  BOS,06-07-2024,"""Belt""",Clothing,1,$29.99,returned
1947,Olivia  LA,06/29/24,"""Stapler""",Office,10,16,returned
ORD-1948,Olivia  LA,03-04-2024,Blanket,Home,8,$34.99,shipped
1949,Jack  PHX,15-11-2024,Running Shoes,Sports,6,89.99,RETURNED
1950,Nate  NYC,12/24/2024,Notebook,Office,1,$8.99,delivered
1951,Diana Prince,08/24/24,Hat,Clothing,4,19,RETURNED
1952,Rose  DAL,08-09-2024,"""Blender""",Home,2,44,Pending
1953,Karen  ATL,22-05-2024,Water Bottle,Sports,8,14.99,delivered
1954,Paul  CHI,01-02-2024,Socks,Clothing,10,9,Pending
1955,Grace  SEA,03/13/24,USB Hub,Electronics,3,19.99,Delivered
1956,Jack  PHX,01/28/24,Rug,Home,5,$89.99,Pending
1957,Jack  PHX,22-12-2024,Binder,Office,9,$5.99,RETURNED
1958,Sam  SEA,02-09-2024,Smartphone,Electronics,10,$699.99,pending
1959,Karen  ATL,11-12-2024,Toaster,Home,6,29.99,Delivered
1960,Alice  NYC,01-19-2024,Belt,Clothing,10,29.99,cancelled
1961,Rose  DAL,12/13/2024,Water Bottle,Sports,4,$14.99,delivered
1962,Leo  DEN,29-07-2024,Pen Set,Office,8,12,RETURNED
1963,Nate  NYC,07-10-2024,Pen Set,Office,8,12,processing
1964,Rose  DAL,02/14/24,Binder,Office,10,5.99,returned
1965,Tina  BOS,21-02-2024,Tablet,Electronics,10,349.99,processing
1966,Bob  LA,07/14/24,Pillow,Home,8,24.99,cancelled
1967,Diana  NYC,07-10-2024,Rug,Home,7,89.99,processing
1968,Ivy  MIA,01-08-2024,"""Pillow""",Home,7,24.99,pending
1969,Quinn  SF,05-03-2024,Jump Rope,Sports,10,9,Pending
1970,Mia  PDX,25-07-2024,Water Bottle,Sports,7,$14.99,processing
1971,Hank  BOS,10-10-2024,Jeans,Clothing,7,60,RETURNED
ORD-1972,Charlie  CHI,02-10-2024,Charger,Electronics,10,14.99,Pending
1973,Eve  SF,04-09-2024,Stapler,Office,4,16,cancelled
1974,Mia  PDX,11/22/2024,"""Headphones""",Electronics,3,89.99,returned
1975,Tina  BOS,09-02-2024,Dress,Clothing,3,49.99,RETURNED
1976,Grace  SEA,17-04-2024,Coffee Maker,Home,8,59.99,Pending
1977,Olivia  LA,11/19/2024,"""Dress""",Clothing,3,49.99,delivered
1978,Karen  ATL,04-08-2024,Coffee Maker,Home,5,59.99,delivered
1979,Quinn  SF,16-01-2024,Sneakers,Clothing,2,$75.00,pending
1980,Eve  SF,29-11-2024,Pillow,Home,6,24.99,shipped
1981,Paul  CHI,07/20/24,Pillow,Home,4,25,Delivered
1982,Grace  SEA,19-05-2024,Rug,Home,7,89.99,returned
1983,Nate  NYC,03/26/24,Whiteboard,Office,2,49,processing
1984,Nate  NYC,14-06-2024,Jump Rope,Sports,2,$9.99,pending
1985,Charlie  CHI,05-01-2024,Whiteboard,Office,6,49.99,delivered
1986,Grace  SEA,11-04-2024,Desk Lamp,Office,7,35,processing
1987,Rose  DAL,11-06-2024,"""Running Shoes""",Sports,7,89,cancelled
1988,Paul  CHI,03-11-2024,Binder,Office,8,$5.99,Pending
1989,Alice Smith,07/25/24,Yoga Mat,Sports,5,$29.99,processing
1990,Bob  LA,20-05-2024,Mouse,Electronics,7,25,RETURNED
1991,Rose  DAL,11/24/24,Coffee Maker,Home,8,59,RETURNED
1992,Diana Prince,04-25-2024,Laptop,Electronics,6,799,returned
1993,Leo  DEN,01/23/24,Yoga Mat,Sports,1,30,delivered
1994,Charlie  CHI,25-10-2024,Water Bottle,Sports,3,$14.99,returned
1995,Eve  SF,05-03-2024,Clock,Home,9,19.99,shipped
1996,Ivy  MIA,06/29/2024,"""Pillow""",Home,5,24.99,cancelled
1997,Grace  SEA,27-08-2024,"""Tablet""",Electronics,1,$349.99,cancelled
1998,Karen  ATL,28-12-2024,Resistance Band,Sports,6,13,pending
1999,Diana  NYC,09-19-2024,Socks,Clothing,8,9.99,Pending
2000,Ivy  MIA,05-03-2024,Pen Set,Office,2,12.99,shipped
2001,Alice  NYC,13-02-2024,Water Bottle,Sports,2,14.99,Pending
2002,Mia  PDX,02/20/24,"""Jump Rope""",Sports,5,10,Pending
2003,Nate  NYC,07-11-2024,Hat,Clothing,5,19.99,processing
2004,Bob  LA,05-16-2024,Monitor,Electronics,1,299.99,returned
2005,Ivy  MIA,02-21-2024,Running Shoes,Sports,7,89,Delivered
2006,Frank  DAL,02-18-2024,Chair,Office,5,199.99,processing
2007,Tina  BOS,05-04-2024,Desk Lamp,Office,2,$34.99,shipped
2008,Alice  NYC,03/28/24,"""Lamp""",Home,5,39.99,RETURNED
2009,Sam  SEA,14-12-2024,Belt,Clothing,1,29.99,cancelled
2010,Frank  DAL,08-09-2024,Mouse,Electronics,6,25,processing
2011,Paul  CHI,09/22/2024,Coffee Maker,Home,5,60,shipped
2012,Quinn  SF,01-07-2024,Keyboard,Electronics,4,$45.00,delivered
2013,Nate  NYC,05/20/2024,Monitor,Electronics,7,299.99,shipped
2014,Quinn  SF,06-07-2024,Whiteboard,Office,7,50,delivered
2015,Karen  ATL,05/27/24,USB Hub,Electronics,10,20,delivered
2016,Eve  SF,06-09-2024,Dress,Clothing,3,50,returned
2017,Alice  NYC,07-09-2024,Dress,Clothing,2,49.99,delivered
2018,Alice Smith,03/20/24,Socks,Clothing,9,9.99,Delivered
2019,Grace  SEA,07-05-2024,Headphones,Electronics,8,90,Pending
2020,Diana  NYC,10-23-2024,Chair,Office,7,200,cancelled
2021,Nate  NYC,10-06-2024,"""Chair""",Office,10,199,Pending
2022,Nate  NYC,27-08-2024,Water Bottle,Sports,9,15,Pending
2023,Nate  NYC,03-12-2024,Yoga Mat,Sports,7,29.99,Delivered
2024,Sam  SEA,07/25/24,"""Dress""",Clothing,7,$49.99,shipped
2025,Quinn  SF,10/31/24,"""Mouse""",Electronics,2,25,Delivered
2026,Karen  ATL,09-21-2024,Charger,Electronics,1,$14.99,processing
2027,Paul  CHI,11-15-2024,Dress,Clothing,1,49,returned
2028,Eve  SF,08/30/24,"""Smartphone""",Electronics,4,699.99,processing
2029,Bob  LA,06-10-2024,Binder,Office,3,$5.99,shipped
2030,Tina  BOS,09/18/2024,TShirt,Clothing,4,$25.00,cancelled
2031,Jack  PHX,07/16/24,Charger,Electronics,5,14,shipped
2032,Nate  NYC,24-10-2024,Calculator,Office,7,24.99,delivered
2033,Tina  BOS,01-05-2024,Stapler,Office,8,16,RETURNED
2034,Quinn  SF,06/29/2024,Water Bottle,Sports,3,$14.99,RETURNED
2035,Eve  SF,08/29/2024,"""Binder""",Office,8,5,pending
2036,Quinn  SF,24-10-2024,Jump Rope,Sports,6,9.99,Pending
2037,Alice  NYC,13-12-2024,"""Sneakers""",Clothing,2,75,RETURNED
2038,Hank  BOS,02-01-2024,Hat,Clothing,7,19.99,Delivered
2039,Charlie  CHI,23-12-2024,Notebook,Office,6,8.99,Pending
2040,Sam  SEA,04-13-2024,Dress,Clothing,5,$49.99,Pending
2041,Grace  SEA,03-07-2024,Mouse,Electronics,3,25,processing
2042,Karen  ATL,08/30/2024,Water Bottle,Sports,4,14.99,RETURNED
2043,Rose  DAL,10/18/24,Tablet,Electronics,7,349.99,pending
2044,Jack  PHX,01-12-2024,"""Pillow""",Home,9,25,Delivered
2045,Ivy  MIA,02-08-2024,Pen Set,Office,3,13,cancelled
ORD-2046,Tina  BOS,29-08-2024,Coffee Maker,Home,2,59.99,delivered
2047,Nate  NYC,12-05-2024,Notebook,Office,9,9,cancelled
2048,Sam  SEA,11-09-2024,Webcam,Electronics,7,59.99,processing
2049,Eve  SF,28-11-2024,"""Mouse""",Electronics,9,$25.00,Pending
2050,Hank  BOS,07-11-2024,Laptop,Electronics,4,799.99,delivered
2051,Bob  LA,03-11-2024,Toaster,Home,7,29.99,shipped
2052,Tina  BOS,05-01-2024,Whiteboard,Office,7,49.99,returned
2053,Hank  BOS,01/30/24,"""Resistance Band""",Sports,1,$12.99,delivered
2054,Frank  DAL,03-07-2024,Whiteboard,Office,4,50,Pending
2055,Diana  NYC,27-12-2024,Headphones,Electronics,4,89,cancelled
2056,Jack  PHX,16-05-2024,Jump Rope,Sports,4,9.99,processing
2057,Bob  LA,09-23-2024,Clock,Home,4,$19.99,Delivered
2058,Grace  SEA,02/28/24,TShirt,Clothing,8,25,shipped
2059,Ivy  MIA,05/22/2024,Blanket,Home,2,34.99,Pending
ORD-2060,Mia  PDX,09/29/24,Monitor,Electronics,3,299,Delivered
2061,Leo  DEN,04/20/24,Jump Rope,Sports,5,9.99,RETURNED
2062,Tina  BOS,13-12-2024,Coffee Maker,Home,9,59,processing
2063,Sam  SEA,05-01-2024,Jump Rope,Sports,7,9,delivered
2064,Ivy  MIA,11-11-2024,Dress,Clothing,7,49.99,RETURNED
2065,Ivy  MIA,05-15-2024,Yoga Mat,Sports,10,30,shipped
2066,Olivia  LA,07/28/24,Webcam,Electronics,9,$59.99,returned
2067,Tina  BOS,09-10-2024,Tablet,Electronics,5,350,cancelled
2068,Eve  SF,12/16/2024,Monitor,Electronics,1,$299.99,shipped
2069,Bob  LA,09-01-2024,TShirt,Clothing,5,25,processing
2070,Tina  BOS,02-09-2024,Mouse,Electronics,2,25,cancelled
2071,Leo  DEN,13-01-2024,Blender,Home,5,$44.99,RETURNED
ORD-2072,Nate  NYC,01-16-2024,Calculator,Office,5,24.99,RETURNED
2073,Eve  SF,09/17/2024,Mouse,Electronics,6,25,RETURNED
2074,Mia  PDX,04/24/2024,Keyboard,Electronics,2,45,processing
2075,Rose  DAL,06-11-2024,Running Shoes,Sports,9,89.99,processing
2076,Karen  ATL,07-04-2024,Jump Rope,Sports,6,$9.99,shipped
2077,Diana  NYC,09/15/24,Rug,Home,6,89.99,RETURNED
2078,Tina  BOS,05-05-2024,Pillow,Home,3,24.99,pending
2079,Jack  PHX,21-10-2024,Mouse,Electronics,9,$25.00,cancelled
2080,Olivia  LA,02-21-2024,USB Hub,Electronics,9,19,delivered
2081,Alice  NYC,04-08-2024,Keyboard,Electronics,9,45,pending
2082,Rose  DAL,11-07-2024,Pen Set,Office,6,12.99,returned
2083,Bob  LA,28-05-2024,Calculator,Office,8,24,pending
2084,Sam  SEA,30-10-2024,Yoga Mat,Sports,1,29.99,shipped
ORD-2085,Olivia  LA,01-06-2024,Jump Rope,Sports,2,$9.99,RETURNED
2086,Quinn  SF,14-06-2024,Resistance Band,Sports,7,13,RETURNED
2087,Eve  SF,06-09-2024,Hat,Clothing,10,19.99,RETURNED
2088,Diana Prince,05-12-2024,Clock,Home,3,20,returned
2089,Ivy  MIA,10-02-2024,"""Jacket""",Clothing,1,89.99,delivered
2090,Alice  NYC,20-08-2024,Binder,Office,9,$5.99,returned
2091,Diana  NYC,12-08-2024,Clock,Home,3,20,RETURNED
2092,Hank  BOS,11/18/2024,Stapler,Office,5,15,returned
2093,Karen  ATL,04-07-2024,USB Hub,Electronics,9,20,delivered
2094,Alice Smith,15-05-2024,Water Bottle,Sports,4,$14.99,pending
2095,Frank  DAL,04/19/24,Stapler,Office,2,15.99,Pending
2096,Rose  DAL,07/13/2024,TShirt,Clothing,5,25,cancelled
2097,Paul  CHI,07-09-2024,Dress,Clothing,5,49,RETURNED
2098,Jack  PHX,06-05-2024,Headphones,Electronics,8,90,returned
ORD-2099,Karen  ATL,03-11-2024,Binder,Office,8,5,cancelled
2100,Ivy  MIA,11-12-2024,Coffee Maker,Home,6,60,Pending
2101,Olivia  LA,11/21/24,Notebook,Office,4,9,Delivered
2102,Hank  BOS,08-11-2024,Sneakers,Clothing,2,75,pending
2103,Alice  NYC,10-10-2024,"""USB Hub""",Electronics,6,20,delivered
2104,Leo  DEN,23-03-2024,Hat,Clothing,4,20,RETURNED
ORD-2105,Rose  DAL,13-09-2024,Laptop,Electronics,9,799.99,shipped
2106,Jack  PHX,01-12-2024,"""Sneakers""",Clothing,2,75,pending
2107,Ivy  MIA,01-08-2024,Mouse,Electronics,7,25,pending
2108,Sam  SEA,12-01-2024,Dress,Clothing,7,49.99,Delivered
2109,Diana Prince,23-04-2024,Water Bottle,Sports,7,14.99,processing
2110,Jack  PHX,20-07-2024,Resistance Band,Sports,1,12,processing
2111,Olivia  LA,09-01-2024,USB Hub,Electronics,8,20,returned
2112,Karen  ATL,10-30-2024,Mouse,Electronics,4,25,returned
2113,Tina  BOS,09-09-2024,Running Shoes,Sports,4,89.99,Pending
2114,Karen  ATL,03-01-2024,Webcam,Electronics,10,59,cancelled
2115,Paul  CHI,10-11-2024,Desk Lamp,Office,8,34.99,returned
ORD-2116,Charlie  CHI,11-04-2024,Keyboard,Electronics,2,$45.00,returned
2117,Nate  NYC,07/23/24,Water Bottle,Sports,9,14,Delivered
2118,Jack  PHX,11-28-2024,Whiteboard,Office,6,49.99,pending
2119,Grace  SEA,03-10-2024,Chair,Office,4,200,processing
2120,Paul  CHI,06-08-2024,Toaster,Home,2,29.99,cancelled
2121,Rose  DAL,04-02-2024,Laptop,Electronics,10,$799.99,processing
2122,Leo  DEN,05-06-2024,Dress,Clothing,7,49.99,Pending
2123,Rose  DAL,05-23-2024,Jeans,Clothing,2,$59.99,Delivered
2124,Eve  SF,10/30/2024,Running Shoes,Sports,6,89.99,Delivered
2125,Tina  BOS,02/16/2024,Pillow,Home,4,$24.99,pending
2126,Paul  CHI,18-09-2024,Pen Set,Office,1,$12.99,Pending
2127,Karen  ATL,27-12-2024,Monitor,Electronics,7,299,RETURNED
2128,Quinn  SF,12-30-2024,Charger,Electronics,3,15,Pending
2129,Paul  CHI,04-01-2024,Pen Set,Office,7,13,RETURNED
2130,Leo  DEN,10-04-2024,Sneakers,Clothing,3,75,RETURNED
ORD-2131,Alice  NYC,01-07-2024,Pen Set,Office,5,12.99,Delivered
2132,Ivy  MIA,11/16/24,Coffee Maker,Home,5,60,delivered
2133,Paul  CHI,20-01-2024,Clock,Home,9,19.99,delivered
2134,Eve  SF,08/15/24,"""Jacket""",Clothing,2,89.99,RETURNED
ORD-2135,Rose  DAL,27-10-2024,TShirt,Clothing,6,$25.00,processing
2136,Mia  PDX,05/16/24,Mouse,Electronics,9,$25.00,pending
2137,Ivy  MIA,05/20/2024,Water Bottle,Sports,1,15,RETURNED
2138,Olivia  LA,02-16-2024,Charger,Electronics,2,14.99,returned
2139,Sam  SEA,08/23/24,Keyboard,Electronics,4,45,cancelled
2140,Grace  SEA,05-22-2024,"""Dress""",Clothing,5,$49.99,RETURNED
2141,Grace  SEA,05/15/24,Jacket,Clothing,5,89,shipped
2142,Leo  DEN,26-10-2024,Water Bottle,Sports,3,14.99,pending
2143,Grace  SEA,06/24/2024,Lamp,Home,5,$39.99,processing
2144,Ivy  MIA,02/29/2024,Dress,Clothing,5,49.99,pending
2145,Olivia  LA,12/25/24,Binder,Office,1,6,RETURNED
2146,Alice Smith,02-07-2024,Lamp,Home,2,$39.99,pending
2147,Frank  DAL,08-30-2024,Clock,Home,7,19,Delivered
2148,Tina  BOS,25-02-2024,"""Blanket""",Home,4,34.99,Pending
2149,Sam  SEA,12/23/2024,Keyboard,Electronics,5,45,cancelled
2150,Sam  SEA,06-07-2024,Socks,Clothing,1,9.99,RETURNED
2151,Frank  DAL,02-11-2024,Sneakers,Clothing,5,75,cancelled
2152,Nate  NYC,09-01-2024,Jacket,Clothing,6,89.99,RETURNED
2153,Rose  DAL,19-02-2024,Belt,Clothing,8,$29.99,pending
2154,Eve  SF,07/20/2024,Chair,Office,7,199.99,returned
2155,Sam  SEA,06/23/2024,Dumbbell,Sports,6,40,delivered
2156,Mia  PDX,03-06-2024,Jacket,Clothing,1,$89.99,returned
2157,Frank  DAL,13-05-2024,Chair,Office,8,199.99,pending
2158,Quinn  SF,01-07-2024,Blender,Home,2,44,RETURNED
2159,Quinn  SF,28-01-2024,Coffee Maker,Home,7,59,Pending
2160,Diana  NYC,07-05-2024,Lamp,Home,6,39.99,pending
2161,Rose  DAL,04-11-2024,"""Keyboard""",Electronics,10,45,shipped
2162,Olivia  LA,17-12-2024,Tablet,Electronics,1,349.99,Delivered
2163,Jack  PHX,08-01-2024,Smartphone,Electronics,5,700,shipped
2164,Bob  LA,03/30/24,Notebook,Office,7,$8.99,processing
ORD-2165,Eve  SF,05-04-2024,Blanket,Home,8,34.99,shipped
2166,Karen  ATL,22-11-2024,Jeans,Clothing,2,60,Pending
2167,Frank  DAL,04-08-2024,Pen Set,Office,7,12.99,Delivered
2168,Tina  BOS,11-08-2024,TShirt,Clothing,8,$25.00,pending
2169,Bob  LA,10-01-2024,Dress,Clothing,7,$49.99,pending
2170,Olivia  LA,04/23/24,Pen Set,Office,1,13,Delivered
ORD-2171,Tina  BOS,18-07-2024,Water Bottle,Sports,6,14.99,processing
2172,Karen  ATL,09-29-2024,Toaster,Home,8,$29.99,Pending
2173,Bob  LA,02-12-2024,Yoga Mat,Sports,9,30,processing
2174,Jack  PHX,03/26/2024,"""Clock""",Home,10,19.99,RETURNED
2175,Nate  NYC,07-11-2024,Headphones,Electronics,8,$89.99,pending
2176,Diana Prince,04-01-2024,Sneakers,Clothing,10,75,Pending
2177,Leo  DEN,06-12-2024,Blanket,Home,6,34.99,processing
2178,Mia  PDX,03-21-2024,Clock,Home,5,19,Pending
2179,Rose  DAL,24-10-2024,Toaster,Home,2,29,Pending
2180,Alice  NYC,06/15/2024,Jeans,Clothing,7,59.99,cancelled
2181,Paul  CHI,09-18-2024,Notebook,Office,7,8.99,pending
2182,Hank  BOS,04/15/2024,Socks,Clothing,2,9.99,shipped
2183,Tina  BOS,05-11-2024,Jacket,Clothing,9,89.99,pending
2184,Charlie  CHI,06-02-2024,USB Hub,Electronics,8,19,Delivered
2185,Rose  DAL,09-03-2024,Running Shoes,Sports,1,89,Delivered
2186,Bob  LA,02-23-2024,Running Shoes,Sports,7,89.99,Delivered
2187,Sam  SEA,04-05-2024,Keyboard,Electronics,6,$45.00,cancelled
2188,Karen  ATL,13-05-2024,Tablet,Electronics,8,$349.99,Delivered
2189,Karen  ATL,24-09-2024,Chair,Office,3,$199.99,delivered
2190,Leo  DEN,20-11-2024,Chair,Office,3,199.99,shipped
2191,Jack  PHX,11-22-2024,Jacket,Clothing,7,90,delivered
2192,Sam  SEA,26-07-2024,Yoga Mat,Sports,9,29.99,pending
2193,Eve  SF,11-27-2024,Jump Rope,Sports,7,9,processing
2194,Paul  CHI,04-24-2024,Mouse,Electronics,5,$25.00,Delivered
2195,Diana  NYC,04-26-2024,Calculator,Office,1,24.99,RETURNED
2196,Mia  PDX,02-10-2024,Pen Set,Office,9,12.99,shipped
2197,Hank  BOS,01/21/2024,Sneakers,Clothing,8,$75.00,Delivered
2198,Charlie  CHI,04-26-2024,Keyboard,Electronics,1,$45.00,shipped
2199,Rose  DAL,09-01-2024,Webcam,Electronics,2,$59.99,shipped
2200,Grace  SEA,01-05-2024,Dumbbell,Sports,5,39.99,Pending
2201,Diana  NYC,01-01-2024,Pillow,Home,10,24,Pending
2202,Paul  CHI,09-29-2024,Calculator,Office,5,25,RETURNED
2203,Rose  DAL,04-01-2024,Blender,Home,3,44,processing
2204,Frank  DAL,11/22/2024,"""Blanket""",Home,8,35,pending
2205,Diana  NYC,08/29/24,Dress,Clothing,6,49.99,Delivered
2206,Grace  SEA,03/21/2024,Socks,Clothing,7,$9.99,pending
2207,Quinn  SF,14-05-2024,Water Bottle,Sports,5,$14.99,Delivered
2208,Jack  PHX,20-07-2024,Whiteboard,Office,7,49.99,delivered
2209,Mia  PDX,05/20/24,Lamp,Home,3,39,cancelled
2210,Ivy  MIA,10-12-2024,Notebook,Office,7,9,cancelled
2211,Tina  BOS,09-02-2024,"""Pen Set""",Office,3,13,shipped
2212,Bob  LA,07-11-2024,Clock,Home,10,19.99,returned
2213,Karen  ATL,03-09-2024,Calculator,Office,2,24,RETURNED
2214,Nate  NYC,08-12-2024,Dress,Clothing,9,49.99,RETURNED
2215,Ivy  MIA,03-07-2024,Notebook,Office,2,9,cancelled
2216,Olivia  LA,11-05-2024,Whiteboard,Office,5,50,pending
2217,Nate  NYC,07-10-2024,Coffee Maker,Home,1,59.99,Pending
2218,Quinn  SF,02-08-2024,Calculator,Office,6,24.99,returned
2219,Diana  NYC,11-28-2024,Yoga Mat,Sports,8,29.99,returned
2220,Nate  NYC,02-07-2024,Clock,Home,3,20,RETURNED
2221,Nate  NYC,01-05-2024,"""Blanket""",Home,7,34.99,RETURNED
2222,Ivy  MIA,11-30-2024,Running Shoes,Sports,9,89,RETURNED
2223,Sam  SEA,09/30/2024,Sneakers,Clothing,2,75,delivered
2224,Rose  DAL,13-04-2024,Webcam,Electronics,4,$59.99,pending
2225,Ivy  MIA,07-11-2024,"""Socks""",Clothing,8,9.99,shipped
2226,Grace  SEA,10/29/24,Clock,Home,4,19,returned
2227,Quinn  SF,09-07-2024,Yoga Mat,Sports,4,29.99,RETURNED
2228,Karen  ATL,05-10-2024,Jeans,Clothing,6,59,returned
2229,Alice Smith,03-07-2024,Rug,Home,2,90,returned
2230,Jack  PHX,27-11-2024,USB Hub,Electronics,1,20,delivered
2231,Hank  BOS,01/20/24,Keyboard,Electronics,3,45,cancelled
2232,Jack  PHX,03-18-2024,Toaster,Home,3,29.99,RETURNED
ORD-2233,Diana  NYC,05/15/2024,Tablet,Electronics,7,350,RETURNED
2234,Alice  NYC,01/24/2024,Coffee Maker,Home,3,59,Pending
2235,Quinn  SF,08-02-2024,Laptop,Electronics,4,799.99,returned
2236,Olivia  LA,08-06-2024,Water Bottle,Sports,10,14.99,shipped
2237,Ivy  MIA,09-09-2024,Jump Rope,Sports,2,9,cancelled
2238,Quinn  SF,05/24/2024,Sneakers,Clothing,2,75,returned
2239,Ivy  MIA,09/23/2024,Whiteboard,Office,8,49.99,Delivered
2240,Eve  SF,11/19/24,Stapler,Office,1,15,cancelled
2241,Alice Smith,19-10-2024,Monitor,Electronics,6,299.99,shipped
2242,Grace  SEA,14-11-2024,Water Bottle,Sports,4,14,processing
2243,Ivy  MIA,23-06-2024,Jump Rope,Sports,3,10,processing
2244,Diana  NYC,11/24/24,"""Chair""",Office,6,199,processing
2245,Hank  BOS,26-06-2024,Mouse,Electronics,5,$25.00,shipped
2246,Charlie  CHI,03-13-2024,Dumbbell,Sports,9,$39.99,delivered
2247,Leo  DEN,04/27/2024,TShirt,Clothing,6,25,pending
2248,Diana  NYC,08-11-2024,Dumbbell,Sports,3,39.99,cancelled
2249,Mia  PDX,10-03-2024,Water Bottle,Sports,8,15,delivered
2250,Rose  DAL,14-03-2024,"""Jeans""",Clothing,7,$59.99,pending
2251,Hank  BOS,06/28/24,Hat,Clothing,4,$19.99,cancelled
2252,Ivy  MIA,15-04-2024,Blender,Home,10,$44.99,pending
2253,Karen  ATL,08-29-2024,Smartphone,Electronics,2,699.99,shipped
2254,Diana  NYC,21-01-2024,Water Bottle,Sports,6,15,Delivered
2255,Olivia  LA,02/22/24,Belt,Clothing,4,29.99,RETURNED
2256,Paul  CHI,21-05-2024,"""Rug""",Home,2,90,processing
2257,Ivy  MIA,26-10-2024,Laptop,Electronics,8,$799.99,cancelled
2258,Ivy  MIA,11-04-2024,Rug,Home,7,89.99,returned
2259,Diana  NYC,07/20/24,Socks,Clothing,10,9,RETURNED
2260,Olivia  LA,12-08-2024,"""Resistance Band""",Sports,7,12,cancelled
2261,Alice  NYC,21-08-2024,Pen Set,Office,7,12.99,RETURNED
2262,Leo  DEN,22-08-2024,Dress,Clothing,1,50,pending
2263,Rose  DAL,15-02-2024,Lamp,Home,3,39,RETURNED
2264,Hank  BOS,06-09-2024,Pen Set,Office,2,12,shipped
ORD-2265,Mia  PDX,03-22-2024,Lamp,Home,8,40,RETURNED
2266,Grace  SEA,10-02-2024,Running Shoes,Sports,5,89.99,Pending
2267,Charlie  CHI,15-03-2024,Charger,Electronics,7,15,processing
2268,Eve  SF,25-04-2024,Headphones,Electronics,2,90,delivered
2269,Eve  SF,25-04-2024,Notebook,Office,4,$8.99,cancelled
2270,Jack  PHX,10-11-2024,Charger,Electronics,8,14,cancelled
2271,Quinn  SF,08-08-2024,Water Bottle,Sports,6,15,RETURNED
2272,Hank  BOS,12-25-2024,Pen Set,Office,3,13,processing
2273,Diana  NYC,11-05-2024,Running Shoes,Sports,6,89.99,RETURNED
2274,Rose  DAL,12-11-2024,Belt,Clothing,1,29,shipped
2275,Charlie  CHI,26-06-2024,TShirt,Clothing,9,25,pending
2276,Leo  DEN,08-09-2024,Chair,Office,1,199.99,pending
2277,Grace  SEA,07-27-2024,Chair,Office,10,199.99,processing
2278,Sam  SEA,03-02-2024,"""Charger""",Electronics,6,14.99,returned
2279,Frank  DAL,02-03-2024,Jacket,Clothing,1,89,returned
2280,Mia  PDX,06-24-2024,Rug,Home,8,$89.99,returned
2281,Frank  DAL,04-12-2024,"""Calculator""",Office,5,24,RETURNED
2282,Charlie  CHI,10-12-2024,Smartphone,Electronics,10,699.99,RETURNED
2283,Alice  NYC,01/15/2024,"""Yoga Mat""",Sports,7,30,RETURNED
2284,Frank  DAL,02-19-2024,Water Bottle,Sports,4,15,RETURNED
2285,Olivia  LA,11/14/24,Jacket,Clothing,8,89.99,processing
2286,Diana  NYC,09-22-2024,Chair,Office,3,199.99,returned
2287,Tina  BOS,08/17/24,Jump Rope,Sports,9,9,processing
2288,Hank  BOS,07-02-2024,Belt,Clothing,7,29.99,shipped
2289,Sam  SEA,10/15/2024,Yoga Mat,Sports,6,29.99,processing
2290,Rose  DAL,16-11-2024,Whiteboard,Office,4,50,Pending
2291,Charlie  CHI,18-07-2024,Blender,Home,8,44.99,shipped
2292,Jack  PHX,06-06-2024,Smartphone,Electronics,4,699.99,processing
2293,Karen  ATL,06-04-2024,"""Yoga Mat""",Sports,5,29,processing
2294,Nate  NYC,20-02-2024,Dumbbell,Sports,1,$39.99,pending
2295,Karen  ATL,24-01-2024,Belt,Clothing,10,29.99,cancelled
2296,Diana  NYC,07-18-2024,Monitor,Electronics,6,$299.99,RETURNED
2297,Mia  PDX,12/14/2024,Sneakers,Clothing,5,75,Delivered
2298,Ivy  MIA,07-04-2024,USB Hub,Electronics,7,20,Delivered
2299,Mia  PDX,11/22/24,Toaster,Home,4,29.99,returned
2300,Paul  CHI,05/25/2024,Jump Rope,Sports,5,9,Delivered
2301,Sam  SEA,11-10-2024,USB Hub,Electronics,4,19.99,cancelled
2302,Bob  LA,02-12-2024,Mouse,Electronics,7,$25.00,cancelled
ORD-2303,Leo  DEN,04-06-2024,Belt,Clothing,1,29.99,RETURNED
2304,Alice  NYC,04-12-2024,Chair,Office,6,199,Pending
2305,Jack  PHX,13-01-2024,Jacket,Clothing,6,89,returned
2306,Tina  BOS,02/27/24,Dumbbell,Sports,6,39.99,Pending
2307,Alice  NYC,12-16-2024,Socks,Clothing,3,9.99,delivered
2308,Sam  SEA,10-06-2024,Blender,Home,1,44.99,delivered
2309,Paul  CHI,01-05-2024,Blanket,Home,7,34,Delivered
2310,Olivia  LA,14-03-2024,Belt,Clothing,6,$29.99,pending
2311,Mia  PDX,03/14/24,Socks,Clothing,7,10,shipped
2312,Rose  DAL,26-07-2024,Toaster,Home,6,$29.99,Pending
2313,Olivia  LA,03-09-2024,Clock,Home,6,19,cancelled
2314,Grace  SEA,10-07-2024,Jump Rope,Sports,9,9,cancelled
2315,Paul  CHI,01-27-2024,Blanket,Home,10,34,cancelled
2316,Frank  DAL,12-21-2024,Water Bottle,Sports,8,14.99,Pending
2317,Frank  DAL,18-03-2024,Dumbbell,Sports,10,$39.99,RETURNED
2318,Eve  SF,11/17/24,Lamp,Home,10,39.99,returned
2319,Charlie  CHI,04-13-2024,Webcam,Electronics,6,60,cancelled
2320,Charlie  CHI,06-04-2024,Calculator,Office,3,25,processing
2321,Eve  SF,10/14/2024,Smartphone,Electronics,7,$699.99,shipped
2322,Ivy  MIA,02/19/24,Jeans,Clothing,3,59,pending
2323,Paul  CHI,10/26/2024,TShirt,Clothing,6,25,pending
2324,Alice  NYC,02-05-2024,Jump Rope,Sports,2,10,pending
2325,Mia  PDX,12/30/24,Monitor,Electronics,6,300,RETURNED
2326,Paul  CHI,04-08-2024,Water Bottle,Sports,6,15,Delivered
ORD-2327,Alice  NYC,17-08-2024,TShirt,Clothing,5,25,RETURNED
2328,Olivia  LA,10/20/24,Notebook,Office,10,8.99,Delivered
2329,Paul  CHI,19-09-2024,Headphones,Electronics,6,90,Pending
2330,Eve  SF,08/18/24,Desk Lamp,Office,5,34.99,RETURNED
2331,Diana Prince,02-03-2024,Jeans,Clothing,3,60,cancelled
2332,Charlie  CHI,03/20/2024,Webcam,Electronics,10,59.99,shipped
2333,Karen  ATL,02-11-2024,Charger,Electronics,3,$14.99,returned
2334,Charlie  CHI,06/13/2024,"""Sneakers""",Clothing,2,75,cancelled
ORD-2335,Grace  SEA,08-14-2024,Toaster,Home,10,29.99,processing
2336,Frank  DAL,12/24/24,Stapler,Office,10,$15.99,returned
2337,Karen  ATL,03-11-2024,Jacket,Clothing,10,90,processing
2338,Grace  SEA,03/23/24,Desk Lamp,Office,5,35,delivered
2339,Leo  DEN,11-12-2024,Charger,Electronics,7,14.99,delivered
2340,Charlie  CHI,02-07-2024,Pen Set,Office,6,12,RETURNED
2341,Paul  CHI,28-07-2024,Sneakers,Clothing,1,75,shipped
2342,Mia  PDX,01-13-2024,Clock,Home,7,19,RETURNED
2343,Eve  SF,10-30-2024,USB Hub,Electronics,3,$19.99,cancelled
2344,Mia  PDX,22-03-2024,Whiteboard,Office,8,49,processing
2345,Grace  SEA,12-06-2024,Rug,Home,3,89,RETURNED
ORD-2346,Charlie  CHI,20-04-2024,Blanket,Home,9,34,shipped
2347,Jack  PHX,03-03-2024,Chair,Office,7,199.99,pending
2348,Karen  ATL,10-01-2024,Socks,Clothing,8,9.99,RETURNED
2349,Grace  SEA,11-10-2024,Socks,Clothing,8,10,RETURNED
2350,Eve  SF,07-05-2024,Dumbbell,Sports,10,$39.99,shipped
2351,Karen  ATL,02-11-2024,USB Hub,Electronics,10,20,shipped
2352,Ivy  MIA,07-05-2024,Pillow,Home,5,$24.99,shipped
2353,Alice  NYC,05-09-2024,Water Bottle,Sports,5,15,processing
2354,Grace  SEA,09/25/2024,Resistance Band,Sports,1,$12.99,Delivered
2355,Mia  PDX,01/13/24,Headphones,Electronics,3,90,Pending
2356,Olivia  LA,31-10-2024,Belt,Clothing,9,$29.99,RETURNED
2357,Ivy  MIA,06/14/24,Belt,Clothing,10,$29.99,returned
2358,Karen  ATL,14-01-2024,Stapler,Office,7,15.99,RETURNED
2359,Karen  ATL,09/18/24,Headphones,Electronics,10,89.99,pending
2360,Charlie  CHI,03-07-2024,Smartphone,Electronics,4,699.99,RETURNED
2361,Karen  ATL,24-11-2024,Rug,Home,9,89,pending
ORD-2362,Charlie  CHI,05-02-2024,Toaster,Home,5,$29.99,processing
2363,Hank  BOS,13-09-2024,Monitor,Electronics,3,$299.99,RETURNED
2364,Mia  PDX,02-04-2024,"""Calculator""",Office,7,24.99,cancelled
2365,Grace  SEA,07-07-2024,Coffee Maker,Home,2,59.99,pending
2366,Eve  SF,07-17-2024,Jump Rope,Sports,6,9.99,cancelled
2367,Ivy  MIA,15-01-2024,Chair,Office,5,199,processing
2368,Grace  SEA,18-10-2024,USB Hub,Electronics,4,$19.99,cancelled
ORD-2369,Jack  PHX,09/18/24,Monitor,Electronics,5,$299.99,Delivered
2370,Frank  DAL,22-08-2024,Belt,Clothing,7,30,pending
2371,Paul  CHI,01/16/2024,"""Desk Lamp""",Office,2,34.99,delivered
2372,Ivy  MIA,02/19/24,Calculator,Office,10,$24.99,RETURNED
2373,Grace  SEA,01/18/24,Pen Set,Office,1,13,Delivered
2374,Olivia  LA,03/30/24,Jeans,Clothing,1,59,returned
2375,Hank  BOS,12/25/2024,Running Shoes,Sports,5,89.99,shipped
2376,Eve  SF,26-08-2024,"""Rug""",Home,8,89,pending
2377,Sam  SEA,05/16/24,Headphones,Electronics,8,$89.99,Delivered
2378,Grace  SEA,08-10-2024,Coffee Maker,Home,1,59.99,shipped
2379,Bob  LA,24-03-2024,Charger,Electronics,8,14.99,RETURNED
2380,Rose  DAL,27-08-2024,Binder,Office,,6,Delivered
2381,Paul  CHI,05-09-2024,Lamp,Home,2,39.99,RETURNED
2382,Olivia  LA,09-16-2024,Running Shoes,Sports,1,90,RETURNED
2383,Frank  DAL,11-02-2024,Dumbbell,Sports,4,39,returned
2384,Rose  DAL,26-04-2024,"""Charger""",Electronics,9,$14.99,shipped
2385,Leo  DEN,12/18/24,Rug,Home,6,89,cancelled
2386,Olivia  LA,09-10-2024,TShirt,Clothing,9,25,returned
ORD-2387,Jack  PHX,04-07-2024,Blanket,Home,9,34.99,delivered
2388,Diana Prince,02-07-2024,Mouse,Electronics,2,25,delivered
2389,Jack  PHX,09-01-2024,Desk Lamp,Office,10,34.99,delivered
2390,Bob  LA,10-02-2024,Notebook,Office,8,8,Pending
2391,Tina  BOS,31-08-2024,Coffee Maker,Home,8,59.99,processing
2392,Hank  BOS,05-11-2024,Tablet,Electronics,6,$349.99,delivered
2393,Rose  DAL,12-16-2024,Pillow,Home,2,24.99,delivered
2394,Olivia  LA,10-01-2024,Belt,Clothing,10,29,Delivered
2395,Quinn  SF,03-11-2024,Blanket,Home,1,35,Pending
ORD-2396,Eve  SF,07-17-2024,Monitor,Electronics,4,299.99,Pending
2397,Frank  DAL,02-21-2024,Water Bottle,Sports,8,14.99,pending
2398,Tina  BOS,12/28/2024,Clock,Home,7,19.99,RETURNED
2399,Diana  NYC,02-03-2024,Headphones,Electronics,7,89.99,Delivered
2400,Leo  DEN,01-13-2024,Dumbbell,Sports,3,39.99,returned
2401,Grace  SEA,12-02-2024,Jump Rope,Sports,8,9.99,Pending
2402,Bob  LA,07-09-2024,Dress,Clothing,7,49.99,processing
2403,Diana  NYC,04-05-2024,Notebook,Office,3,9,cancelled
2404,Paul  CHI,02-06-2024,Jeans,Clothing,9,59.99,pending
2405,Eve  SF,03-25-2024,Tablet,Electronics,2,349.99,Pending
2406,Leo  DEN,13-06-2024,"""Binder""",Office,7,5.99,delivered
2407,Leo  DEN,11-10-2024,Dumbbell,Sports,3,39,Pending
2408,Frank  DAL,11-03-2024,Jump Rope,Sports,2,9,Pending
2409,Charlie  CHI,25-08-2024,TShirt,Clothing,7,25,Delivered
2410,Tina  BOS,12/21/2024,Calculator,Office,7,24.99,pending
2411,Charlie  CHI,05/27/2024,Pen Set,Office,5,13,processing
2412,Karen  ATL,06/20/2024,Dumbbell,Sports,5,$39.99,Pending
2413,Tina  BOS,17-12-2024,Jacket,Clothing,5,$89.99,processing
2414,Grace  SEA,04/15/2024,Resistance Band,Sports,5,$12.99,RETURNED
2415,Paul  CHI,02-10-2024,Clock,Home,10,19,pending
2416,Charlie  CHI,10-09-2024,"""Rug""",Home,4,90,processing
2417,Ivy  MIA,10/31/24,Pillow,Home,7,24,shipped
2418,Karen  ATL,05-02-2024,Jeans,Clothing,1,59.99,returned
2419,Ivy  MIA,01-06-2024,USB Hub,Electronics,10,19.99,RETURNED
2420,Ivy  MIA,05/16/2024,Sneakers,Clothing,10,75,RETURNED
2421,Eve  SF,04/14/2024,Jump Rope,Sports,3,9,delivered
2422,Charlie  CHI,06-05-2024,Jump Rope,Sports,2,9.99,cancelled
2423,Tina  BOS,09-12-2024,Sneakers,Clothing,1,$75.00,Pending
2424,Tina  BOS,30-12-2024,Pillow,Home,2,24,shipped
2425,Mia  PDX,10-12-2024,Coffee Maker,Home,5,$59.99,Pending
2426,Quinn  SF,11-06-2024,Tablet,Electronics,7,349,RETURNED
2427,Charlie  CHI,09-06-2024,Toaster,Home,4,$29.99,Pending
2428,Jack  PHX,11/26/24,Clock,Home,10,$19.99,shipped
2429,Alice  NYC,16-08-2024,Whiteboard,Office,8,49,returned
2430,Leo  DEN,10/26/2024,Chair,Office,3,$199.99,processing
2431,Bob  LA,02/17/2024,Notebook,Office,2,$8.99,processing
2432,Charlie  CHI,05-22-2024,Calculator,Office,3,24,cancelled
2433,Frank  DAL,05/27/2024,Jeans,Clothing,10,$59.99,shipped
2434,Frank  DAL,04-01-2024,"""Jeans""",Clothing,2,60,returned
2435,Rose  DAL,05-01-2024,Jacket,Clothing,3,$89.99,pending
2436,Quinn  SF,03/26/24,Resistance Band,Sports,7,$12.99,shipped
2437,Eve  SF,05-05-2024,Jump Rope,Sports,5,9,pending
2438,Hank  BOS,01-01-2024,"""Yoga Mat""",Sports,7,$29.99,shipped
2439,Paul  CHI,06/30/2024,Rug,Home,8,89.99,Pending
2440,Quinn  SF,02-07-2024,Belt,Clothing,1,$29.99,RETURNED
2441,Diana  NYC,10-06-2024,Rug,Home,6,89.99,cancelled
ORD-2442,Grace  SEA,07-21-2024,Belt,Clothing,3,30,pending
2443,Hank  BOS,14-04-2024,Calculator,Office,8,25,pending
2444,Bob  LA,26-08-2024,Jeans,Clothing,1,60,Pending
2445,Jack  PHX,29-06-2024,Resistance Band,Sports,8,12.99,cancelled
2446,Quinn  SF,01/31/24,Keyboard,Electronics,9,45,processing
2447,Quinn  SF,06/26/2024,Rug,Home,10,89,RETURNED
2448,Bob  LA,09/20/24,Yoga Mat,Sports,8,29,processing
2449,Sam  SEA,03-14-2024,Hat,Clothing,8,20,cancelled
2450,Mia  PDX,09-04-2024,"""TShirt""",Clothing,1,$25.00,cancelled
2451,Eve  SF,02-03-2024,Jump Rope,Sports,4,9.99,delivered
2452,Paul  CHI,02/28/24,Belt,Clothing,3,29,shipped
2453,Karen  ATL,10-12-2024,Calculator,Office,5,24.99,RETURNED
2454,Karen  ATL,04/25/24,Resistance Band,Sports,10,$12.99,Pending
2455,Karen  ATL,29-10-2024,Calculator,Office,7,24.99,Delivered
2456,Eve  SF,12/23/2024,Sneakers,Clothing,3,75,processing
2457,Mia  PDX,09-03-2024,"""Chair""",Office,3,199.99,RETURNED
2458,Bob  LA,07-08-2024,Toaster,Home,1,30,Delivered
2459,Paul  CHI,05-04-2024,Pillow,Home,4,25,pending
2460,Tina  BOS,03/17/2024,Blender,Home,2,44.99,Pending
2461,Charlie  CHI,09-03-2024,"""TShirt""",Clothing,3,25,RETURNED
2462,Leo  DEN,02/21/24,Laptop,Electronics,5,800,returned
2463,Tina  BOS,05/16/2024,Jacket,Clothing,8,89.99,Delivered
2464,Quinn  SF,05-13-2024,Jump Rope,Sports,8,9.99,processing
2465,Tina  BOS,21-12-2024,Notebook,Office,6,$8.99,shipped
2466,Quinn  SF,07-12-2024,Rug,Home,4,90,cancelled
2467,Eve  SF,25-02-2024,"""Mouse""",Electronics,2,$25.00,pending
2468,Charlie  CHI,07/28/24,Whiteboard,Office,8,49,processing
2469,Jack  PHX,07-19-2024,Belt,Clothing,6,$29.99,RETURNED
2470,Bob  LA,03-12-2024,Binder,Office,8,5,RETURNED
2471,Karen  ATL,01-04-2024,Lamp,Home,10,$39.99,Delivered
2472,Paul  CHI,09/19/2024,"""Stapler""",Office,3,$15.99,shipped
ORD-2473,Grace  SEA,10-11-2024,Coffee Maker,Home,6,60,RETURNED
2474,Paul  CHI,05/20/2024,Dumbbell,Sports,6,39.99,Pending
2475,Sam  SEA,10/29/2024,Dumbbell,Sports,1,39,Delivered
2476,Olivia  LA,01-08-2024,Notebook,Office,2,8,cancelled
2477,Sam  SEA,12-08-2024,Chair,Office,1,$199.99,Delivered
ORD-2478,Alice  NYC,07/22/24,Monitor,Electronics,8,$299.99,Pending
2479,Charlie  CHI,12-05-2024,"""Binder""",Office,5,5.99,shipped
2480,Grace  SEA,14-10-2024,Jump Rope,Sports,4,9,pending
2481,Grace  SEA,01-11-2024,Blender,Home,4,44,pending
2482,Ivy  MIA,24-03-2024,Chair,Office,7,$199.99,returned
2483,Jack  PHX,03/20/24,Running Shoes,Sports,2,89.99,delivered
2484,Charlie  CHI,03-03-2024,Stapler,Office,8,16,processing
2485,Diana  NYC,06-29-2024,Jump Rope,Sports,6,9.99,Pending
2486,Rose  DAL,03-24-2024,Charger,Electronics,2,14.99,RETURNED
2487,Rose  DAL,02/23/2024,Notebook,Office,7,8,Pending
2488,Grace  SEA,12-10-2024,Blender,Home,4,44,Pending
2489,Leo  DEN,06/30/24,Laptop,Electronics,1,799.99,RETURNED
2490,Nate  NYC,02/19/2024,Webcam,Electronics,2,$59.99,processing
2491,Diana  NYC,03-02-2024,Clock,Home,9,20,delivered
2492,Karen  ATL,06-02-2024,Water Bottle,Sports,2,14.99,Delivered
2493,Eve  SF,12-09-2024,Blender,Home,6,44.99,Delivered
2494,Alice  NYC,11-04-2024,Stapler,Office,3,15.99,returned
2495,Diana  NYC,04/18/2024,Whiteboard,Office,3,49.99,returned
2496,Ivy  MIA,10/22/2024,Resistance Band,Sports,2,12.99,Delivered
2497,Jack  PHX,02-12-2024,Coffee Maker,Home,7,59.99,Delivered
2498,Eve  SF,28-08-2024,Yoga Mat,Sports,8,29.99,Pending
2499,Ivy  MIA,11/28/2024,"""Dumbbell""",Sports,3,$39.99,returned
2500,Alice  NYC,07/27/24,Jacket,Clothing,9,$89.99,processing
2501,Sam  SEA,04/18/2024,Belt,Clothing,1,29,Pending
2502,Quinn  SF,27-05-2024,Hat,Clothing,7,19.99,cancelled
2503,Diana  NYC,10-29-2024,"""Calculator""",Office,2,24,Delivered
2504,Sam  SEA,12/30/24,Yoga Mat,Sports,4,$29.99,cancelled
2505,Bob  LA,10/21/24,Toaster,Home,5,29.99,cancelled
2506,Alice  NYC,07-07-2024,Desk Lamp,Office,3,34.99,Pending
2507,Quinn  SF,18-07-2024,Pillow,Home,3,$24.99,cancelled
2508,Hank  BOS,08-25-2024,"""Binder""",Office,1,5,delivered
2509,Bob  LA,13-03-2024,Jump Rope,Sports,2,10,Delivered
2510,Alice  NYC,11-25-2024,Yoga Mat,Sports,6,30,shipped
2511,Ivy  MIA,03-09-2024,Blanket,Home,4,34,cancelled
2512,Mia  PDX,17-05-2024,Resistance Band,Sports,3,12.99,processing
2513,Diana Prince,10/17/24,Jump Rope,Sports,1,9.99,cancelled
ORD-2514,Ivy  MIA,17-11-2024,Resistance Band,Sports,9,$12.99,processing
2515,Alice  NYC,04-09-2024,Water Bottle,Sports,1,14,returned
2516,Nate  NYC,15-10-2024,Desk Lamp,Office,10,34.99,returned
2517,Tina  BOS,08-29-2024,"""Socks""",Clothing,6,10,processing
2518,Hank  BOS,03-11-2024,Yoga Mat,Sports,2,29.99,Pending
2519,Grace  SEA,03-10-2024,"""Running Shoes""",Sports,9,89,cancelled
2520,Diana Prince,08-18-2024,Charger,Electronics,5,14.99,returned
2521,Hank  BOS,23-01-2024,Headphones,Electronics,9,$89.99,Delivered
2522,Alice  NYC,02/15/2024,Pillow,Home,6,24.99,cancelled
2523,Ivy  MIA,01/14/24,Whiteboard,Office,9,$49.99,delivered
2524,Grace  SEA,04-17-2024,Sneakers,Clothing,3,$75.00,pending
2525,Bob  LA,17-11-2024,"""Jacket""",Clothing,4,90,Pending
2526,Charlie  CHI,01/18/2024,Belt,Clothing,3,30,pending
2527,Nate  NYC,08-10-2024,"""Sneakers""",Clothing,7,75,pending
2528,Quinn  SF,08-19-2024,Resistance Band,Sports,10,13,processing
2529,Grace  SEA,10-06-2024,Toaster,Home,8,30,cancelled
2530,Alice Smith,10/24/24,Binder,Office,8,5.99,pending
2531,Hank  BOS,12-30-2024,Yoga Mat,Sports,7,29.99,delivered
2532,Rose  DAL,10-05-2024,Sneakers,Clothing,9,75,cancelled
2533,Charlie  CHI,03-10-2024,Yoga Mat,Sports,6,29.99,delivered
2534,Grace  SEA,06-02-2024,Jeans,Clothing,10,59,processing
2535,Karen  ATL,12-06-2024,"""Whiteboard""",Office,1,49.99,delivered
2536,Frank  DAL,20-02-2024,"""Yoga Mat""",Sports,4,29,processing
2537,Bob  LA,07/13/24,Yoga Mat,Sports,6,30,processing
2538,Jack  PHX,03-10-2024,Smartphone,Electronics,10,699.99,Delivered
ORD-2539,Charlie  CHI,16-09-2024,Notebook,Office,8,8.99,shipped
2540,Tina  BOS,07-04-2024,Desk Lamp,Office,6,34.99,Delivered
2541,Mia  PDX,26-04-2024,Monitor,Electronics,5,299.99,RETURNED
2542,Leo  DEN,16-11-2024,Hat,Clothing,9,19.99,delivered
2543,Hank  BOS,11/15/2024,Resistance Band,Sports,6,12.99,pending
2544,Bob  LA,03-04-2024,Mouse,Electronics,5,25,processing
2545,Ivy  MIA,05-07-2024,Stapler,Office,8,15,cancelled
2546,Grace  SEA,13-03-2024,USB Hub,Electronics,3,19.99,Delivered
2547,Quinn  SF,08-02-2024,Binder,Office,1,$5.99,RETURNED
2548,Quinn  SF,08/24/24,Headphones,Electronics,5,89.99,Pending
2549,Mia  PDX,07-25-2024,Chair,Office,1,$199.99,RETURNED
2550,Frank  DAL,23-05-2024,Mouse,Electronics,5,25,processing
2551,Quinn  SF,10-11-2024,Monitor,Electronics,6,$299.99,processing
2552,Ivy  MIA,20-01-2024,Belt,Clothing,1,30,delivered
2553,Jack  PHX,26-09-2024,Sneakers,Clothing,6,$75.00,RETURNED
2554,Diana  NYC,12/30/2024,Jacket,Clothing,2,89.99,shipped
2555,Diana  NYC,09-09-2024,Dumbbell,Sports,2,$39.99,pending
2556,Karen  ATL,11-09-2024,USB Hub,Electronics,2,19.99,shipped
2557,Karen  ATL,09/25/24,Tablet,Electronics,7,349.99,delivered
2558,Grace  SEA,10-08-2024,Charger,Electronics,7,14.99,processing
2559,Hank  BOS,05/25/2024,Calculator,Office,8,25,returned
2560,Nate  NYC,06-26-2024,Running Shoes,Sports,6,89.99,delivered
2561,Tina  BOS,02/25/2024,Smartphone,Electronics,10,700,Delivered
2562,Mia  PDX,03-28-2024,Notebook,Office,7,N/A,cancelled
2563,Quinn  SF,02-09-2024,Belt,Clothing,6,29,Delivered
2564,Jack  PHX,11/18/24,Water Bottle,Sports,1,15,RETURNED
2565,Mia  PDX,08-06-2024,Smartphone,Electronics,2,$699.99,delivered
2566,Bob  LA,14-01-2024,Socks,Clothing,10,9.99,pending
2567,Charlie  CHI,23-06-2024,Jeans,Clothing,4,60,delivered
2568,Quinn  SF,10-14-2024,Blender,Home,8,44,cancelled
2569,Ivy  MIA,27-09-2024,Mouse,Electronics,9,25,cancelled
2570,Hank  BOS,01-24-2024,Running Shoes,Sports,3,89,cancelled
2571,Tina  BOS,11-06-2024,Mouse,Electronics,8,25,processing
2572,Sam  SEA,31-12-2024,Headphones,Electronics,3,89.99,Delivered
2573,Frank  DAL,20-10-2024,Running Shoes,Sports,7,89.99,Delivered
2574,Tina  BOS,01-10-2024,Blender,Home,5,$44.99,Pending
2575,Sam  SEA,10/18/2024,Pen Set,Office,9,13,cancelled
2576,Grace  SEA,10/15/2024,Dress,Clothing,7,49,delivered
2577,Alice  NYC,08-01-2024,Toaster,Home,2,29,shipped
2578,Grace  SEA,11-28-2024,Sneakers,Clothing,10,75,processing
2579,Rose  DAL,03/13/2024,Notebook,Office,7,8.99,Pending
2580,Rose  DAL,12-12-2024,Hat,Clothing,6,19.99,Pending
2581,Charlie  CHI,01-08-2024,Rug,Home,2,$89.99,shipped
2582,Diana  NYC,06/21/24,Sneakers,Clothing,6,75,Delivered
2583,Ivy  MIA,05/19/24,Sneakers,Clothing,5,75,delivered
2584,Frank  DAL,03-11-2024,"""TShirt""",Clothing,9,25,Pending
2585,Bob  LA,06/20/24,"""Pillow""",Home,4,24.99,delivered
2586,Mia  PDX,07-02-2024,Running Shoes,Sports,5,89.99,delivered
2587,Frank  DAL,11-17-2024,Dumbbell,Sports,8,39,delivered
2588,Hank  BOS,02-11-2024,Notebook,Office,8,8,Pending
2589,Olivia  LA,06/25/24,Rug,Home,10,$89.99,processing
2590,Paul  CHI,12/24/2024,Rug,Home,3,89.99,returned
2591,Ivy  MIA,04-11-2024,Running Shoes,Sports,2,$89.99,shipped
2592,Eve  SF,25-06-2024,Whiteboard,Office,3,$49.99,returned
2593,Charlie  CHI,03/24/24,Jacket,Clothing,2,89.99,Pending
2594,Nate  NYC,10-06-2024,Running Shoes,Sports,8,89,RETURNED
ORD-2595,Grace  SEA,01-26-2024,Smartphone,Electronics,5,699.99,RETURNED
2596,Mia  PDX,01-05-2024,Mouse,Electronics,5,25,cancelled
2597,Diana  NYC,12-07-2024,Yoga Mat,Sports,8,29,pending
2598,Charlie  CHI,04-03-2024,Jeans,Clothing,10,59.99,cancelled
2599,Nate  NYC,08-12-2024,Jump Rope,Sports,8,9.99,Pending
ORD-2600,Hank  BOS,05-10-2024,Dumbbell,Sports,9,$39.99,Pending
2601,Hank  BOS,21-11-2024,Coffee Maker,Home,10,59.99,Pending
2602,Diana  NYC,07/26/2024,USB Hub,Electronics,8,$19.99,pending
2603,Alice  NYC,04-02-2024,USB Hub,Electronics,2,$19.99,RETURNED
2604,Frank  DAL,08/17/24,"""Lamp""",Home,6,39.99,Delivered
2605,Eve  SF,10-19-2024,Running Shoes,Sports,3,89.99,RETURNED
2606,Olivia  LA,08-08-2024,Smartphone,Electronics,5,$699.99,processing
2607,Rose  DAL,01/18/2024,Jacket,Clothing,1,90,cancelled
2608,Rose  DAL,11-27-2024,Running Shoes,Sports,9,90,Delivered
2609,Karen  ATL,25-05-2024,Resistance Band,Sports,2,12.99,shipped
2610,Quinn  SF,05-10-2024,"""Tablet""",Electronics,3,$349.99,shipped
2611,Grace  SEA,07/13/24,TShirt,Clothing,8,25,returned
2612,Olivia  LA,21-10-2024,Water Bottle,Sports,3,14.99,processing
2613,Eve  SF,01/20/2024,Socks,Clothing,4,9,RETURNED
2614,Alice  NYC,05-12-2024,Sneakers,Clothing,5,75,Pending
2615,Tina  BOS,05/23/2024,"""Coffee Maker""",Home,2,$59.99,pending
2616,Karen  ATL,08/23/2024,Chair,Office,9,199,Pending
2617,Leo  DEN,12/15/2024,Jump Rope,Sports,4,$9.99,Delivered
2618,Hank  BOS,10-02-2024,Jeans,Clothing,3,60,pending
2619,Karen  ATL,03/26/2024,Toaster,Home,6,29,pending
2620,Sam  SEA,04/24/2024,Socks,Clothing,6,9.99,returned
2621,Mia  PDX,06/15/24,Tablet,Electronics,7,349.99,RETURNED
2622,Jack  PHX,12-11-2024,TShirt,Clothing,10,25,returned
2623,Diana  NYC,26-12-2024,Water Bottle,Sports,4,14.99,cancelled
2624,Bob  LA,30-05-2024,Desk Lamp,Office,2,35,returned
2625,Karen  ATL,08/31/2024,Jacket,Clothing,4,89,returned
2626,Nate  NYC,03/17/24,"""Notebook""",Office,10,9,Delivered
2627,Charlie  CHI,03-03-2024,Stapler,Office,10,15.99,processing
2628,Bob  LA,04/30/2024,"""Belt""",Clothing,6,$29.99,processing
2629,Leo  DEN,30-01-2024,Socks,Clothing,7,9,processing
2630,Olivia  LA,27-12-2024,Chair,Office,3,199,processing
2631,Ivy  MIA,05-27-2024,Binder,Office,6,5.99,processing
2632,Tina  BOS,01-04-2024,USB Hub,Electronics,1,$19.99,delivered
2633,Jack  PHX,11/25/24,"""Sneakers""",Clothing,4,$75.00,RETURNED
2634,Charlie  CHI,20-11-2024,Whiteboard,Office,9,$49.99,processing
2635,Diana Prince,14-03-2024,Binder,Office,10,5,cancelled
2636,Olivia  LA,07-06-2024,Binder,Office,1,$5.99,pending
2637,Jack  PHX,02-24-2024,Smartphone,Electronics,3,699.99,cancelled
2638,Eve  SF,31-01-2024,TShirt,Clothing,10,25,delivered
2639,Quinn  SF,06/25/24,Calculator,Office,9,24,processing
2640,Paul  CHI,02-09-2024,Tablet,Electronics,3,350,RETURNED
2641,Leo  DEN,17-01-2024,Calculator,Office,3,24.99,pending
2642,Quinn  SF,22-02-2024,Rug,Home,9,$89.99,delivered
2643,Frank  DAL,11-04-2024,Tablet,Electronics,8,$349.99,cancelled
2644,Sam  SEA,10/17/2024,Webcam,Electronics,3,59.99,cancelled
2645,Frank  DAL,23-11-2024,Lamp,Home,10,39.99,cancelled
2646,Eve  SF,10-03-2024,Socks,Clothing,4,9.99,RETURNED
2647,Jack  PHX,04-22-2024,Tablet,Electronics,8,349,Pending
2648,Alice  NYC,02-29-2024,Chair,Office,8,199.99,shipped
2649,Sam  SEA,06-18-2024,Jacket,Clothing,3,89.99,shipped
2650,Paul  CHI,10/23/2024,Belt,Clothing,6,$29.99,processing
ORD-2651,Eve  SF,10-07-2024,Keyboard,Electronics,7,45,pending
2652,Bob  LA,09/14/2024,Water Bottle,Sports,8,14.99,shipped
ORD-2653,Grace  SEA,02-01-2024,Whiteboard,Office,9,49,cancelled
2654,Jack  PHX,26-02-2024,Blender,Home,10,45,returned
2655,Frank  DAL,03/26/2024,"""Yoga Mat""",Sports,3,29.99,RETURNED
2656,Charlie  CHI,01/30/2024,Blanket,Home,9,$34.99,cancelled
2657,Sam  SEA,02/17/2024,Blender,Home,10,44,returned
2658,Bob  LA,28-07-2024,Jeans,Clothing,2,59,pending
2659,Tina  BOS,03-07-2024,Mouse,Electronics,7,25,
2660,Bob  LA,04/19/24,Calculator,Office,4,24.99,Delivered
2661,Nate  NYC,09/23/24,TShirt,Clothing,8,25,pending
2662,Jack  PHX,11/16/2024,"""Headphones""",Electronics,9,89,pending
2663,Alice  NYC,03-06-2024,Stapler,Office,5,15,cancelled
2664,Leo  DEN,04/19/2024,Binder,Office,2,5.99,RETURNED
2665,Sam  SEA,13-03-2024,Mouse,Electronics,8,25,cancelled
2666,Leo  DEN,14-01-2024,Jump Rope,Sports,3,$9.99,returned
2667,Eve  SF,23-03-2024,Coffee Maker,Home,6,59.99,cancelled
2668,Ivy  MIA,08-06-2024,"""Resistance Band""",Sports,2,12,delivered
2669,Eve  SF,12/16/24,Pen Set,Office,5,$12.99,cancelled
2670,Jack  PHX,09-11-2024,"""Mouse""",Electronics,6,25,shipped
2671,Jack  PHX,25-05-2024,Calculator,Office,6,25,pending
ORD-2672,Ivy  MIA,08-10-2024,Keyboard,Electronics,5,45,returned
2673,Bob  LA,10-10-2024,"""Yoga Mat""",Sports,1,29,returned
2674,Ivy  MIA,10-05-2024,Tablet,Electronics,9,349.99,processing
2675,Leo  DEN,12/26/24,TShirt,Clothing,2,25,shipped
2676,Quinn  SF,06/19/24,Blender,Home,8,$44.99,delivered
ORD-2677,Jack  PHX,03/30/24,Jump Rope,Sports,4,9,cancelled
2678,Sam  SEA,09-05-2024,Whiteboard,Office,7,49.99,delivered
2679,Rose  DAL,10-05-2024,Sneakers,Clothing,3,75,Pending
2680,Eve  SF,01-10-2024,Yoga Mat,Sports,3,29,delivered
2681,Mia  PDX,02-04-2024,Headphones,Electronics,10,89.99,delivered
2682,Paul  CHI,04/30/2024,"""Headphones""",Electronics,5,89.99,processing
2683,Sam  SEA,03/29/24,Notebook,Office,2,9,Delivered
2684,Quinn  SF,07/21/2024,Jump Rope,Sports,10,9,processing
2685,Hank  BOS,07/14/2024,Belt,Clothing,2,29,processing
2686,Diana  NYC,26-01-2024,Blender,Home,8,45,shipped
2687,Hank  BOS,12-08-2024,Socks,Clothing,4,9.99,Delivered
2688,Diana  NYC,08-08-2024,"""Coffee Maker""",Home,5,$59.99,delivered
2689,Bob  LA,03/22/24,Dumbbell,Sports,7,39.99,Delivered
2690,Rose  DAL,09/19/2024,Monitor,Electronics,10,299.99,processing
2691,Sam  SEA,10-02-2024,"""Jeans""",Clothing,8,59.99,Delivered
2692,Quinn  SF,09-30-2024,Smartphone,Electronics,5,700,pending
2693,Olivia  LA,10-07-2024,Desk Lamp,Office,8,34.99,delivered
2694,Bob  LA,12-07-2024,Notebook,Office,6,8,pending
2695,Mia  PDX,18-09-2024,"""Binder""",Office,2,$5.99,Delivered
2696,Tina  BOS,09-12-2024,Resistance Band,Sports,7,12.99,delivered
2697,Sam  SEA,08-04-2024,Headphones,Electronics,2,89.99,RETURNED
2698,Paul  CHI,24-04-2024,Jacket,Clothing,9,89.99,Pending
2699,Olivia  LA,03-08-2024,Toaster,Home,1,29.99,Pending
2700,Hank  BOS,06-08-2024,"""Water Bottle""",Sports,8,14.99,returned
2701,Eve  SF,04-05-2024,USB Hub,Electronics,6,19.99,Delivered
2702,Eve  SF,12/22/2024,Dumbbell,Sports,7,39.99,cancelled
2703,Nate  NYC,11-04-2024,Binder,Office,9,5,returned
2704,Tina  BOS,07-05-2024,"""Headphones""",Electronics,2,89.99,pending
ORD-2705,Grace  SEA,06-23-2024,Monitor,Electronics,7,299.99,cancelled
2706,Ivy  MIA,03-07-2024,Yoga Mat,Sports,1,$29.99,Delivered
ORD-2707,Ivy  MIA,22-12-2024,USB Hub,Electronics,1,$19.99,Delivered
2708,Sam  SEA,09-21-2024,Tablet,Electronics,8,349.99,Delivered
2709,Sam  SEA,08/24/2024,Smartphone,Electronics,1,699,pending
2710,Charlie  CHI,04-04-2024,Blender,Home,6,44.99,Pending
2711,Rose  DAL,07/21/2024,Resistance Band,Sports,4,12.99,processing
2712,Quinn  SF,06-09-2024,Pen Set,Office,10,13,returned
2713,Eve  SF,06-05-2024,TShirt,Clothing,8,25,delivered
2714,Charlie  CHI,11-10-2024,Coffee Maker,Home,10,59.99,cancelled
2715,Hank  BOS,07-09-2024,Jeans,Clothing,5,60,delivered
2716,Alice Smith,06-01-2024,Running Shoes,Sports,5,$89.99,Delivered
2717,Jack  PHX,10-08-2024,Blanket,Home,9,34.99,shipped
2718,Karen  ATL,04-08-2024,"""Stapler""",Office,5,16,shipped
2719,Karen  ATL,04-23-2024,Charger,Electronics,5,15,processing
2720,Alice  NYC,03-07-2024,Socks,Clothing,7,9,Pending
2721,Jack  PHX,01/28/24,Lamp,Home,6,$39.99,Pending
2722,Frank  DAL,01-09-2024,Dress,Clothing,8,49,Delivered
2723,Karen  ATL,12/29/24,Coffee Maker,Home,3,60,returned
2724,Quinn  SF,01-08-2024,Binder,Office,1,5.99,shipped
2725,Mia  PDX,10/22/2024,Toaster,Home,2,$29.99,RETURNED
2726,Alice  NYC,25-03-2024,Calculator,Office,7,25,returned
2727,Diana  NYC,06-24-2024,Monitor,Electronics,4,299,Pending
2728,Sam  SEA,07-07-2024,Yoga Mat,Sports,6,$29.99,processing
ORD-2729,Eve  SF,09-05-2024,Running Shoes,Sports,9,90,Delivered
2730,Nate  NYC,04-10-2024,Chair,Office,6,$199.99,returned
2731,Grace  SEA,12/15/2024,Blanket,Home,10,34,returned
2732,Mia  PDX,03/27/24,Dress,Clothing,3,49,cancelled
2733,Rose  DAL,12-01-2024,Jeans,Clothing,6,59.99,delivered
2734,Charlie  CHI,12-31-2024,Pillow,Home,5,25,delivered
2735,Hank  BOS,27-04-2024,Resistance Band,Sports,5,12.99,cancelled
2736,Alice Smith,08/30/2024,"""Smartphone""",Electronics,7,699,Delivered
2737,Charlie  CHI,13-05-2024,Stapler,Office,5,16,Pending
2738,Rose  DAL,11-13-2024,Jump Rope,Sports,8,9.99,shipped
2739,Rose  DAL,01-10-2024,Desk Lamp,Office,2,$34.99,processing
2740,Ivy  MIA,03/20/2024,Rug,Home,9,89.99,delivered
ORD-2741,Karen  ATL,09-05-2024,Belt,Clothing,8,$29.99,cancelled
2742,Charlie  CHI,30-03-2024,Resistance Band,Sports,7,13,pending
2743,Rose  DAL,10/17/24,Water Bottle,Sports,4,$14.99,pending
2744,Rose  DAL,03/29/2024,Toaster,Home,10,$29.99,processing
2745,Sam  SEA,01-08-2024,Jacket,Clothing,1,89.99,cancelled
2746,Alice Smith,01/24/24,Water Bottle,Sports,7,14.99,processing
2747,Tina  BOS,01-06-2024,Running Shoes,Sports,7,89.99,returned
2748,Grace  SEA,28-05-2024,"""Headphones""",Electronics,4,89.99,cancelled
2749,Charlie  CHI,09-04-2024,Tablet,Electronics,9,$349.99,Delivered
2750,Sam  SEA,07-25-2024,"""Laptop""",Electronics,1,799,delivered
2751,Ivy  MIA,01-11-2024,Water Bottle,Sports,2,15,Pending
2752,Mia  PDX,06-02-2024,"""Mouse""",Electronics,7,25,returned
2753,Hank  BOS,11-10-2024,Tablet,Electronics,2,349,Delivered
2754,Paul  CHI,08-08-2024,Yoga Mat,Sports,9,$29.99,processing
2755,Rose  DAL,22-03-2024,Running Shoes,Sports,10,89,shipped
2756,Quinn  SF,07-02-2024,Blender,Home,8,44.99,delivered
2757,Sam  SEA,07-12-2024,Calculator,Office,10,24,cancelled
ORD-2758,Charlie  CHI,10-13-2024,Calculator,Office,9,24.99,Pending
2759,Charlie  CHI,24-08-2024,Charger,Electronics,3,14.99,RETURNED
2760,Diana  NYC,31-05-2024,Blanket,Home,3,34,pending
2761,Diana  NYC,07-25-2024,Dumbbell,Sports,10,39.99,Pending
2762,Frank  DAL,28-01-2024,Lamp,Home,2,39,RETURNED
2763,Eve  SF,24-01-2024,Jump Rope,Sports,6,9,Pending
2764,Eve  SF,01-01-2024,Dumbbell,Sports,6,39,delivered
2765,Bob  LA,05/20/24,Pillow,Home,6,24,shipped
2766,Eve  SF,16-06-2024,Toaster,Home,9,29.99,delivered
2767,Paul  CHI,05-03-2024,Dumbbell,Sports,5,39,pending
2768,Charlie  CHI,06/28/2024,"""Jump Rope""",Sports,2,9.99,delivered
2769,Sam  SEA,12-02-2024,Charger,Electronics,8,14.99,RETURNED
ORD-2770,Charlie  CHI,10-18-2024,Webcam,Electronics,8,59.99,cancelled
2771,Olivia  LA,05-11-2024,Lamp,Home,1,39,processing
2772,Jack  PHX,24-09-2024,Chair,Office,3,199.99,Pending
2773,Sam  SEA,08/29/24,Lamp,Home,5,40,Pending
2774,Charlie  CHI,10-02-2024,Dumbbell,Sports,4,40,cancelled
2775,Charlie  CHI,07-25-2024,Notebook,Office,9,8.99,pending
2776,Jack  PHX,18-03-2024,Calculator,Office,4,25,processing
2777,Ivy  MIA,10/28/2024,Coffee Maker,Home,8,$59.99,cancelled
2778,Ivy  MIA,06-11-2024,Resistance Band,Sports,5,$12.99,Pending
2779,Jack  PHX,15-08-2024,TShirt,Clothing,1,25,delivered
2780,Olivia  LA,04/15/2024,Pen Set,Office,7,$12.99,pending
2781,Alice  NYC,22-01-2024,Jump Rope,Sports,6,9.99,Delivered
2782,Tina  BOS,16-09-2024,Jeans,Clothing,2,59,returned
2783,Alice Smith,03/27/24,Calculator,Office,1,$24.99,Pending
2784,Leo  DEN,01-01-2024,Chair,Office,2,$199.99,pending
2785,Karen  ATL,21-03-2024,Jump Rope,Sports,1,9.99,delivered
ORD-2786,Diana  NYC,08/13/2024,Socks,Clothing,10,10,RETURNED
ORD-2787,Jack  PHX,08/25/2024,Blender,Home,4,$44.99,processing
ORD-2788,Leo  DEN,12-07-2024,Running Shoes,Sports,1,$89.99,delivered
ORD-2789,Mia  PDX,12/19/2024,Dumbbell,Sports,1,$39.99,returned
2790,Leo  DEN,23-12-2024,Monitor,Electronics,9,299.99,returned
2791,Jack  PHX,11-11-2024,Monitor,Electronics,6,299.99,processing
2792,Hank  BOS,02-06-2024,Jump Rope,Sports,6,9,delivered
2793,Paul  CHI,08-07-2024,Yoga Mat,Sports,7,29.99,delivered
2794,Mia  PDX,13-09-2024,"""Blanket""",Home,4,34,pending
2795,Grace  SEA,01-11-2024,Jump Rope,Sports,6,$9.99,Pending
2796,Mia  PDX,20-11-2024,Socks,Clothing,4,$9.99,delivered
2797,Grace  SEA,05/26/24,Chair,Office,7,$199.99,shipped
ORD-2798,Frank  DAL,06/18/24,Jacket,Clothing,4,90,returned
2799,Bob  LA,11-10-2024,Coffee Maker,Home,1,59.99,processing
2800,Alice Smith,03-10-2024,Mouse,Electronics,8,$25.00,delivered
2801,Karen  ATL,05-10-2024,Lamp,Home,10,39.99,RETURNED
2802,Frank  DAL,26-03-2024,Running Shoes,Sports,7,90,delivered
2803,Hank  BOS,08-07-2024,TShirt,Clothing,3,25,processing
2804,Ivy  MIA,08/15/24,Coffee Maker,Home,3,59.99,returned
2805,Frank  DAL,02/20/2024,Yoga Mat,Sports,7,$29.99,pending
2806,Quinn  SF,10/16/24,Resistance Band,Sports,1,13,Pending
2807,Diana  NYC,28-10-2024,Socks,Clothing,9,9.99,shipped
2808,Paul  CHI,06-22-2024,USB Hub,Electronics,1,19.99,shipped
2809,Tina  BOS,09/17/2024,Smartphone,Electronics,10,$699.99,shipped
ORD-2810,Quinn  SF,27-03-2024,Notebook,Office,9,$8.99,pending
2811,Frank  DAL,12-05-2024,Jump Rope,Sports,4,$9.99,delivered
2812,Ivy  MIA,03-02-2024,Desk Lamp,Office,9,34.99,RETURNED
2813,Grace  SEA,05-21-2024,TShirt,Clothing,4,25,cancelled
ORD-2814,Eve  SF,04-05-2024,Lamp,Home,3,39.99,cancelled
2815,Eve  SF,07-21-2024,Lamp,Home,7,40,delivered
2816,Bob  LA,23-08-2024,Dumbbell,Sports,8,39,Pending
2817,Diana  NYC,11-02-2024,Jacket,Clothing,1,$89.99,Pending
2818,Charlie  CHI,09-28-2024,Coffee Maker,Home,3,59.99,returned
2819,Alice Smith,03-24-2024,"""Jump Rope""",Sports,7,9,returned
2820,Grace  SEA,07/26/2024,"""Clock""",Home,1,20,RETURNED
2821,Nate  NYC,29-04-2024,Clock,Home,1,19,pending
2822,Quinn  SF,10-05-2024,"""Whiteboard""",Office,10,50,delivered
ORD-2823,Nate  NYC,17-10-2024,Dress,Clothing,4,$49.99,RETURNED
2824,Tina  BOS,09-03-2024,Pillow,Home,3,24,returned
2825,Eve  SF,22-12-2024,Toaster,Home,6,29.99,Delivered
2826,Diana  NYC,09-09-2024,Running Shoes,Sports,1,89.99,returned
2827,Nate  NYC,19-10-2024,Dress,Clothing,2,49.99,Delivered
2828,Rose  DAL,05-04-2024,Jacket,Clothing,5,89,delivered
2829,Hank  BOS,02-09-2024,Desk Lamp,Office,1,$34.99,RETURNED
2830,Quinn  SF,27-08-2024,Webcam,Electronics,5,60,Delivered
2831,Olivia  LA,11-08-2024,Whiteboard,Office,6,$49.99,shipped
2832,Ivy  MIA,16-04-2024,Resistance Band,Sports,2,12,pending
2833,Karen  ATL,06/19/2024,Smartphone,Electronics,1,699.99,Delivered
2834,Karen  ATL,14-07-2024,Toaster,Home,6,29.99,Delivered
2835,Frank  DAL,02-05-2024,TShirt,Clothing,5,$25.00,returned
2836,Mia  PDX,10-25-2024,Notebook,Office,5,8.99,cancelled
2837,Frank  DAL,29-01-2024,Headphones,Electronics,5,$89.99,Pending
2838,Olivia  LA,28-09-2024,Laptop,Electronics,2,799,pending
2839,Diana Prince,06-11-2024,"""Water Bottle""",Sports,9,15,cancelled
ORD-2840,Ivy  MIA,12-05-2024,Hat,Clothing,9,19,shipped
2841,Paul  CHI,03-16-2024,TShirt,Clothing,7,25,shipped
2842,Eve  SF,01-02-2024,Lamp,Home,4,39,Delivered
2843,Bob  LA,13-01-2024,Stapler,Office,9,15.99,RETURNED
2844,Bob  LA,03-02-2024,Belt,Clothing,3,$29.99,pending
2845,Grace  SEA,21-04-2024,Charger,Electronics,10,14.99,processing
2846,Charlie  CHI,14-11-2024,TShirt,Clothing,4,25,RETURNED
2847,Quinn  SF,19-11-2024,TShirt,Clothing,3,25,cancelled
2848,Leo  DEN,18-03-2024,Desk Lamp,Office,3,$34.99,cancelled
2849,Grace  SEA,08-30-2024,Resistance Band,Sports,5,13,RETURNED
2850,Hank  BOS,07/22/24,Smartphone,Electronics,1,699,delivered
ORD-2851,Olivia  LA,03-22-2024,Hat,Clothing,2,19.99,Pending
2852,Alice  NYC,10-12-2024,"""Hat""",Clothing,9,$19.99,pending
2853,Paul  CHI,09-01-2024,Blanket,Home,5,34,RETURNED
2854,Ivy  MIA,03/23/2024,Sneakers,Clothing,3,$75.00,delivered
2855,Tina  BOS,12-06-2024,Socks,Clothing,10,$9.99,pending
2856,Leo  DEN,18-04-2024,Toaster,Home,10,30,delivered
2857,Hank  BOS,29-01-2024,"""Pillow""",Home,2,N/A,Pending
2858,Paul  CHI,13-10-2024,TShirt,Clothing,6,$25.00,returned
2859,Karen  ATL,12-04-2024,Monitor,Electronics,3,299,processing
2860,Mia  PDX,08/31/24,Lamp,Home,6,40,RETURNED
2861,Sam  SEA,02-06-2024,Jeans,Clothing,7,60,RETURNED
2862,Ivy  MIA,29-10-2024,Charger,Electronics,10,$14.99,shipped
2863,Leo  DEN,05-09-2024,Tablet,Electronics,3,349.99,Pending
2864,Alice Smith,06-06-2024,Blender,Home,2,$44.99,cancelled
2865,Nate  NYC,07/26/24,Water Bottle,Sports,10,14,processing
2866,Charlie  CHI,08-03-2024,Clock,Home,10,$19.99,Pending
2867,Alice  NYC,05-01-2024,Calculator,Office,7,25,Delivered
2868,Tina  BOS,12-10-2024,Lamp,Home,1,39.99,RETURNED
2869,Diana Prince,27-06-2024,Jeans,Clothing,6,59.99,Pending
2870,Jack  PHX,12-03-2024,Blanket,Home,1,34.99,processing
2871,Jack  PHX,30-10-2024,Clock,Home,10,19,Delivered
ORD-2872,Charlie  CHI,11-05-2024,Hat,Clothing,7,19.99,delivered
2873,Hank  BOS,05/19/2024,Belt,Clothing,10,29,Pending
2874,Olivia  LA,22-12-2024,Charger,Electronics,3,14.99,cancelled
2875,Bob  LA,06/28/24,Water Bottle,Sports,3,15,pending
2876,Olivia  LA,10-11-2024,Hat,Clothing,2,20,processing
2877,Rose  DAL,02-12-2024,Binder,Office,5,5,cancelled
2878,Karen  ATL,06-05-2024,Desk Lamp,Office,5,34.99,returned
2879,Tina  BOS,23-10-2024,Dumbbell,Sports,5,40,Delivered
2880,Ivy  MIA,03-15-2024,Notebook,Office,9,$8.99,delivered
2881,Quinn  SF,12-08-2024,Running Shoes,Sports,4,89.99,processing
2882,Ivy  MIA,03-07-2024,Jeans,Clothing,10,59,pending
2883,Paul  CHI,08-04-2024,Lamp,Home,9,40,Pending
2884,Paul  CHI,03-06-2024,"""Jacket""",Clothing,1,89.99,Pending
2885,Mia  PDX,07-01-2024,Sneakers,Clothing,1,$75.00,pending
2886,Grace  SEA,12/27/2024,Lamp,Home,6,39.99,Pending
2887,Sam  SEA,10/20/2024,Coffee Maker,Home,7,59.99,cancelled
2888,Ivy  MIA,07-17-2024,Jump Rope,Sports,6,9,returned
ORD-2889,Rose  DAL,07-27-2024,Monitor,Electronics,3,$299.99,pending
2890,Hank  BOS,12-01-2024,Blanket,Home,7,$34.99,delivered
2891,Olivia  LA,01/17/2024,Rug,Home,9,89.99,RETURNED
2892,Eve  SF,11/30/24,Binder,Office,1,$5.99,shipped
2893,Jack  PHX,06-12-2024,Desk Lamp,Office,5,$34.99,pending
2894,Leo  DEN,04-08-2024,Jacket,Clothing,10,90,RETURNED
2895,Karen  ATL,11-15-2024,Sneakers,Clothing,9,$75.00,delivered
2896,Eve  SF,01-12-2024,Yoga Mat,Sports,1,$29.99,cancelled
2897,Olivia  LA,12-08-2024,USB Hub,Electronics,6,19.99,pending
2898,Tina  BOS,22-05-2024,Desk Lamp,Office,1,$34.99,cancelled
2899,Frank  DAL,04/30/24,Resistance Band,Sports,8,$12.99,cancelled
2900,Eve  SF,16-02-2024,Jump Rope,Sports,10,9.99,pending
2901,Eve  SF,12-04-2024,Notebook,Office,7,9,shipped
2902,Diana  NYC,02/24/2024,Clock,Home,5,19,pending
2903,Bob  LA,12-12-2024,Dumbbell,Sports,8,$39.99,pending
2904,Charlie  CHI,16-07-2024,Notebook,Office,10,9,processing
2905,Ivy  MIA,10/20/24,Sneakers,Clothing,4,75,pending
2906,Charlie  CHI,30-04-2024,Mouse,Electronics,9,25,processing
2907,Tina  BOS,12/21/24,Tablet,Electronics,8,350,cancelled
2908,Leo  DEN,02-11-2024,Resistance Band,Sports,6,$12.99,returned
2909,Frank  DAL,12-10-2024,Rug,Home,4,$89.99,pending
2910,Leo  DEN,13-12-2024,Jacket,Clothing,3,89,Delivered
2911,Mia  PDX,04-10-2024,Sneakers,Clothing,1,75,Delivered
ORD-2912,Olivia  LA,09/17/2024,Headphones,Electronics,9,89,RETURNED
2913,Olivia  LA,16-09-2024,TShirt,Clothing,10,25,returned
2914,Karen  ATL,08-06-2024,Clock,Home,3,19,pending
2915,Tina  BOS,30-08-2024,Pillow,Home,8,24,pending
2916,Leo  DEN,10-04-2024,"""USB Hub""",Electronics,7,20,pending
2917,Eve  SF,06-02-2024,Stapler,Office,5,15.99,Pending
2918,Eve  SF,12-08-2024,Binder,Office,4,5,Pending
ORD-2919,Tina  BOS,05-12-2024,TShirt,Clothing,2,25,processing
2920,Rose  DAL,01/21/24,Sneakers,Clothing,4,75,Delivered
2921,Hank  BOS,03/18/24,Jeans,Clothing,2,$59.99,pending
2922,Leo  DEN,10-02-2024,Running Shoes,Sports,2,90,Pending
2923,Rose  DAL,02/26/2024,Blanket,Home,2,34.99,RETURNED
2924,Rose  DAL,07-17-2024,Chair,Office,1,199.99,processing
2925,Paul  CHI,16-06-2024,Water Bottle,Sports,6,14.99,Pending
2926,Mia  PDX,05-31-2024,Charger,Electronics,3,$14.99,returned
2927,Nate  NYC,12/19/24,Jeans,Clothing,1,60,delivered
2928,Tina  BOS,10/17/24,Jeans,Clothing,8,59.99,returned
2929,Tina  BOS,11-29-2024,Blanket,Home,9,34.99,processing
2930,Diana  NYC,07/28/24,Laptop,Electronics,7,799,pending
ORD-2931,Bob  LA,07-21-2024,Jacket,Clothing,4,89.99,returned
2932,Bob  LA,10-08-2024,Dress,Clothing,9,$49.99,RETURNED
2933,Frank  DAL,02-01-2024,Dumbbell,Sports,10,39.99,shipped
2934,Nate  NYC,10-11-2024,Rug,Home,4,$89.99,processing
2935,Mia  PDX,15-09-2024,Sneakers,Clothing,7,75,returned
2936,Rose  DAL,08-10-2024,Toaster,Home,2,$29.99,Delivered
2937,Diana Prince,04-12-2024,Monitor,Electronics,9,$299.99,pending
2938,Rose  DAL,02-02-2024,Socks,Clothing,8,9.99,shipped
ORD-2939,Alice  NYC,18-11-2024,Clock,Home,1,19,pending
2940,Rose  DAL,08/27/2024,Desk Lamp,Office,10,$34.99,shipped
2941,Diana  NYC,10/23/2024,Running Shoes,Sports,10,89,cancelled
2942,Jack  PHX,25-12-2024,Toaster,Home,1,$29.99,Pending
2943,Mia  PDX,14-06-2024,Socks,Clothing,2,$9.99,cancelled
2944,Quinn  SF,09-12-2024,Socks,Clothing,10,10,delivered
2945,Jack  PHX,03/14/2024,"""Resistance Band""",Sports,5,12,Pending
2946,Jack  PHX,10-10-2024,Rug,Home,9,89.99,shipped
2947,Paul  CHI,04-09-2024,Chair,Office,2,199.99,processing
2948,Diana  NYC,15-04-2024,Dress,Clothing,9,50,processing
2949,Diana  NYC,11-05-2024,Notebook,Office,6,8.99,processing
ORD-2950,Alice  NYC,07-23-2024,Jeans,Clothing,1,$59.99,shipped
2951,Mia  PDX,05/18/2024,"""Yoga Mat""",Sports,9,$29.99,Delivered
2952,Diana  NYC,04-07-2024,Smartphone,Electronics,10,699.99,RETURNED
2953,Rose  DAL,10-10-2024,Resistance Band,Sports,5,12.99,Pending
2954,Hank  BOS,04/18/24,Lamp,Home,1,39.99,RETURNED
2955,Mia  PDX,17-07-2024,Jump Rope,Sports,1,10,returned
2956,Sam  SEA,14-09-2024,Blanket,Home,10,34.99,delivered
2957,Quinn  SF,07-09-2024,"""Coffee Maker""",Home,4,59,delivered
2958,Jack  PHX,04-09-2024,Stapler,Office,1,15,RETURNED
2959,Rose  DAL,03-13-2024,Lamp,Home,1,39,returned
2960,Leo  DEN,04-04-2024,Clock,Home,7,$19.99,returned
2961,Karen  ATL,06-06-2024,Calculator,Office,5,24,Pending
2962,Jack  PHX,06-16-2024,Whiteboard,Office,10,49,returned
2963,Hank  BOS,27-05-2024,Notebook,Office,2,$8.99,RETURNED
2964,Frank  DAL,03-06-2024,"""Yoga Mat""",Sports,4,29,returned
2965,Charlie  CHI,09-10-2024,Pillow,Home,3,24,Pending
2966,Rose  DAL,06-15-2024,Socks,Clothing,6,9.99,pending
2967,Jack  PHX,07/26/24,Stapler,Office,6,15.99,processing
2968,Leo  DEN,11/22/24,"""Blender""",Home,1,44.99,RETURNED
2969,Charlie  CHI,11-22-2024,Blanket,Home,4,35,RETURNED
2970,Jack  PHX,08/24/24,Running Shoes,Sports,5,89.99,RETURNED
2971,Sam  SEA,19-01-2024,Chair,Office,10,$199.99,cancelled
2972,Rose  DAL,02-05-2024,Jeans,Clothing,7,59.99,cancelled
2973,Quinn  SF,09/16/2024,Hat,Clothing,9,19,pending
2974,Rose  DAL,05/26/2024,Belt,Clothing,4,29.99,Pending
2975,Charlie  CHI,12-04-2024,Tablet,Electronics,7,350,RETURNED
2976,Paul  CHI,01-07-2024,Yoga Mat,Sports,10,29.99,shipped
2977,Ivy  MIA,03/24/2024,Blender,Home,8,44,Pending
2978,Charlie  CHI,11-05-2024,Sneakers,Clothing,3,75,Delivered
ORD-2979,Nate  NYC,01/15/24,Notebook,Office,10,8.99,returned
2980,Tina  BOS,16-12-2024,Pillow,Home,9,$24.99,pending
2981,Charlie  CHI,18-07-2024,Blanket,Home,3,35,processing
2982,Jack  PHX,03/28/2024,Running Shoes,Sports,6,89,RETURNED
2983,Paul  CHI,02/26/2024,Jump Rope,Sports,3,9.99,delivered
2984,Charlie  CHI,11-03-2024,Water Bottle,Sports,10,14.99,
2985,Tina  BOS,27-09-2024,Blender,Home,6,44.99,Delivered
2986,Diana  NYC,07/19/2024,Hat,Clothing,3,19.99,returned
2987,Grace  SEA,02-11-2024,Socks,Clothing,9,9.99,cancelled
2988,Paul  CHI,01-06-2024,Headphones,Electronics,6,89.99,pending
2989,Olivia  LA,08-04-2024,Webcam,Electronics,9,59,cancelled
2990,Leo  DEN,08-12-2024,Notebook,Office,8,8.99,cancelled
2991,Mia  PDX,01-06-2024,Mouse,Electronics,10,25,processing
ORD-2992,Sam  SEA,03-03-2024,Stapler,Office,6,16,Pending
2993,Bob  LA,25-05-2024,Pen Set,Office,2,12.99,delivered
2994,Jack  PHX,09-11-2024,Pillow,Home,6,24.99,Pending
2995,Eve  SF,07/24/2024,Monitor,Electronics,9,299.99,cancelled
2996,Hank  BOS,08-08-2024,Laptop,Electronics,9,800,RETURNED
2997,Jack  PHX,05-02-2024,Jeans,Clothing,7,59,shipped
2998,Leo  DEN,12/13/2024,Mouse,Electronics,4,25,delivered
2999,Quinn  SF,10-05-2024,Clock,Home,1,$19.99,Pending
3000,Mia  PDX,12-07-2024,Desk Lamp,Office,9,34.99,Delivered
3001,Nate  NYC,11-20-2024,Charger,Electronics,8,15,RETURNED
ORD-3002,Jack  PHX,04-06-2024,Notebook,Office,2,8.99,processing
3003,Paul  CHI,08-04-2024,Headphones,Electronics,7,$89.99,processing
3004,Ivy  MIA,30-10-2024,Calculator,Office,10,$24.99,cancelled
3005,Sam  SEA,11/16/24,USB Hub,Electronics,5,19.99,pending
3006,Rose  DAL,02-27-2024,Calculator,Office,6,25,RETURNED
3007,Olivia  LA,24-11-2024,Blender,Home,4,44.99,processing
3008,Diana  NYC,06-05-2024,Blanket,Home,1,$34.99,processing
3009,Charlie  CHI,04-23-2024,Belt,Clothing,6,29.99,cancelled
3010,Paul  CHI,01-07-2024,Pen Set,Office,1,12.99,returned
3011,Leo  DEN,09-03-2024,Coffee Maker,Home,3,59,Delivered
3012,Bob  LA,11-08-2024,Keyboard,Electronics,4,45,RETURNED
3013,Eve  SF,26-12-2024,"""Pen Set""",Office,8,12.99,returned
3014,Frank  DAL,06-07-2024,"""Jeans""",Clothing,8,59.99,pending
3015,Ivy  MIA,18-03-2024,Coffee Maker,Home,9,59,Delivered
ORD-3016,Sam  SEA,03-14-2024,Jacket,Clothing,8,90,Delivered
3017,Grace  SEA,01-19-2024,Mouse,Electronics,10,25,Delivered
3018,Nate  NYC,06-10-2024,"""Pillow""",Home,1,$24.99,shipped
3019,Frank  DAL,19-07-2024,"""TShirt""",Clothing,6,$25.00,pending
ORD-3020,Leo  DEN,08/31/2024,"""Resistance Band""",Sports,6,12,RETURNED
3021,Diana  NYC,14-01-2024,Socks,Clothing,10,9.99,cancelled
3022,Charlie  CHI,04/14/2024,Tablet,Electronics,2,349.99,Pending
3023,Quinn  SF,13-01-2024,USB Hub,Electronics,3,19.99,RETURNED
3024,Ivy  MIA,05-02-2024,Tablet,Electronics,3,349.99,delivered
3025,Jack  PHX,03-08-2024,Keyboard,Electronics,5,45,RETURNED
3026,Mia  PDX,02-12-2024,Stapler,Office,10,16,delivered
3027,Jack  PHX,01-12-2024,Clock,Home,7,19.99,pending
ORD-3028,Leo  DEN,04-11-2024,Jacket,Clothing,2,89,processing
3029,Eve  SF,07/14/24,Whiteboard,Office,6,49.99,pending
3030,Sam  SEA,26-07-2024,Pen Set,Office,7,12.99,processing
3031,Ivy  MIA,01/31/24,Rug,Home,8,89,processing
3032,Jack  PHX,02/15/2024,Smartphone,Electronics,8,699.99,returned
3033,Paul  CHI,26-01-2024,"""Dumbbell""",Sports,5,39.99,processing
3034,Grace  SEA,03-10-2024,Sneakers,Clothing,4,75,processing
3035,Olivia  LA,27-09-2024,Smartphone,Electronics,4,699.99,RETURNED
3036,Frank  DAL,09-08-2024,"""Keyboard""",Electronics,3,$45.00,delivered
3037,Karen  ATL,10-07-2024,"""Sneakers""",Clothing,1,75,Pending
3038,Jack  PHX,01-03-2024,Clock,Home,2,19.99,processing
3039,Sam  SEA,10/23/24,Headphones,Electronics,1,89.99,Pending
3040,Eve  SF,12-10-2024,Belt,Clothing,8,29.99,shipped
3041,Tina  BOS,10-05-2024,Smartphone,Electronics,6,700,processing
3042,Ivy  MIA,20-09-2024,"""Laptop""",Electronics,10,799.99,cancelled
3043,Diana  NYC,13-02-2024,"""Belt""",Clothing,2,29.99,returned
3044,Rose  DAL,03/17/24,Whiteboard,Office,10,50,cancelled
3045,Alice Smith,07/29/24,Socks,Clothing,5,9,shipped
3046,Sam  SEA,09-08-2024,Chair,Office,5,199,pending
3047,Diana Prince,12/27/2024,Dress,Clothing,1,$49.99,returned
ORD-3048,Eve  SF,17-03-2024,Belt,Clothing,5,29.99,pending
3049,Leo  DEN,08-27-2024,Tablet,Electronics,6,$349.99,RETURNED
3050,Grace  SEA,05-01-2024,Sneakers,Clothing,8,75,returned
3051,Diana  NYC,10-08-2024,Dumbbell,Sports,6,39.99,Pending
3052,Frank  DAL,02/28/24,Whiteboard,Office,5,49,delivered
3053,Frank  DAL,03-06-2024,Binder,Office,1,5.99,cancelled
3054,Olivia  LA,17-11-2024,Keyboard,Electronics,3,45,returned
3055,Eve  SF,06-15-2024,"""Whiteboard""",Office,7,49,Delivered
3056,Bob  LA,22-04-2024,Stapler,Office,8,15,Pending
3057,Alice Smith,11-16-2024,Webcam,Electronics,6,59,Delivered
3058,Eve  SF,03-27-2024,"""Binder""",Office,7,5.99,RETURNED
3059,Eve  SF,19-07-2024,Hat,Clothing,1,19.99,Pending
3060,Mia  PDX,07/28/2024,Dress,Clothing,10,49,shipped
3061,Ivy  MIA,10/23/24,Calculator,Office,2,$24.99,cancelled
3062,Bob  LA,06-03-2024,Smartphone,Electronics,10,699,pending
3063,Ivy  MIA,10-07-2024,Notebook,Office,7,8,returned
ORD-3064,Karen  ATL,01-07-2024,Blanket,Home,6,$34.99,pending
3065,Mia  PDX,02/21/2024,Chair,Office,2,199.99,shipped
3066,Rose  DAL,29-04-2024,Dumbbell,Sports,1,39,cancelled
3067,Sam  SEA,21-09-2024,Resistance Band,Sports,2,12.99,Pending
3068,Mia  PDX,04-03-2024,Webcam,Electronics,2,59.99,pending
3069,Leo  DEN,01/16/24,Pen Set,Office,3,$12.99,Pending
3070,Tina  BOS,03/13/24,"""Water Bottle""",Sports,4,14,processing
3071,Bob  LA,10/30/2024,Monitor,Electronics,8,299.99,delivered
3072,Ivy  MIA,05-03-2024,Monitor,Electronics,8,299.99,shipped
3073,Sam  SEA,20-03-2024,"""Water Bottle""",Sports,2,14,delivered
3074,Ivy  MIA,01-05-2024,Calculator,Office,6,25,returned
3075,Olivia  LA,03/26/2024,Stapler,Office,1,15,processing
3076,Olivia  LA,01-29-2024,Tablet,Electronics,8,349.99,shipped
3077,Nate  NYC,08-28-2024,Smartphone,Electronics,2,699.99,pending
3078,Tina  BOS,09-08-2024,Running Shoes,Sports,5,89,processing
3079,Karen  ATL,01-04-2024,Tablet,Electronics,9,349.99,Delivered
3080,Rose  DAL,01-08-2024,Calculator,Office,9,24.99,Delivered
3081,Jack  PHX,03-03-2024,Sneakers,Clothing,3,$75.00,delivered
3082,Mia  PDX,07-12-2024,Lamp,Home,5,39,delivered
3083,Olivia  LA,22-10-2024,Pen Set,Office,2,$12.99,pending
3084,Bob  LA,03-01-2024,Blanket,Home,7,34.99,delivered
3085,Leo  DEN,04/18/24,Jump Rope,Sports,3,10,processing
3086,Sam  SEA,06-01-2024,Jump Rope,Sports,4,9.99,returned
3087,Tina  BOS,03/16/24,Laptop,Electronics,4,799.99,RETURNED
3088,Mia  PDX,04/28/2024,Binder,Office,7,$5.99,RETURNED
3089,Rose  DAL,12-09-2024,"""Webcam""",Electronics,2,60,Delivered
3090,Eve  SF,08-29-2024,Water Bottle,Sports,,15,processing
3091,Diana Prince,03-09-2024,Tablet,Electronics,6,349.99,RETURNED
3092,Paul  CHI,12-09-2024,Whiteboard,Office,7,49.99,shipped
3093,Mia  PDX,04-08-2024,Chair,Office,6,200,shipped
3094,Leo  DEN,08/25/24,Laptop,Electronics,1,799.99,RETURNED
3095,Ivy  MIA,20-02-2024,Pillow,Home,1,$24.99,RETURNED
3096,Hank  BOS,14-09-2024,Belt,Clothing,2,30,shipped
3097,Mia  PDX,07-25-2024,Dumbbell,Sports,7,39.99,shipped
3098,Quinn  SF,06-01-2024,Tablet,Electronics,5,$349.99,Pending
3099,Eve  SF,24-07-2024,Monitor,Electronics,4,299.99,Pending
3100,Leo  DEN,27-01-2024,Hat,Clothing,8,19.99,delivered
3101,Quinn  SF,30-01-2024,Water Bottle,Sports,4,$14.99,RETURNED
3102,Ivy  MIA,08-30-2024,Smartphone,Electronics,10,$699.99,Pending
3103,Karen  ATL,08-04-2024,Rug,Home,1,90,Pending
3104,Paul  CHI,22-03-2024,Clock,Home,6,20,returned
3105,Alice Smith,17-04-2024,Jump Rope,Sports,3,9,pending
3106,Grace  SEA,02/22/24,Jacket,Clothing,3,89,returned
3107,Leo  DEN,08-04-2024,Rug,Home,8,89.99,delivered
3108,Frank  DAL,07/25/2024,Jump Rope,Sports,5,9.99,processing
ORD-3109,Leo  DEN,10-26-2024,USB Hub,Electronics,1,$19.99,pending
3110,Frank  DAL,13-12-2024,"""Resistance Band""",Sports,5,$12.99,Delivered
3111,Charlie  CHI,01-10-2024,Yoga Mat,Sports,8,29,returned
3112,Grace  SEA,10-25-2024,Webcam,Electronics,1,60,cancelled
3113,Olivia  LA,03/22/2024,Binder,Office,2,5,Delivered
3114,Nate  NYC,22-07-2024,Yoga Mat,Sports,10,29.99,Delivered
3115,Leo  DEN,11-05-2024,Resistance Band,Sports,10,$12.99,pending
3116,Frank  DAL,10/20/24,Toaster,Home,2,$29.99,Pending
3117,Bob  LA,19-08-2024,"""Water Bottle""",Sports,7,14,RETURNED
ORD-3118,Olivia  LA,07-09-2024,Running Shoes,Sports,4,89.99,RETURNED
3119,Alice  NYC,10-09-2024,Water Bottle,Sports,1,14,Pending
3120,Alice Smith,03/28/2024,Yoga Mat,Sports,2,29.99,delivered
3121,Charlie  CHI,10-04-2024,Desk Lamp,Office,5,35,delivered
3122,Frank  DAL,03-26-2024,Desk Lamp,Office,3,34.99,RETURNED
3123,Eve  SF,11-12-2024,Whiteboard,Office,1,49.99,RETURNED
3124,Bob  LA,04-09-2024,Blanket,Home,4,34.99,cancelled
3125,Jack  PHX,10-02-2024,Toaster,Home,3,29.99,RETURNED
3126,Rose  DAL,02-16-2024,Jeans,Clothing,5,60,delivered
3127,Karen  ATL,11-10-2024,Lamp,Home,10,39.99,delivered
3128,Hank  BOS,28-10-2024,"""Pillow""",Home,8,25,Delivered
3129,Alice  NYC,17-08-2024,Jump Rope,Sports,10,$9.99,returned
3130,Frank  DAL,07-24-2024,"""Monitor""",Electronics,6,$299.99,Pending
3131,Ivy  MIA,12/25/24,Hat,Clothing,2,$19.99,Pending
3132,Hank  BOS,06-10-2024,Resistance Band,Sports,9,13,Delivered
3133,Frank  DAL,06-01-2024,Webcam,Electronics,6,60,returned
3134,Eve  SF,14-08-2024,Headphones,Electronics,1,89.99,shipped
3135,Ivy  MIA,03/19/24,Socks,Clothing,5,$9.99,processing
ORD-3136,Ivy  MIA,04-10-2024,Pen Set,Office,1,13,shipped
3137,Paul  CHI,10/28/2024,Dumbbell,Sports,4,$39.99,processing
3138,Diana  NYC,06-12-2024,Yoga Mat,Sports,8,29.99,Pending
3139,Quinn  SF,10-04-2024,Jump Rope,Sports,9,$9.99,RETURNED
3140,Paul  CHI,09-03-2024,TShirt,Clothing,5,25,pending
3141,Grace  SEA,03/27/2024,"""Whiteboard""",Office,10,49,pending
3142,Leo  DEN,02-06-2024,Smartphone,Electronics,7,$699.99,pending
3143,Grace  SEA,03-24-2024,Stapler,Office,2,$15.99,Delivered
ORD-3144,Sam  SEA,07-20-2024,Yoga Mat,Sports,10,29,shipped
3145,Nate  NYC,03-07-2024,Whiteboard,Office,1,49.99,cancelled
3146,Paul  CHI,01/26/24,Laptop,Electronics,10,799.99,cancelled
3147,Grace  SEA,02/14/2024,Jacket,Clothing,8,89.99,cancelled
3148,Alice  NYC,09-05-2024,Coffee Maker,Home,3,59,RETURNED
3149,Mia  PDX,19-07-2024,Coffee Maker,Home,7,$59.99,cancelled
3150,Leo  DEN,18-05-2024,Jump Rope,Sports,3,$9.99,returned
3151,Nate  NYC,02/28/24,Jeans,Clothing,4,59,Delivered
3152,Charlie  CHI,27-06-2024,Stapler,Office,2,15,Delivered
3153,Grace  SEA,04-07-2024,Clock,Home,7,19.99,Pending
3154,Bob  LA,24-01-2024,Dress,Clothing,3,49.99,Pending
3155,Paul  CHI,14-02-2024,Pen Set,Office,8,12.99,cancelled
3156,Frank  DAL,16-05-2024,Dress,Clothing,8,50,returned
3157,Frank  DAL,07/18/2024,Binder,Office,4,5.99,Delivered
3158,Alice Smith,08-02-2024,Whiteboard,Office,7,$49.99,delivered
3159,Olivia  LA,11/30/24,Water Bottle,Sports,5,14.99,delivered
3160,Hank  BOS,16-02-2024,Whiteboard,Office,5,$49.99,Delivered
ORD-3161,Sam  SEA,09-02-2024,Charger,Electronics,8,14.99,Pending
3162,Paul  CHI,24-09-2024,Blender,Home,8,44.99,Delivered
3163,Bob  LA,31-07-2024,Blender,Home,8,45,Pending
3164,Eve  SF,03-12-2024,Pillow,Home,2,25,returned
ORD-3165,Quinn  SF,08-31-2024,Yoga Mat,Sports,3,29,returned
3166,Quinn  SF,11-01-2024,Tablet,Electronics,9,349,cancelled
3167,Nate  NYC,08-05-2024,Monitor,Electronics,8,300,processing
3168,Alice  NYC,12/24/24,"""Pillow""",Home,7,24,processing
3169,Frank  DAL,24-11-2024,Rug,Home,8,89.99,returned
3170,Quinn  SF,12-12-2024,Water Bottle,Sports,9,15,delivered
3171,Grace  SEA,12/21/2024,Dress,Clothing,3,49.99,processing
3172,Mia  PDX,03-11-2024,Whiteboard,Office,5,49.99,returned
3173,Bob  LA,24-07-2024,Water Bottle,Sports,2,14.99,delivered
3174,Grace  SEA,12-12-2024,Mouse,Electronics,3,25,shipped
3175,Sam  SEA,22-03-2024,"""Resistance Band""",Sports,10,12.99,returned
3176,Nate  NYC,30-09-2024,Sneakers,Clothing,8,75,Delivered
3177,Frank  DAL,12-17-2024,"""Stapler""",Office,10,15.99,returned
ORD-3178,Hank  BOS,08-11-2024,Notebook,Office,6,8.99,shipped
3179,Mia  PDX,04-07-2024,Charger,Electronics,9,14,RETURNED
3180,Tina  BOS,12-03-2024,Desk Lamp,Office,9,35,delivered
3181,Charlie  CHI,16-07-2024,Yoga Mat,Sports,9,29.99,Delivered
3182,Diana  NYC,13-07-2024,Resistance Band,Sports,1,12.99,pending
3183,Quinn  SF,08/31/24,Monitor,Electronics,1,299.99,pending
3184,Jack  PHX,09/22/24,"""Monitor""",Electronics,9,299.99,shipped
3185,Eve  SF,26-09-2024,Water Bottle,Sports,5,15,delivered
3186,Alice  NYC,04-04-2024,Resistance Band,Sports,6,12.99,Delivered
3187,Nate  NYC,28-03-2024,Blender,Home,7,44.99,Pending
3188,Alice  NYC,02-03-2024,Dumbbell,Sports,4,39.99,delivered
3189,Frank  DAL,05-17-2024,Pillow,Home,5,25,RETURNED
ORD-3190,Mia  PDX,01-04-2024,Dress,Clothing,9,49,pending
3191,Jack  PHX,07/27/2024,Dress,Clothing,6,$49.99,delivered
3192,Eve  SF,05/16/2024,Lamp,Home,3,39.99,shipped
3193,Bob  LA,11-07-2024,"""Clock""",Home,5,$19.99,pending
3194,Jack  PHX,09/13/24,Desk Lamp,Office,7,35,processing
3195,Leo  DEN,09/18/2024,Notebook,Office,7,9,pending
3196,Sam  SEA,07-29-2024,Pillow,Home,5,24,cancelled
3197,Hank  BOS,27-09-2024,Rug,Home,10,89.99,Delivered
3198,Eve  SF,26-01-2024,Calculator,Office,3,$24.99,pending
3199,Mia  PDX,07-02-2024,"""Toaster""",Home,7,29,Pending
3200,Leo  DEN,11-04-2024,Resistance Band,Sports,3,12.99,cancelled
ORD-3201,Rose  DAL,05-04-2024,Clock,Home,8,19.99,Pending
3202,Diana Prince,05-06-2024,"""Dumbbell""",Sports,5,39.99,RETURNED
3203,Quinn  SF,01-06-2024,Yoga Mat,Sports,3,29,delivered
3204,Jack  PHX,06-05-2024,Rug,Home,10,89.99,delivered
3205,Sam  SEA,10-09-2024,"""Pen Set""",Office,9,12.99,pending
3206,Rose  DAL,09-12-2024,Charger,Electronics,7,15,Delivered
3207,Eve  SF,09-22-2024,Webcam,Electronics,3,59.99,cancelled
3208,Hank  BOS,05/13/2024,Rug,Home,2,89.99,Pending
3209,Sam  SEA,09-30-2024,Yoga Mat,Sports,6,29,delivered
3210,Leo  DEN,26-09-2024,Tablet,Electronics,7,349.99,RETURNED
3211,Eve  SF,05-11-2024,Notebook,Office,5,8,pending
3212,Charlie  CHI,27-01-2024,Lamp,Home,2,39.99,shipped
3213,Frank  DAL,12-05-2024,Notebook,Office,2,8.99,delivered
3214,Karen  ATL,21-09-2024,Resistance Band,Sports,10,$12.99,cancelled
3215,Bob  LA,17-08-2024,Dress,Clothing,5,50,processing
3216,Ivy  MIA,03-06-2024,Tablet,Electronics,9,349,RETURNED
3217,Alice  NYC,08/29/24,Rug,Home,10,89.99,processing
3218,Leo  DEN,10-02-2024,Jacket,Clothing,10,90,RETURNED
3219,Ivy  MIA,25-06-2024,Smartphone,Electronics,9,699.99,processing
3220,Diana  NYC,08-12-2024,Blanket,Home,10,34,cancelled
3221,Diana  NYC,05/25/24,Tablet,Electronics,1,349.99,cancelled
3222,Alice  NYC,05-07-2024,Chair,Office,5,199.99,processing
3223,Charlie  CHI,01-21-2024,Monitor,Electronics,7,$299.99,processing
3224,Rose  DAL,01-07-2024,Notebook,Office,9,8.99,Pending
3225,Tina  BOS,04-15-2024,USB Hub,Electronics,7,19.99,cancelled
3226,Nate  NYC,05/14/24,Monitor,Electronics,8,300,processing
ORD-3227,Bob  LA,09-04-2024,"""Clock""",Home,10,19.99,pending
3228,Diana  NYC,02-10-2024,Yoga Mat,Sports,5,$29.99,cancelled
ORD-3229,Eve  SF,10-10-2024,"""Blender""",Home,9,45,processing
3230,Frank  DAL,01-12-2024,Jacket,Clothing,2,89.99,delivered
3231,Olivia  LA,08/28/24,"""Jacket""",Clothing,4,89.99,shipped
3232,Ivy  MIA,12-13-2024,Chair,Office,1,199.99,cancelled
3233,Charlie  CHI,19-05-2024,Charger,Electronics,4,14.99,shipped
3234,Nate  NYC,02-01-2024,Toaster,Home,10,29,cancelled
ORD-3235,Eve  SF,09-05-2024,Smartphone,Electronics,3,700,shipped
3236,Mia  PDX,05-01-2024,Webcam,Electronics,1,59,Pending
3237,Nate  NYC,27-11-2024,Notebook,Office,9,8.99,Delivered
3238,Tina  BOS,10/30/24,Laptop,Electronics,10,799.99,pending
3239,Hank  BOS,06-22-2024,Socks,Clothing,10,10,cancelled
3240,Olivia  LA,02/27/2024,Water Bottle,Sports,6,$14.99,pending
3241,Bob  LA,09-09-2024,"""Water Bottle""",Sports,8,15,RETURNED
3242,Ivy  MIA,05-11-2024,"""Dumbbell""",Sports,5,39.99,Delivered
3243,Hank  BOS,10-07-2024,"""Smartphone""",Electronics,9,699.99,Pending
3244,Leo  DEN,03-21-2024,Chair,Office,7,199,RETURNED
3245,Paul  CHI,30-04-2024,Webcam,Electronics,7,59.99,returned
3246,Eve  SF,11-23-2024,Coffee Maker,Home,5,59,Pending
3247,Mia  PDX,15-09-2024,Socks,Clothing,2,10,delivered
3248,Grace  SEA,09-11-2024,Tablet,Electronics,2,349,RETURNED
3249,Leo  DEN,06-03-2024,Yoga Mat,Sports,3,30,cancelled
3250,Karen  ATL,07-06-2024,"""Jump Rope""",Sports,7,10,returned
3251,Karen  ATL,10/20/24,Coffee Maker,Home,8,59.99,processing
3252,Rose  DAL,07/17/24,Binder,Office,7,6,processing
3253,Karen  ATL,07/21/2024,Blanket,Home,9,34,delivered
3254,Olivia  LA,02/15/2024,Sneakers,Clothing,8,75,Delivered
3255,Alice  NYC,03-07-2024,Charger,Electronics,1,14.99,shipped
3256,Grace  SEA,16-10-2024,Belt,Clothing,3,$29.99,Delivered
3257,Frank  DAL,23-08-2024,Socks,Clothing,3,9,pending
3258,Olivia  LA,11-29-2024,Jacket,Clothing,9,90,delivered
3259,Frank  DAL,08-04-2024,Headphones,Electronics,1,89.99,cancelled
3260,Frank  DAL,12-03-2024,Stapler,Office,5,15,processing
3261,Tina  BOS,17-05-2024,Lamp,Home,2,40,pending
3262,Bob  LA,02-05-2024,Lamp,Home,10,39.99,processing
3263,Diana Prince,04-04-2024,Blanket,Home,4,$34.99,pending
3264,Paul  CHI,09/16/24,Pillow,Home,2,24,Pending
3265,Jack  PHX,01-27-2024,"""Tablet""",Electronics,9,350,Pending
3266,Karen  ATL,20-01-2024,Dress,Clothing,5,49.99,Delivered
3267,Eve  SF,07-06-2024,Notebook,Office,7,8,pending
3268,Nate  NYC,01-08-2024,Yoga Mat,Sports,7,$29.99,cancelled
3269,Grace  SEA,06-02-2024,Binder,Office,5,5,shipped
3270,Tina  BOS,12/23/2024,Dumbbell,Sports,4,39.99,shipped
3271,Rose  DAL,01/18/2024,Yoga Mat,Sports,9,29,RETURNED
3272,Alice  NYC,01-08-2024,Running Shoes,Sports,4,$89.99,Delivered
3273,Eve  SF,02-21-2024,Jump Rope,Sports,2,$9.99,processing
ORD-3274,Rose  DAL,06-22-2024,Mouse,Electronics,5,25,Delivered
3275,Charlie  CHI,04-08-2024,Rug,Home,3,$89.99,processing
3276,Jack  PHX,22-07-2024,Stapler,Office,3,16,processing
3277,Charlie  CHI,08/18/2024,Resistance Band,Sports,3,$12.99,processing
3278,Bob  LA,07/15/24,"""Jump Rope""",Sports,9,9.99,cancelled
ORD-3279,Ivy  MIA,01-10-2024,Binder,Office,10,5.99,Pending
3280,Karen  ATL,12/13/2024,Blanket,Home,7,$34.99,cancelled
3281,Tina  BOS,10-05-2024,Toaster,Home,2,29.99,pending
3282,Mia  PDX,08/18/2024,Mouse,Electronics,6,25,Pending
3283,Karen  ATL,06/29/24,Water Bottle,Sports,6,14,pending
3284,Nate  NYC,23-09-2024,Laptop,Electronics,8,800,processing
3285,Jack  PHX,06/15/24,Pen Set,Office,6,13,pending
3286,Ivy  MIA,29-08-2024,Pen Set,Office,10,12.99,delivered
3287,Grace  SEA,08/28/24,"""Rug""",Home,4,90,returned
3288,Hank  BOS,04/18/2024,Charger,Electronics,5,$14.99,Pending
3289,Bob  LA,01/16/2024,Notebook,Office,9,$8.99,Delivered
3290,Grace  SEA,06-11-2024,Yoga Mat,Sports,7,29.99,shipped
3291,Sam  SEA,05/17/24,Dress,Clothing,3,49.99,cancelled
3292,Tina  BOS,14-04-2024,Headphones,Electronics,1,89,Pending
3293,Paul  CHI,20-10-2024,Yoga Mat,Sports,8,$29.99,delivered
3294,Sam  SEA,03/27/2024,Yoga Mat,Sports,7,29.99,Delivered
3295,Bob  LA,06/19/2024,Webcam,Electronics,10,$59.99,Delivered
3296,Alice  NYC,13-08-2024,"""Stapler""",Office,2,15.99,shipped
3297,Nate  NYC,02-04-2024,Jump Rope,Sports,2,10,Pending
3298,Quinn  SF,06-12-2024,TShirt,Clothing,3,25,Pending
3299,Ivy  MIA,08-07-2024,Toaster,Home,4,$29.99,RETURNED
3300,Mia  PDX,09-21-2024,Stapler,Office,8,16,returned
3301,Olivia  LA,12-02-2024,USB Hub,Electronics,10,$19.99,RETURNED
3302,Quinn  SF,16-03-2024,Tablet,Electronics,3,350,RETURNED
3303,Sam  SEA,03-19-2024,Resistance Band,Sports,1,12,pending
3304,Eve  SF,01-14-2024,Blender,Home,9,44.99,pending
3305,Sam  SEA,01/29/2024,Lamp,Home,9,39,Delivered
3306,Olivia  LA,11-09-2024,Pen Set,Office,8,12,RETURNED
3307,Quinn  SF,17-04-2024,Resistance Band,Sports,1,12,processing
3308,Sam  SEA,09/18/2024,Coffee Maker,Home,5,60,Pending
3309,Rose  DAL,03/20/24,Calculator,Office,9,24.99,shipped
3310,Eve  SF,19-11-2024,Blender,Home,10,44.99,returned
3311,Rose  DAL,12-01-2024,Running Shoes,Sports,9,89,processing
3312,Alice  NYC,01/19/24,Coffee Maker,Home,7,59.99,delivered
3313,Eve  SF,24-04-2024,Jacket,Clothing,10,$89.99,processing
3314,Nate  NYC,23-01-2024,Water Bottle,Sports,4,15,shipped
3315,Quinn  SF,30-06-2024,Running Shoes,Sports,4,90,delivered
3316,Olivia  LA,14-06-2024,Keyboard,Electronics,4,45,RETURNED
3317,Karen  ATL,09-01-2024,Webcam,Electronics,2,59.99,cancelled
3318,Ivy  MIA,02/23/24,Whiteboard,Office,9,$49.99,Delivered
3319,Paul  CHI,11-04-2024,Keyboard,Electronics,6,45,processing
3320,Diana  NYC,08/18/2024,Blender,Home,10,44,shipped
3321,Eve  SF,14-05-2024,Chair,Office,9,200,shipped
3322,Jack  PHX,01-12-2024,Hat,Clothing,7,20,Pending
3323,Eve  SF,01-03-2024,Pillow,Home,9,$24.99,shipped
3324,Frank  DAL,10-13-2024,Belt,Clothing,9,29,delivered
3325,Charlie  CHI,30-03-2024,Chair,Office,4,$199.99,returned
3326,Leo  DEN,07/18/24,Chair,Office,10,199,shipped
3327,Jack  PHX,03-03-2024,Clock,Home,7,$19.99,RETURNED
ORD-3328,Charlie  CHI,08-05-2024,Blanket,Home,10,34.99,shipped
3329,Alice  NYC,10/16/2024,Jeans,Clothing,2,59,returned
3330,Jack  PHX,07-12-2024,Monitor,Electronics,5,300,Pending
3331,Bob  LA,01-14-2024,Desk Lamp,Office,8,35,pending
3332,Jack  PHX,05-08-2024,Sneakers,Clothing,1,$75.00,delivered
3333,Sam  SEA,12-07-2024,Jeans,Clothing,4,59,shipped
3334,Mia  PDX,09-06-2024,Rug,Home,1,$89.99,cancelled
ORD-3335,Bob  LA,11-10-2024,Jacket,Clothing,4,90,processing
3336,Grace  SEA,11-12-2024,Pillow,Home,8,25,returned
ORD-3337,Olivia  LA,02-03-2024,Stapler,Office,5,15,Delivered
3338,Frank  DAL,10-08-2024,Pen Set,Office,7,13,pending
3339,Mia  PDX,07-13-2024,Smartphone,Electronics,8,$699.99,returned
3340,Leo  DEN,05-09-2024,Lamp,Home,3,$39.99,Pending
3341,Ivy  MIA,01-02-2024,"""Notebook""",Office,9,9,RETURNED
3342,Grace  SEA,23-07-2024,Chair,Office,5,199.99,pending
3343,Rose  DAL,03-02-2024,Headphones,Electronics,4,$89.99,RETURNED
3344,Charlie  CHI,07-02-2024,Blanket,Home,4,$34.99,returned
3345,Sam  SEA,02-02-2024,Water Bottle,Sports,6,$14.99,delivered
3346,Sam  SEA,02/18/2024,Belt,Clothing,7,29,cancelled
3347,Quinn  SF,05-04-2024,"""Yoga Mat""",Sports,9,29,Delivered
3348,Charlie  CHI,07-30-2024,Headphones,Electronics,8,89.99,returned
3349,Alice  NYC,10-11-2024,Yoga Mat,Sports,2,29.99,processing
3350,Jack  PHX,14-03-2024,Coffee Maker,Home,9,59.99,cancelled
3351,Charlie  CHI,07/25/24,Stapler,Office,4,15.99,delivered
3352,Bob  LA,11-12-2024,Water Bottle,Sports,6,14.99,pending
3353,Diana Prince,22-02-2024,TShirt,Clothing,8,25,returned
3354,Sam  SEA,05-07-2024,Mouse,Electronics,7,25,processing
3355,Eve  SF,10-27-2024,"""Notebook""",Office,6,$8.99,pending
3356,Bob  LA,02-08-2024,"""TShirt""",Clothing,10,25,cancelled
3357,Jack  PHX,04-02-2024,Yoga Mat,Sports,3,30,Pending
3358,Diana  NYC,29-07-2024,Sneakers,Clothing,5,75,RETURNED
3359,Jack  PHX,14-08-2024,Blanket,Home,5,34.99,delivered
3360,Sam  SEA,07-01-2024,Pillow,Home,1,24.99,Pending
3361,Paul  CHI,03/31/2024,Dress,Clothing,9,50,shipped
3362,Leo  DEN,08-07-2024,Webcam,Electronics,7,59,returned
3363,Mia  PDX,13-11-2024,Desk Lamp,Office,9,34.99,Pending
3364,Ivy  MIA,22-03-2024,Desk Lamp,Office,10,35,shipped
3365,Ivy  MIA,04/16/2024,Rug,Home,4,90,Pending
3366,Sam  SEA,09-09-2024,Desk Lamp,Office,4,34,pending
3367,Karen  ATL,11/16/2024,Belt,Clothing,7,$29.99,cancelled
3368,Grace  SEA,05-06-2024,Binder,Office,9,5,delivered
3369,Diana  NYC,11-23-2024,Dumbbell,Sports,8,39.99,processing
3370,Charlie  CHI,21-02-2024,Desk Lamp,Office,9,34.99,processing
3371,Olivia  LA,07-03-2024,TShirt,Clothing,4,25,delivered
3372,Frank  DAL,09-03-2024,Mouse,Electronics,10,25,delivered
3373,Eve  SF,07-22-2024,Desk Lamp,Office,2,35,Delivered
3374,Olivia  LA,17-07-2024,Chair,Office,10,$199.99,RETURNED
3375,Grace  SEA,18-11-2024,Jeans,Clothing,10,59.99,delivered
3376,Sam  SEA,05/29/2024,Mouse,Electronics,7,25,shipped
3377,Nate  NYC,21-04-2024,USB Hub,Electronics,9,$19.99,cancelled
3378,Bob  LA,28-02-2024,Blender,Home,10,44.99,cancelled
3379,Ivy  MIA,05-19-2024,Mouse,Electronics,4,25,shipped
3380,Nate  NYC,01/24/2024,Dress,Clothing,2,50,processing
3381,Ivy  MIA,04/20/24,Mouse,Electronics,8,25,returned
ORD-3382,Rose  DAL,12-05-2024,Coffee Maker,Home,10,59.99,delivered
3383,Jack  PHX,08-01-2024,TShirt,Clothing,9,25,Pending
3384,Bob  LA,03/14/24,Charger,Electronics,4,15,cancelled
3385,Karen  ATL,04-11-2024,Stapler,Office,4,16,Pending
3386,Paul  CHI,04/15/2024,Tablet,Electronics,10,349.99,Pending
3387,Karen  ATL,03-10-2024,Mouse,Electronics,2,$25.00,Delivered
3388,Alice  NYC,09/23/2024,Calculator,Office,1,$24.99,returned
3389,Diana Prince,10-03-2024,Water Bottle,Sports,5,15,returned
3390,Tina  BOS,13-07-2024,Clock,Home,6,19,Pending
3391,Charlie  CHI,11-10-2024,Laptop,Electronics,8,800,Pending
3392,Sam  SEA,05/25/24,Sneakers,Clothing,2,75,returned
3393,Charlie  CHI,12-04-2024,"""Socks""",Clothing,10,9,Pending
3394,Rose  DAL,01-12-2024,Whiteboard,Office,6,$49.99,Delivered
3395,Alice Smith,10/25/2024,Chair,Office,2,199,Delivered
3396,Leo  DEN,01/30/24,Jump Rope,Sports,10,$9.99,RETURNED
3397,Karen  ATL,05-31-2024,Binder,Office,6,5.99,pending
3398,Charlie  CHI,07-06-2024,Rug,Home,6,89,Delivered
3399,Alice  NYC,04/23/24,Mouse,Electronics,5,25,Pending
3400,Nate  NYC,02/22/24,Notebook,Office,9,8,delivered
ORD-3401,Nate  NYC,03-10-2024,Yoga Mat,Sports,2,29,pending
3402,Nate  NYC,03-12-2024,Running Shoes,Sports,6,$89.99,pending
3403,Frank  DAL,06-16-2024,"""Dress""",Clothing,5,49,processing
3404,Tina  BOS,10-10-2024,"""Notebook""",Office,2,8.99,shipped
3405,Diana Prince,06-09-2024,Mouse,Electronics,6,25,RETURNED
3406,Olivia  LA,05/28/24,Jacket,Clothing,1,89,RETURNED
ORD-3407,Rose  DAL,10-03-2024,Water Bottle,Sports,1,$14.99,returned
3408,Jack  PHX,06-19-2024,Whiteboard,Office,2,49.99,processing
ORD-3409,Diana  NYC,05-27-2024,Chair,Office,7,199,processing
3410,Charlie  CHI,25-06-2024,Resistance Band,Sports,7,$12.99,processing
3411,Alice  NYC,02-19-2024,Belt,Clothing,2,$29.99,shipped
3412,Hank  BOS,14-06-2024,Coffee Maker,Home,6,59.99,shipped
3413,Sam  SEA,01-01-2024,Smartphone,Electronics,3,699.99,Pending
3414,Bob  LA,08-01-2024,Stapler,Office,9,15,returned
3415,Mia  PDX,08/15/24,Pillow,Home,5,25,returned
3416,Eve  SF,06-02-2024,Monitor,Electronics,9,299.99,processing
3417,Leo  DEN,11-11-2024,Smartphone,Electronics,8,699,pending
3418,Mia  PDX,06/14/24,Calculator,Office,8,$24.99,processing
3419,Frank  DAL,01-03-2024,Dress,Clothing,5,49.99,Delivered
3420,Eve  SF,25-02-2024,Whiteboard,Office,7,49.99,processing
3421,Olivia  LA,07-12-2024,Yoga Mat,Sports,8,29.99,pending
3422,Leo  DEN,06/22/2024,Sneakers,Clothing,3,75,Delivered
3423,Hank  BOS,05/23/24,Stapler,Office,4,15.99,pending
3424,Mia  PDX,05-09-2024,"""Resistance Band""",Sports,3,12.99,pending
3425,Eve  SF,07-02-2024,USB Hub,Electronics,3,19.99,pending
3426,Mia  PDX,01-17-2024,Coffee Maker,Home,3,60,returned
3427,Sam  SEA,04-04-2024,Headphones,Electronics,6,89.99,delivered
3428,Sam  SEA,11-12-2024,Dumbbell,Sports,4,40,shipped
3429,Charlie  CHI,27-11-2024,Laptop,Electronics,3,799.99,Pending
3430,Eve  SF,02-02-2024,Binder,Office,5,5,RETURNED
3431,Tina  BOS,04-21-2024,Toaster,Home,5,30,cancelled
3432,Mia  PDX,25-05-2024,Clock,Home,9,19.99,Pending
3433,Jack  PHX,31-05-2024,Coffee Maker,Home,2,59.99,cancelled
3434,Diana  NYC,06/23/24,Clock,Home,7,19,RETURNED
3435,Paul  CHI,10-10-2024,Blender,Home,10,$44.99,RETURNED
3436,Bob  LA,02-05-2024,"""Charger""",Electronics,3,$14.99,Pending
3437,Rose  DAL,14-04-2024,Coffee Maker,Home,8,59,cancelled
3438,Grace  SEA,11-03-2024,Smartphone,Electronics,3,699.99,processing
ORD-3439,Quinn  SF,06-11-2024,"""Belt""",Clothing,5,$29.99,cancelled
3440,Alice  NYC,10-02-2024,Belt,Clothing,4,29.99,pending
3441,Charlie  CHI,07/13/2024,Binder,Office,9,5,cancelled
3442,Paul  CHI,13-04-2024,Running Shoes,Sports,8,89.99,Pending
3443,Charlie  CHI,02/18/24,Desk Lamp,Office,3,34.99,Delivered
3444,Alice  NYC,04-04-2024,Stapler,Office,7,16,shipped
3445,Hank  BOS,23-05-2024,Pen Set,Office,8,$12.99,RETURNED
3446,Hank  BOS,28-08-2024,Binder,Office,7,5.99,Delivered
ORD-3447,Quinn  SF,28-12-2024,Toaster,Home,10,30,returned
3448,Nate  NYC,17-10-2024,Notebook,Office,10,$8.99,RETURNED
3449,Karen  ATL,01-08-2024,TShirt,Clothing,3,25,pending
3450,Hank  BOS,16-12-2024,Charger,Electronics,4,15,pending
3451,Sam  SEA,10-04-2024,Lamp,Home,3,$39.99,shipped
3452,Alice Smith,07-10-2024,Calculator,Office,8,$24.99,processing
3453,Bob  LA,17-02-2024,Sneakers,Clothing,9,$75.00,shipped
3454,Eve  SF,17-10-2024,Belt,Clothing,3,29.99,RETURNED
3455,Mia  PDX,12-09-2024,Coffee Maker,Home,7,$59.99,processing
3456,Alice Smith,05/29/2024,"""Jacket""",Clothing,1,89.99,Delivered
ORD-3457,Ivy  MIA,08/19/2024,Dumbbell,Sports,4,39,Pending
3458,Quinn  SF,07/14/24,Resistance Band,Sports,2,$12.99,RETURNED
3459,Ivy  MIA,01/13/2024,Binder,Office,10,$5.99,RETURNED
3460,Ivy  MIA,14-11-2024,Mouse,Electronics,3,25,returned
3461,Grace  SEA,07/19/24,Mouse,Electronics,6,25,shipped
3462,Quinn  SF,09/17/2024,Smartphone,Electronics,4,699.99,delivered
3463,Charlie  CHI,07/16/2024,Headphones,Electronics,6,89,RETURNED
3464,Grace  SEA,07-06-2024,Jeans,Clothing,4,59,RETURNED
3465,Bob  LA,11-06-2024,"""Running Shoes""",Sports,7,89.99,Delivered
3466,Paul  CHI,20-03-2024,"""Blanket""",Home,10,34.99,returned
3467,Tina  BOS,08-11-2024,Running Shoes,Sports,8,89.99,returned
3468,Mia  PDX,28-08-2024,Water Bottle,Sports,10,14.99,shipped
3469,Quinn  SF,06/13/24,Jacket,Clothing,8,89.99,RETURNED
3470,Rose  DAL,28-10-2024,Dress,Clothing,9,49.99,Pending
3471,Eve  SF,12-01-2024,Socks,Clothing,4,9.99,processing
3472,Frank  DAL,10/13/24,Jeans,Clothing,8,60,returned
3473,Rose  DAL,01-03-2024,Rug,Home,10,$89.99,delivered
3474,Quinn  SF,10/30/2024,Belt,Clothing,7,29,cancelled
3475,Charlie  CHI,02-06-2024,Keyboard,Electronics,9,45,returned
3476,Alice  NYC,15-10-2024,Pillow,Home,1,24.99,pending
3477,Alice  NYC,08/21/24,Jacket,Clothing,8,89,returned
3478,Quinn  SF,07-18-2024,Stapler,Office,8,15.99,delivered
3479,Bob  LA,03-13-2024,"""Keyboard""",Electronics,3,45,Delivered
3480,Paul  CHI,08/28/24,Webcam,Electronics,8,59,Pending
3481,Sam  SEA,28-06-2024,Blender,Home,10,44,Pending
3482,Nate  NYC,04-30-2024,Resistance Band,Sports,7,12.99,Delivered
3483,Alice Smith,11-12-2024,Stapler,Office,5,$15.99,RETURNED
3484,Olivia  LA,05-12-2024,Jacket,Clothing,10,89.99,delivered
3485,Leo  DEN,09-09-2024,Pillow,Home,2,25,returned
ORD-3486,Karen  ATL,01-05-2024,"""Laptop""",Electronics,3,799,processing
3487,Mia  PDX,06/21/2024,Running Shoes,Sports,5,89,shipped
3488,Grace  SEA,04-05-2024,Desk Lamp,Office,2,34.99,Delivered
3489,Paul  CHI,20-11-2024,Binder,Office,9,5,Delivered
3490,Hank  BOS,02-12-2024,"""Monitor""",Electronics,8,$299.99,Pending
ORD-3491,Quinn  SF,09-12-2024,Lamp,Home,10,$39.99,Delivered
3492,Bob  LA,04-06-2024,TShirt,Clothing,1,25,delivered
3493,Sam  SEA,28-02-2024,Chair,Office,3,199,cancelled
3494,Grace  SEA,11-02-2024,Binder,Office,4,5,delivered
3495,Bob  LA,04/30/24,"""Charger""",Electronics,10,14.99,processing
3496,Diana  NYC,23-12-2024,Notebook,Office,4,9,returned
3497,Tina  BOS,05-14-2024,"""Running Shoes""",Sports,4,89.99,shipped
3498,Charlie  CHI,02-12-2024,Rug,Home,1,89.99,pending
3499,Nate  NYC,02-01-2024,Chair,Office,5,199,cancelled
3500,Charlie  CHI,09-11-2024,Desk Lamp,Office,4,34.99,shipped
3501,Tina  BOS,10/26/24,Jump Rope,Sports,2,9.99,Delivered
3502,Nate  NYC,23-02-2024,Rug,Home,6,89.99,shipped
3503,Diana  NYC,10-04-2024,Rug,Home,3,89.99,Pending
3504,Nate  NYC,23-08-2024,"""Notebook""",Office,7,$8.99,pending
3505,Frank  DAL,10-18-2024,Clock,Home,9,19.99,shipped
3506,Charlie  CHI,11-07-2024,Stapler,Office,10,15.99,shipped
3507,Sam  SEA,01-09-2024,Pen Set,Office,6,12.99,shipped
ORD-3508,Karen  ATL,12-10-2024,Rug,Home,9,$89.99,processing
3509,Alice  NYC,17-06-2024,Pen Set,Office,2,12,processing
3510,Sam  SEA,09/30/2024,Socks,Clothing,6,9.99,shipped
3511,Diana  NYC,01-03-2024,"""Binder""",Office,6,5.99,pending
3512,Tina  BOS,23-11-2024,Belt,Clothing,8,30,delivered
3513,Alice  NYC,06/23/24,"""Dumbbell""",Sports,2,$39.99,returned
3514,Mia  PDX,07/24/2024,Tablet,Electronics,10,349.99,RETURNED
3515,Frank  DAL,09-01-2024,Hat,Clothing,2,19.99,pending
3516,Alice  NYC,29-03-2024,"""Pillow""",Home,3,25,Pending
3517,Sam  SEA,23-12-2024,Belt,Clothing,5,29.99,shipped
ORD-3518,Charlie  CHI,27-07-2024,Chair,Office,10,200,Delivered
3519,Mia  PDX,07-09-2024,Pillow,Home,5,25,Delivered
3520,Charlie  CHI,07-12-2024,Rug,Home,9,$89.99,processing
3521,Jack  PHX,01-08-2024,Socks,Clothing,7,$9.99,cancelled
3522,Mia  PDX,30-08-2024,Jump Rope,Sports,1,9,processing
3523,Quinn  SF,10-14-2024,Desk Lamp,Office,7,34.99,Delivered
3524,Nate  NYC,31-01-2024,Notebook,Office,5,9,delivered
3525,Rose  DAL,08-22-2024,Toaster,Home,1,29.99,Delivered
3526,Tina  BOS,09-07-2024,Yoga Mat,Sports,8,$29.99,RETURNED
3527,Leo  DEN,08-03-2024,Monitor,Electronics,1,299.99,RETURNED
3528,Leo  DEN,06/24/24,Keyboard,Electronics,1,45,pending
3529,Diana  NYC,01-11-2024,Desk Lamp,Office,3,34,cancelled
3530,Paul  CHI,03-13-2024,"""Desk Lamp""",Office,2,34.99,RETURNED
3531,Ivy  MIA,03/17/2024,Hat,Clothing,8,20,Pending
3532,Mia  PDX,09-10-2024,Pen Set,Office,9,13,processing
3533,Leo  DEN,11-05-2024,Pen Set,Office,7,12.99,cancelled
3534,Charlie  CHI,18-12-2024,Whiteboard,Office,6,$49.99,delivered
3535,Nate  NYC,14-08-2024,Jeans,Clothing,4,$59.99,Pending
3536,Eve  SF,05-08-2024,Calculator,Office,7,$24.99,returned
3537,Nate  NYC,03/22/24,Pen Set,Office,8,12,delivered
3538,Hank  BOS,02-11-2024,"""Pillow""",Home,4,24.99,returned
3539,Paul  CHI,10/29/2024,"""Whiteboard""",Office,6,49.99,pending
3540,Eve  SF,20-04-2024,Clock,Home,2,$19.99,cancelled
3541,Quinn  SF,02-12-2024,Yoga Mat,Sports,6,29.99,pending
3542,Leo  DEN,10-10-2024,Hat,Clothing,1,$19.99,cancelled
3543,Ivy  MIA,11-06-2024,Whiteboard,Office,8,$49.99,returned
3544,Karen  ATL,09-23-2024,Headphones,Electronics,4,89.99,Delivered
3545,Tina  BOS,04-09-2024,Laptop,Electronics,3,799.99,returned
3546,Diana  NYC,11-05-2024,Toaster,Home,2,29,Pending
3547,Karen  ATL,08-06-2024,Pillow,Home,9,24.99,returned
3548,Quinn  SF,06-05-2024,Dumbbell,Sports,10,39.99,returned
3549,Olivia  LA,07-02-2024,Rug,Home,2,89.99,processing
3550,Paul  CHI,07-10-2024,Whiteboard,Office,10,49.99,delivered
3551,Karen  ATL,05-04-2024,TShirt,Clothing,7,25,shipped
3552,Bob  LA,06-10-2024,Whiteboard,Office,3,49.99,Pending
3553,Mia  PDX,27-07-2024,"""Headphones""",Electronics,4,90,RETURNED
3554,Charlie  CHI,02/19/24,Sneakers,Clothing,9,75,returned
3555,Rose  DAL,05-04-2024,"""Toaster""",Home,6,29.99,Delivered
3556,Diana  NYC,12-02-2024,"""Jacket""",Clothing,4,89.99,pending
3557,Hank  BOS,09/24/24,Running Shoes,Sports,2,89,Pending
3558,Alice Smith,05-05-2024,Running Shoes,Sports,2,89,delivered
3559,Quinn  SF,01/22/24,Calculator,Office,3,24.99,RETURNED
3560,Ivy  MIA,28-02-2024,Laptop,Electronics,1,799,cancelled
ORD-3561,Leo  DEN,04-02-2024,Smartphone,Electronics,6,699.99,shipped
3562,Leo  DEN,25-11-2024,Charger,Electronics,10,15,RETURNED
3563,Leo  DEN,07/18/24,Toaster,Home,6,30,pending
3564,Paul  CHI,13-09-2024,Clock,Home,2,19.99,pending
3565,Hank  BOS,08/13/2024,Blender,Home,7,44,cancelled
3566,Leo  DEN,01-09-2024,"""Belt""",Clothing,9,29.99,delivered
3567,Eve  SF,19-07-2024,Binder,Office,5,6,pending
3568,Grace  SEA,22-08-2024,Headphones,Electronics,2,89.99,returned
3569,Frank  DAL,02/27/2024,Webcam,Electronics,9,$59.99,Pending
3570,Nate  NYC,09-06-2024,Blanket,Home,5,34,processing
3571,Mia  PDX,04/28/24,Coffee Maker,Home,9,59.99,delivered
3572,Hank  BOS,06/25/2024,Running Shoes,Sports,4,89.99,pending
3573,Eve  SF,30-01-2024,Yoga Mat,Sports,3,29,RETURNED
3574,Ivy  MIA,02/18/24,Notebook,Office,3,8.99,processing
3575,Eve  SF,02/14/2024,Calculator,Office,4,24.99,returned
3576,Sam  SEA,12-12-2024,Coffee Maker,Home,8,60,processing
3577,Quinn  SF,08/17/2024,Water Bottle,Sports,10,14.99,delivered
3578,Eve  SF,01-08-2024,Mouse,Electronics,7,25,processing
3579,Rose  DAL,19-11-2024,Laptop,Electronics,8,$799.99,Pending
3580,Diana  NYC,29-06-2024,Jeans,Clothing,8,60,pending
3581,Nate  NYC,10/14/2024,Jump Rope,Sports,4,9,returned
3582,Grace  SEA,07/19/2024,Running Shoes,Sports,10,89.99,pending
3583,Diana  NYC,04-06-2024,"""Tablet""",Electronics,8,350,returned
3584,Grace  SEA,17-06-2024,"""Monitor""",Electronics,10,299.99,delivered
3585,Bob  LA,01-07-2024,Yoga Mat,Sports,3,29.99,RETURNED
3586,Karen  ATL,10/27/2024,Binder,Office,4,5.99,returned
3587,Ivy  MIA,24-02-2024,Jacket,Clothing,6,90,Delivered
3588,Tina  BOS,09-09-2024,Socks,Clothing,2,10,pending
3589,Diana  NYC,12/22/2024,Sneakers,Clothing,1,75,Pending
3590,Tina  BOS,06-11-2024,Pen Set,Office,9,13,returned
3591,Grace  SEA,07/23/2024,"""Dumbbell""",Sports,8,39.99,RETURNED
3592,Tina  BOS,10/23/2024,Water Bottle,Sports,5,15,shipped
3593,Ivy  MIA,03/31/24,Smartphone,Electronics,10,699.99,shipped
3594,Grace  SEA,04-15-2024,USB Hub,Electronics,2,19.99,shipped
3595,Nate  NYC,01-06-2024,Toaster,Home,4,30,Delivered
3596,Frank  DAL,01-02-2024,Pen Set,Office,9,$12.99,cancelled
3597,Hank  BOS,28-11-2024,"""Notebook""",Office,9,8.99,Delivered
3598,Jack  PHX,20-12-2024,Jump Rope,Sports,1,$9.99,cancelled
3599,Leo  DEN,03-01-2024,Jump Rope,Sports,6,9.99,Pending
3600,Karen  ATL,22-02-2024,Notebook,Office,10,9,shipped
3601,Tina  BOS,11-21-2024,Monitor,Electronics,6,300,Delivered
3602,Charlie  CHI,02-08-2024,Yoga Mat,Sports,3,29,delivered
3603,Karen  ATL,03/30/24,Jump Rope,Sports,10,9.99,pending
3604,Mia  PDX,06-26-2024,Rug,Home,3,89.99,cancelled
3605,Charlie  CHI,11-07-2024,Mouse,Electronics,9,$25.00,cancelled
3606,Jack  PHX,09-19-2024,"""Dress""",Clothing,7,$49.99,Delivered
3607,Grace  SEA,16-04-2024,Resistance Band,Sports,4,13,RETURNED
3608,Quinn  SF,04-07-2024,Jump Rope,Sports,9,9,pending
3609,Rose  DAL,18-08-2024,Dumbbell,Sports,6,39.99,cancelled
3610,Alice  NYC,14-11-2024,Stapler,Office,9,15.99,Delivered
3611,Paul  CHI,25-05-2024,Monitor,Electronics,10,299,cancelled
3612,Diana  NYC,03-04-2024,Rug,Home,5,89,processing
3613,Bob  LA,08-21-2024,Jump Rope,Sports,9,9.99,Delivered
3614,Tina  BOS,11-08-2024,Rug,Home,10,89.99,Delivered
3615,Nate  NYC,01/27/24,Coffee Maker,Home,7,59.99,Delivered
3616,Charlie  CHI,21-06-2024,Dress,Clothing,8,49.99,shipped
3617,Nate  NYC,15-09-2024,Notebook,Office,2,8.99,delivered
3618,Mia  PDX,05-25-2024,Chair,Office,3,$199.99,RETURNED
3619,Nate  NYC,09-01-2024,Notebook,Office,5,9,Pending
3620,Sam  SEA,30-12-2024,Belt,Clothing,1,$29.99,pending
3621,Nate  NYC,04-03-2024,Resistance Band,Sports,6,12,delivered
3622,Karen  ATL,29-03-2024,Socks,Clothing,8,9,Delivered
3623,Charlie  CHI,27-01-2024,Dress,Clothing,7,49.99,cancelled
3624,Leo  DEN,10-08-2024,Laptop,Electronics,3,799,Pending
3625,Charlie  CHI,07-07-2024,Running Shoes,Sports,5,89.99,shipped
3626,Quinn  SF,07-31-2024,Coffee Maker,Home,7,60,delivered
3627,Nate  NYC,07/25/2024,Chair,Office,10,200,Pending
3628,Hank  BOS,23-04-2024,Yoga Mat,Sports,3,$29.99,shipped
3629,Charlie  CHI,03-06-2024,Tablet,Electronics,2,349,RETURNED
3630,Nate  NYC,02-10-2024,Toaster,Home,7,29,delivered
3631,Rose  DAL,07-10-2024,Water Bottle,Sports,5,14,Delivered
3632,Hank  BOS,07-04-2024,Running Shoes,Sports,10,90,shipped
3633,Alice  NYC,31-08-2024,Belt,Clothing,7,29.99,delivered
3634,Eve  SF,01-11-2024,Rug,Home,2,90,RETURNED
3635,Charlie  CHI,11/14/2024,Pillow,Home,4,24.99,delivered
3636,Bob  LA,07-01-2024,Notebook,Office,6,8,pending
3637,Jack  PHX,07-06-2024,Desk Lamp,Office,6,34,RETURNED
ORD-3638,Grace  SEA,19-01-2024,Hat,Clothing,1,19.99,shipped
3639,Sam  SEA,06-12-2024,Laptop,Electronics,5,799.99,Pending
3640,Tina  BOS,02-11-2024,Resistance Band,Sports,7,13,processing
3641,Karen  ATL,05-06-2024,Blanket,Home,2,35,shipped
3642,Charlie  CHI,25-10-2024,Clock,Home,5,19,Pending
ORD-3643,Mia  PDX,25-07-2024,TShirt,Clothing,3,25,RETURNED
3644,Tina  BOS,10-21-2024,Sneakers,Clothing,1,$75.00,shipped
3645,Jack  PHX,30-09-2024,Chair,Office,4,199.99,pending
3646,Charlie  CHI,17-07-2024,Pen Set,Office,2,12.99,delivered
3647,Jack  PHX,08/20/2024,Sneakers,Clothing,2,75,RETURNED
ORD-3648,Olivia  LA,14-05-2024,"""Stapler""",Office,6,15.99,returned
3649,Frank  DAL,02-10-2024,Belt,Clothing,6,29.99,Pending
ORD-3650,Paul  CHI,02-09-2024,"""Monitor""",Electronics,4,300,cancelled
3651,Leo  DEN,09/30/24,Dress,Clothing,7,50,RETURNED
3652,Tina  BOS,10-08-2024,Jump Rope,Sports,2,9,RETURNED
3653,Tina  BOS,10-10-2024,Charger,Electronics,2,$14.99,RETURNED
3654,Quinn  SF,04/20/2024,USB Hub,Electronics,10,$19.99,cancelled
3655,Diana  NYC,04-10-2024,Pen Set,Office,1,12.99,returned
3656,Mia  PDX,12/18/2024,Jacket,Clothing,3,89.99,RETURNED
3657,Hank  BOS,02-02-2024,Charger,Electronics,2,$14.99,RETURNED
3658,Grace  SEA,05-07-2024,Headphones,Electronics,2,$89.99,RETURNED
ORD-3659,Leo  DEN,31-01-2024,Mouse,Electronics,1,$25.00,Delivered
3660,Olivia  LA,11-10-2024,Laptop,Electronics,7,800,Delivered
3661,Karen  ATL,06-04-2024,Rug,Home,5,90,processing
3662,Frank  DAL,16-05-2024,Keyboard,Electronics,10,45,pending
3663,Jack  PHX,23-02-2024,Running Shoes,Sports,1,89,Pending
3664,Charlie  CHI,04-03-2024,Running Shoes,Sports,5,$89.99,processing
3665,Quinn  SF,22-11-2024,Jeans,Clothing,8,60,pending
3666,Mia  PDX,09-04-2024,Water Bottle,Sports,1,14.99,shipped
3667,Charlie  CHI,09-09-2024,Webcam,Electronics,3,60,pending
3668,Olivia  LA,05/16/2024,Jacket,Clothing,1,89,RETURNED
3669,Eve  SF,06/28/24,Belt,Clothing,,29.99,Delivered
ORD-3670,Bob  LA,07/23/24,"""Running Shoes""",Sports,3,89.99,Pending
3671,Rose  DAL,01-09-2024,"""Dress""",Clothing,6,50,shipped
3672,Mia  PDX,05-11-2024,"""Jump Rope""",Sports,10,9.99,processing
3673,Sam  SEA,01/19/24,Rug,Home,5,$89.99,Pending
3674,Leo  DEN,09/17/2024,Sneakers,Clothing,8,75,shipped
3675,Mia  PDX,07/18/24,Resistance Band,Sports,2,$12.99,Pending
3676,Eve  SF,07/14/24,Mouse,Electronics,4,25,Delivered
3677,Sam  SEA,04/19/2024,Blender,Home,10,44.99,delivered
3678,Diana  NYC,18-10-2024,Whiteboard,Office,9,$49.99,Delivered
3679,Diana Prince,06-06-2024,"""Running Shoes""",Sports,6,$89.99,pending
3680,Sam  SEA,06-18-2024,USB Hub,Electronics,1,19.99,pending
3681,Mia  PDX,11/16/2024,Jump Rope,Sports,9,9,Pending
3682,Karen  ATL,03/22/2024,Jacket,Clothing,9,$89.99,pending
3683,Alice  NYC,04/17/24,Smartphone,Electronics,4,700,Pending
ORD-3684,Quinn  SF,28-07-2024,Running Shoes,Sports,7,89,processing
3685,Mia  PDX,21-10-2024,Dumbbell,Sports,5,40,shipped
3686,Charlie  CHI,16-12-2024,Jeans,Clothing,6,60,pending
3687,Tina  BOS,12/17/24,Running Shoes,Sports,5,89.99,Delivered
3688,Mia  PDX,11-11-2024,Hat,Clothing,2,19.99,shipped
3689,Karen  ATL,02-07-2024,Water Bottle,Sports,6,14.99,Delivered
3690,Tina  BOS,10-16-2024,Resistance Band,Sports,1,12.99,RETURNED
3691,Frank  DAL,06/16/2024,USB Hub,Electronics,1,19.99,shipped
3692,Eve  SF,20-04-2024,Stapler,Office,5,15.99,pending
3693,Nate  NYC,12-01-2024,Running Shoes,Sports,5,89,returned
3694,Quinn  SF,10-10-2024,Notebook,Office,4,9,returned
3695,Karen  ATL,23-07-2024,Pillow,Home,9,24,returned
3696,Karen  ATL,07/20/24,Coffee Maker,Home,10,$59.99,Pending
3697,Ivy  MIA,15-04-2024,Toaster,Home,1,30,Delivered
3698,Charlie  CHI,07-05-2024,Socks,Clothing,3,9.99,pending
3699,Leo  DEN,23-06-2024,Sneakers,Clothing,8,75,processing
3700,Frank  DAL,22-07-2024,Blanket,Home,10,35,processing
3701,Mia  PDX,06/24/24,Resistance Band,Sports,1,12,returned
3702,Charlie  CHI,06-02-2024,"""Whiteboard""",Office,10,50,Delivered
3703,Frank  DAL,04-01-2024,USB Hub,Electronics,10,19.99,cancelled
3704,Karen  ATL,13-07-2024,Blanket,Home,7,35,delivered
3705,Leo  DEN,23-04-2024,Jump Rope,Sports,4,10,processing
3706,Paul  CHI,05/16/2024,Toaster,Home,1,29.99,delivered
3707,Hank  BOS,08/26/24,Webcam,Electronics,10,59,delivered
3708,Diana Prince,10-11-2024,Chair,Office,4,200,cancelled
3709,Ivy  MIA,13-09-2024,Toaster,Home,6,29,Pending
3710,Hank  BOS,28-11-2024,"""Blanket""",Home,9,35,shipped
3711,Karen  ATL,01-10-2024,Socks,Clothing,6,9.99,RETURNED
3712,Tina  BOS,07/25/24,Lamp,Home,2,39,pending
3713,Quinn  SF,05-02-2024,Pen Set,Office,7,$12.99,Delivered
3714,Jack  PHX,11/20/24,Headphones,Electronics,10,89,Delivered
3715,Paul  CHI,27-06-2024,Pillow,Home,2,24.99,RETURNED
3716,Quinn  SF,03-03-2024,Blanket,Home,7,34.99,delivered
3717,Mia  PDX,23-02-2024,Tablet,Electronics,1,349.99,delivered
3718,Olivia  LA,04-01-2024,Notebook,Office,7,8.99,RETURNED
3719,Diana  NYC,05-01-2024,Jeans,Clothing,6,59.99,Pending
3720,Hank  BOS,10-12-2024,Hat,Clothing,4,20,processing
3721,Bob  LA,05/18/24,Toaster,Home,9,$29.99,cancelled
3722,Leo  DEN,05-11-2024,"""TShirt""",Clothing,4,25,Delivered
3723,Jack  PHX,09-02-2024,Hat,Clothing,4,20,Pending
3724,Charlie  CHI,08-21-2024,Notebook,Office,1,8.99,RETURNED
3725,Nate  NYC,30-03-2024,Dumbbell,Sports,1,39.99,pending
3726,Nate  NYC,09/16/2024,Blanket,Home,2,$34.99,Pending
3727,Sam  SEA,05-15-2024,Jacket,Clothing,3,89.99,RETURNED
3728,Mia  PDX,16-03-2024,Charger,Electronics,9,14.99,Delivered
3729,Karen  ATL,02-04-2024,Chair,Office,6,$199.99,RETURNED
3730,Charlie  CHI,19-04-2024,Smartphone,Electronics,6,699.99,shipped
3731,Alice  NYC,12/19/2024,TShirt,Clothing,9,25,cancelled
3732,Nate  NYC,11-02-2024,Smartphone,Electronics,5,699,Pending
3733,Frank  DAL,04-05-2024,Headphones,Electronics,4,$89.99,Delivered
3734,Diana Prince,04-10-2024,Toaster,Home,7,29.99,processing
3735,Mia  PDX,03-08-2024,"""Clock""",Home,10,19.99,Pending
3736,Rose  DAL,02-01-2024,Rug,Home,10,90,Pending
3737,Charlie  CHI,10-06-2024,Jeans,Clothing,1,60,processing
3738,Bob  LA,01-23-2024,Smartphone,Electronics,10,$699.99,pending
3739,Jack  PHX,02/25/2024,Blanket,Home,8,35,
3740,Karen  ATL,01/17/2024,TShirt,Clothing,5,25,shipped
3741,Hank  BOS,12/15/24,Pen Set,Office,10,12,returned
3742,Leo  DEN,23-10-2024,Monitor,Electronics,9,$299.99,shipped
3743,Olivia  LA,07-05-2024,Webcam,Electronics,2,59.99,pending
3744,Karen  ATL,10/19/24,Coffee Maker,Home,2,59,processing
3745,Olivia  LA,11-04-2024,Notebook,Office,10,$8.99,processing
3746,Quinn  SF,02-05-2024,"""Jeans""",Clothing,6,59,returned
3747,Karen  ATL,01-14-2024,Pillow,Home,6,24.99,returned
3748,Charlie  CHI,07-07-2024,Dumbbell,Sports,10,40,shipped
ORD-3749,Alice  NYC,09-05-2024,"""Calculator""",Office,8,24.99,cancelled
3750,Nate  NYC,23-12-2024,Charger,Electronics,3,15,delivered
3751,Mia  PDX,13-10-2024,Socks,Clothing,8,9,returned
3752,Olivia  LA,05-01-2024,Clock,Home,7,19.99,Delivered
ORD-3753,Karen  ATL,23-11-2024,Running Shoes,Sports,4,89.99,cancelled
3754,Hank  BOS,12-09-2024,Water Bottle,Sports,8,15,RETURNED
3755,Alice  NYC,02/29/2024,Notebook,Office,8,$8.99,returned
3756,Mia  PDX,10/31/2024,Chair,Office,1,199,RETURNED
3757,Jack  PHX,21-10-2024,Blender,Home,1,44,Pending
3758,Olivia  LA,16-10-2024,Binder,Office,3,5.99,pending
3759,Sam  SEA,10/23/24,Jump Rope,Sports,1,$9.99,processing
3760,Mia  PDX,10/29/2024,"""Binder""",Office,7,5,pending
3761,Nate  NYC,01/18/2024,Dumbbell,Sports,9,39,shipped
3762,Olivia  LA,16-10-2024,"""Calculator""",Office,4,24.99,pending
3763,Paul  CHI,08-12-2024,"""Belt""",Clothing,2,29.99,RETURNED
3764,Rose  DAL,10-03-2024,Jacket,Clothing,1,89,Delivered
3765,Hank  BOS,10-28-2024,TShirt,Clothing,4,25,Delivered
3766,Alice  NYC,12/14/24,USB Hub,Electronics,5,$19.99,Pending
3767,Eve  SF,06-05-2024,Rug,Home,3,89.99,pending
3768,Hank  BOS,09/28/2024,Laptop,Electronics,5,800,RETURNED
3769,Paul  CHI,06-01-2024,Desk Lamp,Office,10,34.99,pending
3770,Jack  PHX,06-03-2024,Yoga Mat,Sports,8,29,RETURNED
3771,Alice  NYC,01-22-2024,Clock,Home,1,$19.99,pending
3772,Hank  BOS,06/15/2024,Coffee Maker,Home,2,59.99,Pending
3773,Grace  SEA,25-09-2024,Running Shoes,Sports,8,89.99,pending
3774,Quinn  SF,04-07-2024,Headphones,Electronics,5,89.99,pending
3775,Diana  NYC,01-05-2024,Water Bottle,Sports,2,14,cancelled
3776,Rose  DAL,12/25/24,"""Tablet""",Electronics,6,349.99,pending
3777,Jack  PHX,12/26/24,Keyboard,Electronics,3,$45.00,returned
3778,Paul  CHI,09-12-2024,"""Chair""",Office,5,199.99,pending
3779,Charlie  CHI,11/28/24,Binder,Office,8,6,returned
3780,Mia  PDX,27-04-2024,Water Bottle,Sports,3,14.99,delivered
3781,Karen  ATL,16-09-2024,Dumbbell,Sports,10,40,pending
3782,Rose  DAL,15-02-2024,Running Shoes,Sports,7,89.99,RETURNED
3783,Tina  BOS,06/24/2024,Hat,Clothing,5,19.99,returned
3784,Olivia  LA,09-11-2024,Notebook,Office,10,8,shipped
3785,Alice  NYC,10-14-2024,Pen Set,Office,1,12.99,processing
3786,Leo  DEN,05/17/2024,Jacket,Clothing,8,89.99,cancelled
3787,Sam  SEA,03-04-2024,Jeans,Clothing,6,60,Pending
3788,Tina  BOS,20-06-2024,Headphones,Electronics,1,89,Delivered
3789,Diana  NYC,25-10-2024,Stapler,Office,8,$15.99,pending
3790,Leo  DEN,06-02-2024,Resistance Band,Sports,2,$12.99,shipped
3791,Hank  BOS,07-04-2024,Clock,Home,5,20,cancelled
3792,Karen  ATL,11-07-2024,Water Bottle,Sports,3,14.99,shipped
3793,Mia  PDX,11-10-2024,Desk Lamp,Office,1,$34.99,delivered
3794,Hank  BOS,30-05-2024,"""Running Shoes""",Sports,5,$89.99,Pending
3795,Alice  NYC,23-12-2024,"""Jump Rope""",Sports,2,9,shipped
3796,Nate  NYC,06-07-2024,Hat,Clothing,3,$19.99,pending
3797,Hank  BOS,11/18/24,"""Dumbbell""",Sports,2,40,returned
3798,Eve  SF,21-07-2024,Mouse,Electronics,3,$25.00,returned
3799,Karen  ATL,03-05-2024,Laptop,Electronics,9,800,cancelled
3800,Karen  ATL,10/21/2024,Calculator,Office,3,$24.99,cancelled
3801,Karen  ATL,05-07-2024,Clock,Home,2,20,delivered
3802,Frank  DAL,06/15/24,Dress,Clothing,4,49,delivered
3803,Eve  SF,02-06-2024,"""Charger""",Electronics,1,14,Pending
3804,Jack  PHX,05/13/24,Clock,Home,6,20,Delivered
3805,Hank  BOS,14-08-2024,Water Bottle,Sports,1,14,Delivered
3806,Hank  BOS,10-01-2024,Desk Lamp,Office,7,34.99,RETURNED
3807,Sam  SEA,20-06-2024,Stapler,Office,9,$15.99,cancelled
3808,Quinn  SF,21-05-2024,"""Sneakers""",Clothing,8,$75.00,cancelled
ORD-3809,Grace  SEA,30-05-2024,Hat,Clothing,3,$19.99,Delivered
3810,Sam  SEA,06/26/24,Belt,Clothing,4,$29.99,RETURNED
3811,Mia  PDX,12/28/24,Jacket,Clothing,1,89,RETURNED
3812,Karen  ATL,05-19-2024,Coffee Maker,Home,5,59.99,pending
3813,Jack  PHX,21-03-2024,"""Blanket""",Home,10,34.99,RETURNED
3814,Eve  SF,10/27/24,Yoga Mat,Sports,9,29.99,cancelled
3815,Leo  DEN,05-10-2024,Desk Lamp,Office,5,34.99,shipped
3816,Paul  CHI,08-09-2024,Whiteboard,Office,2,49,pending
3817,Eve  SF,07-29-2024,"""Pillow""",Home,7,24.99,returned
3818,Rose  DAL,22-08-2024,Pillow,Home,1,24.99,returned
3819,Jack  PHX,31-10-2024,Binder,Office,6,5,shipped
ORD-3820,Jack  PHX,10/30/24,"""Hat""",Clothing,9,19.99,returned
3821,Jack  PHX,17-03-2024,Blender,Home,4,44.99,processing
3822,Rose  DAL,07-16-2024,"""Dumbbell""",Sports,7,39.99,processing
3823,Nate  NYC,11-01-2024,"""Lamp""",Home,6,39,RETURNED
3824,Sam  SEA,01/18/24,Toaster,Home,3,29.99,shipped
3825,Paul  CHI,03-20-2024,Smartphone,Electronics,5,699,shipped
3826,Nate  NYC,04/23/24,Pillow,Home,1,24.99,Pending
3827,Quinn  SF,24-11-2024,Running Shoes,Sports,6,89.99,RETURNED
3828,Tina  BOS,03-09-2024,Clock,Home,5,19,delivered
3829,Mia  PDX,09-08-2024,Clock,Home,9,20,returned
ORD-3830,Leo  DEN,05-07-2024,Whiteboard,Office,4,50,processing
3831,Olivia  LA,27-09-2024,TShirt,Clothing,3,25,Pending
3832,Grace  SEA,12-12-2024,Clock,Home,4,19.99,returned
3833,Rose  DAL,05/24/2024,Dumbbell,Sports,2,40,shipped
ORD-3834,Alice  NYC,28-05-2024,Dress,Clothing,3,50,RETURNED
3835,Bob  LA,10/27/2024,Notebook,Office,1,8.99,cancelled
3836,Paul  CHI,07-06-2024,Pillow,Home,8,$24.99,returned
3837,Alice Smith,01/16/2024,Desk Lamp,Office,1,34.99,returned
3838,Karen  ATL,24-02-2024,Desk Lamp,Office,8,35,Pending
3839,Ivy  MIA,07-02-2024,Toaster,Home,8,$29.99,processing
3840,Mia  PDX,01/29/24,Stapler,Office,6,15,pending
3841,Bob  LA,02-22-2024,Notebook,Office,8,8,RETURNED
3842,Leo  DEN,09/16/24,Headphones,Electronics,9,$89.99,RETURNED
3843,Mia  PDX,06-03-2024,Yoga Mat,Sports,,29.99,processing
3844,Ivy  MIA,08-01-2024,Yoga Mat,Sports,7,$29.99,RETURNED
3845,Mia  PDX,03-15-2024,Jump Rope,Sports,3,9.99,Delivered
3846,Eve  SF,08-24-2024,Water Bottle,Sports,2,$14.99,shipped
3847,Leo  DEN,13-07-2024,Mouse,Electronics,1,$25.00,returned
3848,Diana  NYC,15-05-2024,"""Hat""",Clothing,2,19.99,returned
3849,Sam  SEA,10-06-2024,Mouse,Electronics,10,$25.00,pending
3850,Paul  CHI,01-24-2024,Running Shoes,Sports,5,89.99,Delivered
3851,Charlie  CHI,06-08-2024,Smartphone,Electronics,9,699.99,RETURNED
3852,Hank  BOS,08-06-2024,Tablet,Electronics,,350,delivered
3853,Nate  NYC,21-02-2024,Notebook,Office,7,8,processing
3854,Grace  SEA,19-05-2024,Jeans,Clothing,6,59,shipped
3855,Eve  SF,01-14-2024,Blanket,Home,8,35,cancelled
3856,Olivia  LA,01-02-2024,Running Shoes,Sports,9,89,cancelled
ORD-3857,Diana  NYC,02-06-2024,"""Blanket""",Home,7,35,Pending
3858,Frank  DAL,24-01-2024,Lamp,Home,2,39.99,shipped
3859,Mia  PDX,26-07-2024,"""Mouse""",Electronics,9,25,Delivered
3860,Diana Prince,01-02-2024,"""Hat""",Clothing,5,19.99,shipped
3861,Quinn  SF,09/22/2024,Jump Rope,Sports,7,9.99,Delivered
ORD-3862,Quinn  SF,28-01-2024,Monitor,Electronics,2,299.99,shipped
3863,Charlie  CHI,04-11-2024,Belt,Clothing,5,29.99,delivered
3864,Diana Prince,19-01-2024,Tablet,Electronics,7,349.99,delivered
3865,Charlie  CHI,30-10-2024,Pen Set,Office,6,13,shipped
3866,Hank  BOS,07-10-2024,Jump Rope,Sports,7,10,cancelled
3867,Diana  NYC,01-01-2024,Monitor,Electronics,6,$299.99,Delivered
3868,Sam  SEA,02/27/2024,Rug,Home,4,89,shipped
3869,Olivia  LA,12-21-2024,Pillow,Home,5,24,Delivered
3870,Eve  SF,12-04-2024,Socks,Clothing,7,10,pending
3871,Mia  PDX,10-22-2024,Headphones,Electronics,4,90,returned
3872,Paul  CHI,06-07-2024,Clock,Home,7,19.99,processing
ORD-3873,Paul  CHI,07-17-2024,Calculator,Office,2,24.99,RETURNED
3874,Sam  SEA,07-24-2024,Socks,Clothing,7,10,processing
3875,Olivia  LA,11-02-2024,Whiteboard,Office,1,$49.99,Delivered
3876,Paul  CHI,18-03-2024,Smartphone,Electronics,7,699.99,RETURNED
3877,Bob  LA,01/25/24,Dumbbell,Sports,1,39.99,returned
3878,Bob  LA,08-23-2024,"""Binder""",Office,2,5.99,processing
3879,Ivy  MIA,04/28/24,Running Shoes,Sports,3,89.99,delivered
3880,Rose  DAL,11/15/24,Dress,Clothing,7,49.99,processing
3881,Paul  CHI,04-03-2024,"""Jeans""",Clothing,5,59.99,shipped
3882,Hank  BOS,11-06-2024,Lamp,Home,7,39.99,pending
3883,Quinn  SF,22-07-2024,TShirt,Clothing,2,25,returned
3884,Charlie  CHI,29-02-2024,TShirt,Clothing,7,25,cancelled
3885,Grace  SEA,05/20/24,"""Resistance Band""",Sports,8,12,cancelled
3886,Sam  SEA,03-12-2024,Running Shoes,Sports,3,90,pending
3887,Mia  PDX,08/24/2024,Keyboard,Electronics,10,$45.00,Delivered
3888,Tina  BOS,11-05-2024,Jacket,Clothing,10,89,Delivered
3889,Ivy  MIA,09/16/24,Hat,Clothing,9,19,returned
3890,Hank  BOS,06/13/2024,"""Blanket""",Home,9,34.99,shipped
3891,Karen  ATL,09-03-2024,Notebook,Office,7,$8.99,shipped
3892,Bob  LA,07-18-2024,Pen Set,Office,1,13,shipped
3893,Nate  NYC,07-04-2024,Rug,Home,4,$89.99,processing
3894,Rose  DAL,17-10-2024,Socks,Clothing,10,9.99,shipped
3895,Olivia  LA,23-10-2024,Dumbbell,Sports,6,39,RETURNED
3896,Eve  SF,09-02-2024,Blanket,Home,2,34.99,Pending
3897,Olivia  LA,30-11-2024,Water Bottle,Sports,6,14,Pending
3898,Frank  DAL,04/16/24,Jump Rope,Sports,3,$9.99,delivered
3899,Leo  DEN,10-22-2024,TShirt,Clothing,9,$25.00,Delivered
3900,Rose  DAL,21-01-2024,Pillow,Home,3,24.99,processing
3901,Charlie  CHI,05-10-2024,Pillow,Home,6,25,pending
3902,Paul  CHI,05-31-2024,Charger,Electronics,1,14.99,processing
3903,Charlie  CHI,18-11-2024,Belt,Clothing,7,$29.99,RETURNED
3904,Tina  BOS,07-05-2024,Whiteboard,Office,1,49.99,delivered
ORD-3905,Tina  BOS,03-29-2024,Jump Rope,Sports,3,9,delivered
ORD-3906,Nate  NYC,03/19/2024,Toaster,Home,6,29.99,cancelled
3907,Grace  SEA,04/14/2024,Dress,Clothing,8,50,returned
3908,Sam  SEA,29-12-2024,Yoga Mat,Sports,2,29,cancelled
3909,Nate  NYC,05-07-2024,Water Bottle,Sports,5,14.99,delivered
ORD-3910,Ivy  MIA,05/15/2024,Laptop,Electronics,7,799,shipped
3911,Rose  DAL,27-07-2024,"""Notebook""",Office,2,8,pending
3912,Nate  NYC,01-03-2024,TShirt,Clothing,5,25,delivered
3913,Alice  NYC,06-17-2024,"""Rug""",Home,4,89.99,RETURNED
3914,Hank  BOS,21-08-2024,TShirt,Clothing,9,$25.00,Delivered
ORD-3915,Ivy  MIA,12-12-2024,Calculator,Office,3,25,RETURNED
3916,Diana Prince,17-12-2024,Stapler,Office,6,15.99,pending
3917,Rose  DAL,05/21/2024,"""Hat""",Clothing,2,19,delivered
3918,Alice Smith,03-01-2024,Notebook,Office,10,8,Pending
3919,Jack  PHX,25-12-2024,Jacket,Clothing,4,90,Delivered
3920,Leo  DEN,27-07-2024,TShirt,Clothing,6,25,RETURNED
3921,Tina  BOS,10-07-2024,Mouse,Electronics,8,25,delivered
3922,Karen  ATL,14-02-2024,Belt,Clothing,6,29.99,delivered
3923,Leo  DEN,06-27-2024,Water Bottle,Sports,1,14.99,pending
3924,Grace  SEA,09-20-2024,Resistance Band,Sports,1,12.99,Delivered
3925,Charlie  CHI,11-12-2024,Running Shoes,Sports,9,89.99,delivered
3926,Paul  CHI,23-11-2024,Mouse,Electronics,10,25,pending
3927,Karen  ATL,22-09-2024,Monitor,Electronics,8,299.99,pending
3928,Rose  DAL,05-12-2024,Water Bottle,Sports,2,14.99,shipped
3929,Hank  BOS,09-11-2024,Yoga Mat,Sports,8,$29.99,Delivered
3930,Tina  BOS,05/21/24,Chair,Office,5,200,delivered
3931,Sam  SEA,11-30-2024,Hat,Clothing,6,20,Delivered
3932,Leo  DEN,06/23/2024,"""USB Hub""",Electronics,5,$19.99,processing
3933,Tina  BOS,07-08-2024,"""Running Shoes""",Sports,10,89.99,processing
3934,Olivia  LA,12-07-2024,Belt,Clothing,9,29.99,processing
3935,Grace  SEA,08/14/24,Tablet,Electronics,4,349.99,shipped
3936,Mia  PDX,09/17/2024,Socks,Clothing,1,9,cancelled
3937,Frank  DAL,07/28/2024,Socks,Clothing,4,$9.99,RETURNED
3938,Rose  DAL,06-10-2024,Keyboard,Electronics,3,45,pending
3939,Karen  ATL,05/14/2024,Pen Set,Office,8,$12.99,delivered
3940,Eve  SF,06/17/24,"""Clock""",Home,7,19.99,cancelled
3941,Karen  ATL,21-01-2024,Coffee Maker,Home,3,59.99,returned
3942,Charlie  CHI,20-05-2024,Chair,Office,6,199.99,Pending
3943,Frank  DAL,11-21-2024,Dumbbell,Sports,10,39.99,shipped
3944,Alice  NYC,03-19-2024,Notebook,Office,7,8.99,pending
3945,Rose  DAL,12-10-2024,Webcam,Electronics,5,59,cancelled
3946,Ivy  MIA,07-27-2024,Whiteboard,Office,1,$49.99,RETURNED
3947,Paul  CHI,04-28-2024,Resistance Band,Sports,5,$12.99,shipped
3948,Grace  SEA,01/15/2024,Yoga Mat,Sports,7,29.99,pending
3949,Hank  BOS,01-09-2024,Toaster,Home,7,29.99,pending
ORD-3950,Sam  SEA,20-01-2024,Notebook,Office,8,8.99,shipped
3951,Charlie  CHI,16-04-2024,"""Keyboard""",Electronics,4,45,Delivered
3952,Olivia  LA,02-07-2024,Toaster,Home,7,$29.99,cancelled
3953,Hank  BOS,03/16/24,Charger,Electronics,7,14.99,delivered
3954,Hank  BOS,01/29/2024,Keyboard,Electronics,7,45,pending
3955,Quinn  SF,28-01-2024,Clock,Home,3,19,Delivered
3956,Karen  ATL,03/15/24,Resistance Band,Sports,3,12.99,Pending
3957,Frank  DAL,26-03-2024,Running Shoes,Sports,1,89.99,processing
ORD-3958,Jack  PHX,18-05-2024,Lamp,Home,6,$39.99,Pending
3959,Sam  SEA,20-03-2024,USB Hub,Electronics,5,19,RETURNED
ORD-3960,Olivia  LA,10-07-2024,Water Bottle,Sports,8,14,Delivered
3961,Alice  NYC,08/22/24,Jump Rope,Sports,8,9,Pending
3962,Tina  BOS,06-05-2024,Water Bottle,Sports,3,14.99,Pending
ORD-3963,Tina  BOS,05-11-2024,Hat,Clothing,2,19,shipped
3964,Karen  ATL,20-06-2024,Blender,Home,7,44.99,Pending
3965,Alice  NYC,07-07-2024,USB Hub,Electronics,8,19.99,pending
3966,Quinn  SF,12-10-2024,Keyboard,Electronics,5,$45.00,cancelled
3967,Ivy  MIA,11-11-2024,"""Coffee Maker""",Home,10,59.99,Delivered
3968,Quinn  SF,09-05-2024,"""Tablet""",Electronics,9,349,RETURNED
3969,Paul  CHI,05-25-2024,Laptop,Electronics,5,799.99,cancelled
3970,Rose  DAL,07/30/24,Rug,Home,3,90,delivered
3971,Charlie  CHI,24-02-2024,"""Yoga Mat""",Sports,8,29.99,processing
3972,Alice  NYC,16-10-2024,"""Webcam""",Electronics,6,60,pending
3973,Hank  BOS,13-11-2024,"""Dumbbell""",Sports,1,$39.99,RETURNED
3974,Tina  BOS,06/13/2024,Lamp,Home,10,39,shipped
3975,Ivy  MIA,12-08-2024,Socks,Clothing,10,10,delivered
3976,Mia  PDX,02-17-2024,Desk Lamp,Office,1,35,cancelled
3977,Tina  BOS,12/17/2024,Rug,Home,7,89.99,shipped
3978,Diana  NYC,09-11-2024,Coffee Maker,Home,6,60,shipped
3979,Bob  LA,09/17/24,Jump Rope,Sports,7,9.99,Delivered
3980,Tina  BOS,07-24-2024,Monitor,Electronics,6,299.99,Delivered
3981,Leo  DEN,12-10-2024,"""Whiteboard""",Office,10,49.99,cancelled
3982,Leo  DEN,02/19/24,Stapler,Office,10,15.99,returned
3983,Bob  LA,08-05-2024,Jump Rope,Sports,2,9.99,Pending
3984,Tina  BOS,07-01-2024,Desk Lamp,Office,2,$34.99,Pending
3985,Grace  SEA,01-21-2024,Pillow,Home,9,24.99,pending
3986,Nate  NYC,20-06-2024,Calculator,Office,3,24.99,Delivered
3987,Frank  DAL,11-08-2024,Water Bottle,Sports,9,14.99,returned
3988,Jack  PHX,05-30-2024,Chair,Office,7,199.99,cancelled
3989,Diana  NYC,14-05-2024,Jump Rope,Sports,3,9.99,returned
3990,Paul  CHI,02-04-2024,Headphones,Electronics,3,89.99,shipped
3991,Nate  NYC,10-04-2024,Resistance Band,Sports,8,12.99,shipped
3992,Karen  ATL,30-04-2024,Chair,Office,5,199.99,delivered
3993,Tina  BOS,04-11-2024,Sneakers,Clothing,1,75,pending
3994,Karen  ATL,09/21/2024,Charger,Electronics,7,$14.99,delivered
3995,Ivy  MIA,04-05-2024,Jump Rope,Sports,8,9.99,RETURNED
3996,Charlie  CHI,01-02-2024,Rug,Home,3,$89.99,delivered
3997,Karen  ATL,07-12-2024,Yoga Mat,Sports,4,29.99,pending
3998,Olivia  LA,12-11-2024,Desk Lamp,Office,4,34,shipped
3999,Nate  NYC,04-06-2024,Dress,Clothing,6,49,returned
4000,Charlie  CHI,09-06-2024,Tablet,Electronics,3,349.99,delivered
4001,Nate  NYC,19-09-2024,Whiteboard,Office,9,50,Pending
4002,Nate  NYC,11/17/2024,Pen Set,Office,1,$12.99,processing
4003,Eve  SF,10-11-2024,Hat,Clothing,1,20,Pending
4004,Tina  BOS,26-05-2024,Stapler,Office,3,15.99,delivered
4005,Bob  LA,08/23/24,Jacket,Clothing,9,89.99,pending
4006,Frank  DAL,05-30-2024,Hat,Clothing,9,19,shipped
4007,Paul  CHI,08-29-2024,Hat,Clothing,6,$19.99,processing
4008,Mia  PDX,10-14-2024,"""Jacket""",Clothing,8,89,Delivered
4009,Charlie  CHI,23-04-2024,USB Hub,Electronics,9,$19.99,RETURNED
4010,Leo  DEN,09-12-2024,Binder,Office,3,5,delivered
4011,Grace  SEA,04-22-2024,Calculator,Office,3,24,pending
4012,Olivia  LA,19-03-2024,Headphones,Electronics,5,89.99,RETURNED
4013,Nate  NYC,05/30/24,Belt,Clothing,8,29.99,returned
4014,Rose  DAL,23-07-2024,Webcam,Electronics,7,60,cancelled
4015,Karen  ATL,09-12-2024,Headphones,Electronics,5,89.99,Pending
4016,Hank  BOS,10-05-2024,Jeans,Clothing,3,60,RETURNED
4017,Olivia  LA,05-02-2024,"""Coffee Maker""",Home,7,$59.99,Delivered
4018,Sam  SEA,07/30/24,Stapler,Office,1,15,processing
4019,Grace  SEA,09/18/24,TShirt,Clothing,4,25,returned
4020,Quinn  SF,08-05-2024,Toaster,Home,4,30,delivered
4021,Rose  DAL,07-06-2024,Laptop,Electronics,1,799.99,cancelled
4022,Grace  SEA,03/25/2024,Coffee Maker,Home,8,59,shipped
4023,Karen  ATL,12/22/2024,Binder,Office,6,5,Delivered
4024,Paul  CHI,06-14-2024,Whiteboard,Office,1,50,Pending
4025,Charlie  CHI,10-13-2024,Whiteboard,Office,5,49.99,RETURNED
4026,Karen  ATL,12-08-2024,Stapler,Office,1,15,processing
4027,Charlie  CHI,17-02-2024,Pen Set,Office,10,$12.99,RETURNED
4028,Jack  PHX,18-11-2024,"""Monitor""",Electronics,3,299,Delivered
4029,Alice  NYC,07-04-2024,Dumbbell,Sports,1,$39.99,pending
4030,Charlie  CHI,12-04-2024,"""Chair""",Office,3,199.99,cancelled
4031,Alice  NYC,20-01-2024,Keyboard,Electronics,2,45,pending
4032,Sam  SEA,07-11-2024,Yoga Mat,Sports,5,29,returned
4033,Hank  BOS,10/31/24,Chair,Office,2,199.99,returned
4034,Jack  PHX,02-05-2024,Dress,Clothing,6,49,cancelled
4035,Tina  BOS,05-04-2024,Belt,Clothing,7,29.99,cancelled
4036,Eve  SF,02-14-2024,"""Keyboard""",Electronics,3,45,processing
4037,Hank  BOS,09/26/2024,Chair,Office,3,199.99,delivered
4038,Quinn  SF,03-21-2024,Water Bottle,Sports,5,15,returned
4039,Diana  NYC,08-04-2024,Yoga Mat,Sports,2,$29.99,Pending
4040,Grace  SEA,28-01-2024,Sneakers,Clothing,7,75,returned
4041,Charlie  CHI,05/28/24,Jeans,Clothing,9,59,RETURNED
4042,Alice Smith,05/14/2024,"""Jacket""",Clothing,4,90,RETURNED
4043,Paul  CHI,10-09-2024,Water Bottle,Sports,6,14.99,RETURNED
4044,Eve  SF,01-03-2024,Toaster,Home,7,$29.99,delivered
4045,Paul  CHI,19-12-2024,"""Running Shoes""",Sports,1,90,delivered
4046,Sam  SEA,07-01-2024,TShirt,Clothing,8,25,Delivered
4047,Tina  BOS,05-06-2024,Rug,Home,4,$89.99,shipped
4048,Paul  CHI,03-02-2024,Notebook,Office,10,8,delivered
4049,Grace  SEA,06/21/2024,Dress,Clothing,1,49,shipped
4050,Rose  DAL,27-08-2024,Dumbbell,Sports,3,$39.99,delivered
4051,Paul  CHI,08-10-2024,Jump Rope,Sports,3,10,Delivered
4052,Diana Prince,06-08-2024,Charger,Electronics,1,$14.99,pending
4053,Hank  BOS,10-04-2024,Resistance Band,Sports,9,12,cancelled
4054,Hank  BOS,12-08-2024,Headphones,Electronics,7,90,processing
4055,Nate  NYC,07-20-2024,Binder,Office,5,5.99,shipped
4056,Eve  SF,21-10-2024,Jeans,Clothing,6,$59.99,shipped
4057,Diana Prince,17-05-2024,"""Jump Rope""",Sports,2,9.99,returned
4058,Frank  DAL,07/31/2024,Desk Lamp,Office,2,34.99,Pending
4059,Jack  PHX,09/21/2024,Monitor,Electronics,2,299.99,pending
4060,Alice  NYC,28-06-2024,Whiteboard,Office,5,49,pending
4061,Quinn  SF,08/19/24,Blanket,Home,4,34,Delivered
ORD-4062,Grace  SEA,30-06-2024,Whiteboard,Office,6,49.99,Pending
4063,Hank  BOS,18-03-2024,Mouse,Electronics,7,$25.00,pending
4064,Quinn  SF,29-11-2024,Water Bottle,Sports,3,14.99,cancelled
4065,Quinn  SF,01-11-2024,Notebook,Office,6,8,cancelled
4066,Tina  BOS,06-04-2024,"""Lamp""",Home,2,39.99,Delivered
ORD-4067,Alice Smith,30-08-2024,Running Shoes,Sports,5,$89.99,delivered
4068,Nate  NYC,12/29/24,Lamp,Home,10,40,Delivered
4069,Tina  BOS,21-10-2024,Chair,Office,7,199,Delivered
ORD-4070,Charlie  CHI,06-24-2024,Lamp,Home,3,39,processing
4071,Alice Smith,23-10-2024,Tablet,Electronics,5,349,RETURNED
4072,Hank  BOS,24-03-2024,USB Hub,Electronics,9,$19.99,Delivered
4073,Quinn  SF,08/26/2024,"""Laptop""",Electronics,8,799.99,returned
4074,Tina  BOS,21-01-2024,Calculator,Office,2,$24.99,Delivered
4075,Charlie  CHI,31-12-2024,Stapler,Office,4,16,pending
4076,Rose  DAL,31-12-2024,Belt,Clothing,9,29,Pending
4077,Sam  SEA,15-06-2024,"""Monitor""",Electronics,3,299,Delivered
4078,Paul  CHI,25-09-2024,Webcam,Electronics,3,59.99,delivered
4079,Quinn  SF,10/22/24,Pen Set,Office,1,12,returned
4080,Diana Prince,10/25/2024,Blanket,Home,2,34.99,cancelled
4081,Sam  SEA,04/18/2024,Stapler,Office,5,15,processing
ORD-4082,Karen  ATL,13-10-2024,Sneakers,Clothing,8,75,shipped
4083,Paul  CHI,02-18-2024,Keyboard,Electronics,3,45,returned
4084,Rose  DAL,10/19/2024,Dumbbell,Sports,7,39,delivered
4085,Mia  PDX,10-08-2024,Keyboard,Electronics,6,$45.00,RETURNED
4086,Nate  NYC,06-04-2024,Dumbbell,Sports,1,39.99,delivered
4087,Sam  SEA,09/23/24,"""Tablet""",Electronics,4,349,processing
4088,Nate  NYC,10/19/2024,Pillow,Home,8,24.99,cancelled
4089,Ivy  MIA,07-28-2024,Clock,Home,9,19,Pending
4090,Paul  CHI,06-08-2024,Whiteboard,Office,8,$49.99,Pending
4091,Ivy  MIA,27-10-2024,Resistance Band,Sports,2,12,shipped
4092,Leo  DEN,02-01-2024,Monitor,Electronics,3,$299.99,Pending
4093,Mia  PDX,06-25-2024,TShirt,Clothing,7,25,RETURNED
4094,Hank  BOS,21-01-2024,Running Shoes,Sports,8,90,cancelled
4095,Nate  NYC,07-07-2024,Jacket,Clothing,7,89,pending
4096,Rose  DAL,17-04-2024,Resistance Band,Sports,1,13,Pending
4097,Grace  SEA,03/17/2024,Rug,Home,5,$89.99,RETURNED
4098,Frank  DAL,12-11-2024,Dumbbell,Sports,4,39,pending
4099,Sam  SEA,01-04-2024,Monitor,Electronics,8,299.99,Delivered
4100,Grace  SEA,04-11-2024,Monitor,Electronics,1,300,cancelled
4101,Grace  SEA,07/23/24,Resistance Band,Sports,5,13,pending
4102,Paul  CHI,10/30/2024,Headphones,Electronics,8,89.99,RETURNED
4103,Diana  NYC,08-07-2024,Rug,Home,7,90,Delivered
4104,Eve  SF,05/28/24,Pillow,Home,3,24,RETURNED
4105,Eve  SF,09/24/2024,Pillow,Home,10,24,RETURNED
4106,Ivy  MIA,04/23/2024,Sneakers,Clothing,10,75,shipped
4107,Tina  BOS,01-12-2024,Dumbbell,Sports,2,40,pending
4108,Quinn  SF,02-11-2024,Running Shoes,Sports,6,90,pending
4109,Mia  PDX,26-11-2024,Water Bottle,Sports,1,14,cancelled
4110,Paul  CHI,08-07-2024,Headphones,Electronics,10,89.99,pending
4111,Leo  DEN,06-07-2024,Laptop,Electronics,6,$799.99,shipped
4112,Eve  SF,04/15/2024,Binder,Office,8,6,Pending
4113,Tina  BOS,27-06-2024,"""Chair""",Office,9,199.99,Delivered
4114,Nate  NYC,09-08-2024,"""Desk Lamp""",Office,1,34.99,delivered
4115,Charlie  CHI,04-23-2024,Belt,Clothing,7,29,RETURNED
4116,Olivia  LA,15-09-2024,Jacket,Clothing,4,90,Delivered
4117,Tina  BOS,03-04-2024,"""Rug""",Home,2,89.99,delivered
4118,Quinn  SF,07-06-2024,Tablet,Electronics,3,349,shipped
4119,Rose  DAL,18-11-2024,Belt,Clothing,10,30,returned
4120,Nate  NYC,19-02-2024,"""Running Shoes""",Sports,4,89,Delivered
4121,Leo  DEN,06-05-2024,"""Yoga Mat""",Sports,6,29,Pending
4122,Sam  SEA,08/13/2024,Calculator,Office,4,24.99,delivered
4123,Karen  ATL,06/25/24,Yoga Mat,Sports,7,29,processing
4124,Rose  DAL,10-03-2024,Calculator,Office,10,24.99,cancelled
4125,Ivy  MIA,06-12-2024,"""Whiteboard""",Office,7,49.99,cancelled
4126,Mia  PDX,10/19/2024,Notebook,Office,1,8.99,Pending
4127,Tina  BOS,02-07-2024,Dress,Clothing,5,$49.99,processing
4128,Karen  ATL,01-17-2024,Keyboard,Electronics,6,45,processing
4129,Alice  NYC,14-11-2024,Monitor,Electronics,5,299,Pending
4130,Jack  PHX,21-05-2024,Monitor,Electronics,5,299,Pending
4131,Sam  SEA,06/22/24,"""USB Hub""",Electronics,3,19.99,cancelled
4132,Mia  PDX,11/23/24,Binder,Office,2,5.99,delivered
4133,Jack  PHX,03-08-2024,Resistance Band,Sports,4,13,Pending
4134,Mia  PDX,03/26/2024,Socks,Clothing,1,9.99,RETURNED
4135,Paul  CHI,04-04-2024,Yoga Mat,Sports,1,29.99,RETURNED
4136,Diana  NYC,02-11-2024,Webcam,Electronics,7,59.99,returned
4137,Mia  PDX,10/21/24,Notebook,Office,6,8.99,cancelled
ORD-4138,Sam  SEA,09-04-2024,Blender,Home,8,44.99,processing
4139,Jack  PHX,09-01-2024,Sneakers,Clothing,9,75,returned
4140,Charlie  CHI,09-04-2024,Dumbbell,Sports,3,39.99,RETURNED
4141,Eve  SF,12-12-2024,Notebook,Office,4,8,shipped
4142,Quinn  SF,04-01-2024,Toaster,Home,5,29.99,Pending
4143,Frank  DAL,30-10-2024,TShirt,Clothing,1,25,returned
4144,Paul  CHI,11/25/24,Jeans,Clothing,7,59.99,processing
4145,Diana  NYC,04-23-2024,Sneakers,Clothing,10,75,delivered
4146,Leo  DEN,08-07-2024,Water Bottle,Sports,3,14.99,cancelled
4147,Jack  PHX,02/23/24,Binder,Office,9,N/A,Pending
4148,Sam  SEA,06-25-2024,Yoga Mat,Sports,6,29.99,returned
4149,Bob  LA,02/22/2024,Coffee Maker,Home,7,60,delivered
4150,Nate  NYC,22-02-2024,"""Running Shoes""",Sports,10,89,delivered
4151,Rose  DAL,16-10-2024,Binder,Office,5,6,delivered
4152,Alice  NYC,14-05-2024,Notebook,Office,3,8,Pending
4153,Rose  DAL,11/30/24,Running Shoes,Sports,6,89.99,shipped
4154,Tina  BOS,05/28/2024,Headphones,Electronics,10,89.99,RETURNED
4155,Olivia  LA,20-08-2024,Socks,Clothing,9,10,Pending
4156,Tina  BOS,03-12-2024,"""TShirt""",Clothing,5,25,Pending
4157,Jack  PHX,17-12-2024,Lamp,Home,1,$39.99,pending
ORD-4158,Olivia  LA,03-10-2024,Mouse,Electronics,7,$25.00,Pending
4159,Grace  SEA,31-10-2024,Dumbbell,Sports,7,39.99,shipped
4160,Diana  NYC,01-23-2024,Toaster,Home,8,30,returned
4161,Paul  CHI,16-03-2024,Jeans,Clothing,3,60,pending
4162,Karen  ATL,13-11-2024,"""Coffee Maker""",Home,6,59.99,Pending
4163,Olivia  LA,16-11-2024,Notebook,Office,3,8.99,cancelled
4164,Charlie  CHI,06/17/2024,Smartphone,Electronics,7,699.99,cancelled
4165,Eve  SF,23-10-2024,"""Jeans""",Clothing,2,$59.99,Delivered
4166,Hank  BOS,09-05-2024,Pen Set,Office,1,12.99,cancelled
4167,Grace  SEA,18-12-2024,Clock,Home,9,$19.99,delivered
4168,Diana  NYC,11/14/2024,Toaster,Home,4,29,processing
4169,Diana  NYC,28-07-2024,Charger,Electronics,5,$14.99,shipped
4170,Tina  BOS,30-08-2024,Pillow,Home,6,24.99,Delivered
4171,Leo  DEN,09/24/2024,Pillow,Home,5,24.99,pending
4172,Paul  CHI,23-11-2024,Socks,Clothing,3,$9.99,cancelled
4173,Charlie  CHI,13-01-2024,Running Shoes,Sports,3,89.99,delivered
4174,Ivy  MIA,04-01-2024,Jacket,Clothing,8,$89.99,shipped
4175,Nate  NYC,10-09-2024,Coffee Maker,Home,9,59.99,RETURNED
4176,Quinn  SF,02-06-2024,TShirt,Clothing,6,$25.00,Pending
4177,Tina  BOS,03-09-2024,Stapler,Office,2,15.99,returned
4178,Ivy  MIA,26-05-2024,Laptop,Electronics,2,800,pending
4179,Tina  BOS,04-14-2024,Whiteboard,Office,5,50,returned
4180,Tina  BOS,04-26-2024,Mouse,Electronics,6,$25.00,Delivered
4181,Olivia  LA,15-04-2024,"""Clock""",Home,1,19.99,cancelled
4182,Tina  BOS,09/28/2024,Whiteboard,Office,7,49.99,processing
4183,Paul  CHI,19-03-2024,Keyboard,Electronics,10,45,Delivered
4184,Nate  NYC,01-24-2024,Jacket,Clothing,5,89.99,cancelled
4185,Frank  DAL,08-01-2024,Jump Rope,Sports,1,9,shipped
4186,Diana  NYC,07-06-2024,Dumbbell,Sports,9,39,shipped
ORD-4187,Paul  CHI,29-06-2024,Coffee Maker,Home,7,59,delivered
4188,Olivia  LA,03-02-2024,Jacket,Clothing,9,$89.99,processing
4189,Sam  SEA,09-03-2024,Hat,Clothing,9,$19.99,Delivered
4190,Eve  SF,07-03-2024,Sneakers,Clothing,1,75,Pending
4191,Bob  LA,06-29-2024,"""Rug""",Home,5,89.99,returned
4192,Ivy  MIA,10/23/2024,Desk Lamp,Office,9,35,returned
4193,Quinn  SF,03-01-2024,"""Lamp""",Home,5,$39.99,Pending
4194,Olivia  LA,10-13-2024,Tablet,Electronics,1,350,Pending
4195,Quinn  SF,16-11-2024,Lamp,Home,6,39.99,Delivered
4196,Tina  BOS,09-04-2024,Dumbbell,Sports,4,39,RETURNED
4197,Frank  DAL,07-06-2024,Rug,Home,8,89,cancelled
4198,Rose  DAL,02-07-2024,"""Dress""",Clothing,5,49.99,RETURNED
4199,Rose  DAL,09-08-2024,Running Shoes,Sports,5,$89.99,pending
4200,Tina  BOS,02/18/24,Rug,Home,1,89.99,returned
4201,Diana  NYC,30-07-2024,Yoga Mat,Sports,3,$29.99,shipped
4202,Charlie  CHI,07/20/24,"""Resistance Band""",Sports,1,12.99,Pending
4203,Ivy  MIA,15-02-2024,Yoga Mat,Sports,10,29.99,shipped
4204,Alice  NYC,08-19-2024,Resistance Band,Sports,4,12,delivered
4205,Mia  PDX,04-24-2024,Sneakers,Clothing,7,75,delivered
4206,Mia  PDX,08/28/24,Toaster,Home,6,29.99,RETURNED
4207,Olivia  LA,14-12-2024,Belt,Clothing,2,29.99,Delivered
4208,Diana  NYC,01-03-2024,Clock,Home,3,19,Pending
4209,Nate  NYC,01/18/2024,Running Shoes,Sports,7,89.99,RETURNED
4210,Paul  CHI,05-30-2024,Binder,Office,8,5.99,cancelled
4211,Nate  NYC,07-09-2024,Coffee Maker,Home,4,$59.99,shipped
4212,Leo  DEN,12-11-2024,Whiteboard,Office,7,49,Delivered
4213,Charlie  CHI,11/27/24,Dress,Clothing,5,50,pending
4214,Leo  DEN,05/19/2024,Toaster,Home,1,29.99,Pending
4215,Hank  BOS,27-06-2024,Whiteboard,Office,4,49,processing
4216,Bob  LA,04-11-2024,Coffee Maker,Home,9,$59.99,RETURNED
4217,Sam  SEA,06-04-2024,Yoga Mat,Sports,10,29,delivered
ORD-4218,Ivy  MIA,05/20/24,Tablet,Electronics,4,349.99,RETURNED
4219,Mia  PDX,27-07-2024,Notebook,Office,1,$8.99,processing
4220,Rose  DAL,27-08-2024,Water Bottle,Sports,5,14,Pending
4221,Mia  PDX,04-10-2024,Monitor,Electronics,3,299,shipped
4222,Karen  ATL,02/15/24,Charger,Electronics,2,14.99,pending
4223,Nate  NYC,28-02-2024,Yoga Mat,Sports,10,30,Delivered
4224,Ivy  MIA,09-22-2024,Clock,Home,8,$19.99,cancelled
4225,Alice  NYC,01-12-2024,Chair,Office,6,199,Delivered
4226,Paul  CHI,07/28/24,"""Socks""",Clothing,6,$9.99,pending
4227,Alice  NYC,09-03-2024,Water Bottle,Sports,8,14.99,processing
4228,Diana  NYC,04/21/2024,Dumbbell,Sports,7,39.99,returned
4229,Paul  CHI,07-05-2024,Chair,Office,2,$199.99,Pending
4230,Olivia  LA,17-11-2024,Yoga Mat,Sports,2,29.99,RETURNED
4231,Alice  NYC,04/14/2024,Notebook,Office,8,8.99,Delivered
4232,Ivy  MIA,08-24-2024,TShirt,Clothing,9,25,Pending
4233,Karen  ATL,09-02-2024,Headphones,Electronics,10,$89.99,
4234,Alice Smith,05-05-2024,Pillow,Home,7,25,Pending
4235,Quinn  SF,01/22/2024,Resistance Band,Sports,5,13,processing
ORD-4236,Karen  ATL,24-08-2024,"""Dumbbell""",Sports,3,39.99,Pending
4237,Karen  ATL,03-22-2024,Resistance Band,Sports,2,13,delivered
4238,Tina  BOS,11-03-2024,Water Bottle,Sports,4,14.99,cancelled
4239,Mia  PDX,01-03-2024,"""Monitor""",Electronics,10,299.99,Delivered
4240,Bob  LA,03/15/2024,Pillow,Home,1,24.99,RETURNED
4241,Rose  DAL,02-10-2024,"""Notebook""",Office,3,$8.99,pending
4242,Mia  PDX,10-17-2024,TShirt,Clothing,2,25,delivered
4243,Leo  DEN,15-08-2024,Calculator,Office,9,25,shipped
4244,Sam  SEA,05-01-2024,Dress,Clothing,6,50,returned
4245,Charlie  CHI,11-03-2024,Toaster,Home,4,29.99,Delivered
4246,Sam  SEA,27-11-2024,Smartphone,Electronics,6,700,Pending
4247,Quinn  SF,05-04-2024,Webcam,Electronics,10,59.99,processing
4248,Nate  NYC,20-08-2024,Jump Rope,Sports,5,9.99,returned
4249,Karen  ATL,01/16/2024,Chair,Office,2,200,pending
4250,Jack  PHX,15-08-2024,Notebook,Office,6,8.99,RETURNED
4251,Leo  DEN,02-09-2024,Socks,Clothing,9,9.99,processing
4252,Eve  SF,19-08-2024,Clock,Home,5,19,shipped
4253,Sam  SEA,04/21/2024,Chair,Office,2,$199.99,shipped
4254,Jack  PHX,09-01-2024,Belt,Clothing,10,29.99,delivered
4255,Karen  ATL,18-12-2024,Jump Rope,Sports,5,9.99,shipped
4256,Diana  NYC,03-12-2024,Sneakers,Clothing,6,75,returned
4257,Leo  DEN,16-08-2024,Notebook,Office,8,8,delivered
4258,Diana  NYC,07-03-2024,Belt,Clothing,8,29,returned
4259,Leo  DEN,22-06-2024,Dress,Clothing,1,49.99,RETURNED
4260,Hank  BOS,08-10-2024,Whiteboard,Office,6,50,returned
4261,Rose  DAL,07/31/2024,Sneakers,Clothing,8,75,delivered
4262,Tina  BOS,01/16/2024,Headphones,Electronics,10,89.99,Pending
4263,Bob  LA,13-10-2024,"""Tablet""",Electronics,6,349,pending
4264,Sam  SEA,11-11-2024,Sneakers,Clothing,7,75,returned
ORD-4265,Nate  NYC,11/26/24,Resistance Band,Sports,9,13,returned
ORD-4266,Leo  DEN,07-08-2024,Dumbbell,Sports,2,39.99,pending
4267,Mia  PDX,19-10-2024,Charger,Electronics,4,$14.99,cancelled
4268,Bob  LA,03/27/24,Monitor,Electronics,8,299.99,processing
4269,Grace  SEA,09-08-2024,Calculator,Office,7,24,cancelled
4270,Ivy  MIA,12/24/24,TShirt,Clothing,5,25,pending
4271,Mia  PDX,05/20/24,Blanket,Home,7,35,Delivered
4272,Rose  DAL,02-05-2024,Belt,Clothing,7,29,RETURNED
4273,Rose  DAL,07/17/2024,Chair,Office,3,200,shipped
4274,Jack  PHX,11-11-2024,Binder,Office,4,5.99,cancelled
4275,Karen  ATL,10-11-2024,Rug,Home,3,$89.99,delivered
4276,Mia  PDX,05/17/2024,Yoga Mat,Sports,10,29,Pending
4277,Quinn  SF,03-15-2024,Smartphone,Electronics,3,699.99,pending
4278,Rose  DAL,09-05-2024,TShirt,Clothing,4,$25.00,Delivered
4279,Mia  PDX,12/27/2024,Monitor,Electronics,8,300,RETURNED
4280,Hank  BOS,11-12-2024,Whiteboard,Office,7,50,Pending
4281,Leo  DEN,29-06-2024,Rug,Home,1,89.99,returned
4282,Eve  SF,05-15-2024,Rug,Home,5,89.99,Pending
4283,Frank  DAL,08-04-2024,Binder,Office,7,6,Delivered
4284,Bob  LA,21-02-2024,Smartphone,Electronics,5,699,pending
4285,Karen  ATL,12-09-2024,Yoga Mat,Sports,9,30,RETURNED
4286,Diana Prince,04-06-2024,"""Whiteboard""",Office,2,50,pending
4287,Quinn  SF,09-07-2024,Rug,Home,4,$89.99,delivered
ORD-4288,Eve  SF,11-11-2024,"""Yoga Mat""",Sports,1,29.99,shipped
4289,Leo  DEN,01-12-2024,Yoga Mat,Sports,6,29,Pending
4290,Tina  BOS,11-11-2024,"""Belt""",Clothing,3,30,Pending
4291,Diana  NYC,23-01-2024,Socks,Clothing,9,$9.99,delivered
4292,Paul  CHI,01-06-2024,Pen Set,Office,7,12.99,pending
4293,Eve  SF,08/23/24,Resistance Band,Sports,6,$12.99,Delivered
4294,Hank  BOS,05-03-2024,TShirt,Clothing,2,25,Delivered
4295,Charlie  CHI,04-23-2024,Rug,Home,1,$89.99,Pending
4296,Nate  NYC,20-08-2024,Notebook,Office,3,9,RETURNED
4297,Nate  NYC,01-30-2024,TShirt,Clothing,7,25,shipped
4298,Diana Prince,10/23/24,Binder,Office,1,5,RETURNED
4299,Charlie  CHI,08/20/2024,Jeans,Clothing,2,59,cancelled
4300,Hank  BOS,18-11-2024,Sneakers,Clothing,4,75,Delivered
4301,Sam  SEA,24-10-2024,USB Hub,Electronics,1,19,cancelled
4302,Diana  NYC,15-12-2024,TShirt,Clothing,3,25,Pending
4303,Karen  ATL,06-04-2024,Pen Set,Office,3,12.99,returned
4304,Jack  PHX,07-04-2024,"""Webcam""",Electronics,10,$59.99,Pending
4305,Hank  BOS,03-09-2024,Pillow,Home,1,25,
4306,Bob  LA,18-08-2024,Jump Rope,Sports,5,$9.99,delivered
4307,Eve  SF,02-01-2024,Coffee Maker,Home,5,59,pending
4308,Tina  BOS,17-02-2024,Sneakers,Clothing,10,75,processing
4309,Quinn  SF,18-02-2024,Clock,Home,6,19.99,cancelled
4310,Sam  SEA,12-02-2024,Laptop,Electronics,6,799.99,processing
4311,Charlie  CHI,09/22/2024,Hat,Clothing,8,19.99,Delivered
ORD-4312,Bob  LA,13-04-2024,Whiteboard,Office,6,49.99,shipped
4313,Paul  CHI,04-02-2024,"""Lamp""",Home,5,39,shipped
4314,Karen  ATL,01-14-2024,Belt,Clothing,3,29,Pending
4315,Charlie  CHI,22-04-2024,Coffee Maker,Home,1,59.99,delivered
4316,Charlie  CHI,01/26/24,Yoga Mat,Sports,2,29,cancelled
4317,Paul  CHI,26-08-2024,TShirt,Clothing,9,25,shipped
4318,Charlie  CHI,03-07-2024,Water Bottle,Sports,7,14.99,returned
4319,Nate  NYC,08-18-2024,Water Bottle,Sports,1,14,RETURNED
4320,Leo  DEN,03/17/24,Running Shoes,Sports,10,$89.99,RETURNED
4321,Diana  NYC,05/24/2024,Binder,Office,10,5,pending
4322,Bob  LA,01-08-2024,USB Hub,Electronics,5,19.99,cancelled
4323,Diana  NYC,18-08-2024,Tablet,Electronics,5,349.99,shipped
4324,Hank  BOS,06-06-2024,Resistance Band,Sports,6,12.99,processing
4325,Mia  PDX,03/15/24,Water Bottle,Sports,3,15,returned
4326,Bob  LA,14-07-2024,Binder,Office,2,$5.99,returned
4327,Sam  SEA,12/13/24,Resistance Band,Sports,6,$12.99,cancelled
4328,Hank  BOS,03-08-2024,"""Pillow""",Home,7,24.99,shipped
4329,Hank  BOS,03-10-2024,Stapler,Office,3,15.99,Delivered
4330,Paul  CHI,07/25/2024,Yoga Mat,Sports,9,$29.99,cancelled
4331,Leo  DEN,04/23/24,Jacket,Clothing,3,89.99,shipped
4332,Quinn  SF,07-10-2024,Monitor,Electronics,5,299,RETURNED
4333,Paul  CHI,22-08-2024,Clock,Home,10,19.99,cancelled
4334,Eve  SF,05-06-2024,Dress,Clothing,4,50,returned
4335,Karen  ATL,01/26/2024,Charger,Electronics,8,$14.99,Delivered
4336,Grace  SEA,09-11-2024,Calculator,Office,7,$24.99,cancelled
4337,Diana  NYC,10-06-2024,Clock,Home,9,19.99,delivered
4338,Ivy  MIA,01/31/24,Running Shoes,Sports,5,89.99,delivered
4339,Paul  CHI,05/22/2024,Water Bottle,Sports,4,15,pending
4340,Alice Smith,11-08-2024,Yoga Mat,Sports,10,29,returned
4341,Eve  SF,27-09-2024,Dumbbell,Sports,6,$39.99,processing
4342,Charlie  CHI,22-08-2024,"""Calculator""",Office,4,25,Pending
4343,Charlie  CHI,05-04-2024,Blanket,Home,3,34,RETURNED
4344,Jack  PHX,23-06-2024,TShirt,Clothing,2,$25.00,Pending
4345,Frank  DAL,06-05-2024,"""Dress""",Clothing,2,49,cancelled
4346,Mia  PDX,12/16/24,Jump Rope,Sports,5,9,delivered
4347,Hank  BOS,25-02-2024,"""Yoga Mat""",Sports,10,30,cancelled
4348,Charlie  CHI,05/29/24,"""Keyboard""",Electronics,3,$45.00,shipped
4349,Charlie  CHI,27-09-2024,Charger,Electronics,5,14.99,Delivered
4350,Grace  SEA,22-09-2024,Rug,Home,1,$89.99,returned
4351,Nate  NYC,07-12-2024,Pen Set,Office,10,12.99,shipped
4352,Sam  SEA,04-01-2024,Stapler,Office,5,15.99,returned
4353,Diana  NYC,05/18/2024,Headphones,Electronics,10,89.99,returned
4354,Jack  PHX,10/22/2024,Monitor,Electronics,6,299,cancelled
4355,Jack  PHX,12/29/24,Lamp,Home,2,$39.99,returned
4356,Bob  LA,11-12-2024,Resistance Band,Sports,5,12,processing
4357,Mia  PDX,08-25-2024,Jump Rope,Sports,9,$9.99,returned
4358,Mia  PDX,12/21/2024,Pen Set,Office,5,13,returned
4359,Karen  ATL,02-20-2024,Jeans,Clothing,1,59.99,delivered
4360,Eve  SF,30-04-2024,Binder,Office,9,$5.99,pending
ORD-4361,Alice  NYC,02-11-2024,Dress,Clothing,7,49,pending
4362,Eve  SF,21-01-2024,Stapler,Office,7,15,shipped
4363,Jack  PHX,09-09-2024,Running Shoes,Sports,10,89.99,Pending
4364,Jack  PHX,03-09-2024,Running Shoes,Sports,8,89,delivered
4365,Karen  ATL,07-08-2024,"""Notebook""",Office,4,8.99,delivered
4366,Tina  BOS,25-06-2024,Toaster,Home,8,$29.99,pending
4367,Jack  PHX,12-29-2024,Pillow,Home,8,24,processing
4368,Frank  DAL,07-04-2024,Smartphone,Electronics,9,699.99,cancelled
4369,Frank  DAL,05-20-2024,Rug,Home,8,89.99,cancelled
4370,Olivia  LA,10-23-2024,Jeans,Clothing,10,60,returned
4371,Nate  NYC,07-05-2024,Dumbbell,Sports,4,40,shipped
4372,Leo  DEN,10-12-2024,Coffee Maker,Home,6,59.99,Delivered
4373,Sam  SEA,15-09-2024,Pillow,Home,8,24,Pending
4374,Charlie  CHI,08-11-2024,Webcam,Electronics,6,59.99,processing
4375,Leo  DEN,06/21/24,Jacket,Clothing,10,90,cancelled
4376,Grace  SEA,07-30-2024,Pen Set,Office,2,12.99,RETURNED
4377,Diana Prince,08-07-2024,Clock,Home,2,$19.99,Pending
4378,Tina  BOS,09-11-2024,Notebook,Office,8,$8.99,pending
4379,Eve  SF,12-13-2024,Clock,Home,1,$19.99,cancelled
4380,Rose  DAL,11/30/2024,Yoga Mat,Sports,9,29.99,cancelled
4381,Jack  PHX,23-03-2024,Stapler,Office,2,15.99,RETURNED
4382,Nate  NYC,04-15-2024,"""Pillow""",Home,5,24.99,returned
ORD-4383,Rose  DAL,24-10-2024,"""Sneakers""",Clothing,7,75,delivered
4384,Rose  DAL,07-09-2024,Monitor,Electronics,5,299.99,delivered
ORD-4385,Eve  SF,10-05-2024,"""Dress""",Clothing,5,49.99,shipped
4386,Quinn  SF,29-09-2024,Blender,Home,9,44,cancelled
4387,Charlie  CHI,12-06-2024,Resistance Band,Sports,1,$12.99,delivered
4388,Jack  PHX,03-07-2024,Desk Lamp,Office,5,35,delivered
4389,Charlie  CHI,07-01-2024,Headphones,Electronics,1,89.99,returned
4390,Hank  BOS,08-29-2024,Calculator,Office,3,24.99,pending
4391,Tina  BOS,07-12-2024,Clock,Home,2,19,processing
4392,Tina  BOS,08-09-2024,Resistance Band,Sports,9,12,shipped
4393,Leo  DEN,04/19/2024,Belt,Clothing,2,$29.99,processing
4394,Sam  SEA,04/25/24,"""Toaster""",Home,9,29,Delivered
4395,Sam  SEA,24-04-2024,Binder,Office,2,5,returned
4396,Alice  NYC,05-06-2024,Running Shoes,Sports,5,89.99,RETURNED
4397,Karen  ATL,22-11-2024,Dumbbell,Sports,2,39.99,cancelled
4398,Eve  SF,03-04-2024,Chair,Office,4,199.99,returned
4399,Karen  ATL,01-05-2024,Pillow,Home,7,24,delivered
4400,Charlie  CHI,29-01-2024,Belt,Clothing,5,$29.99,
4401,Leo  DEN,09/21/2024,Socks,Clothing,1,9,Pending
4402,Quinn  SF,02/24/24,Resistance Band,Sports,3,$12.99,delivered
4403,Eve  SF,09-10-2024,"""Headphones""",Electronics,10,90,returned
4404,Jack  PHX,05/23/24,Lamp,Home,9,39.99,delivered
4405,Jack  PHX,05-19-2024,"""Clock""",Home,7,20,Pending
4406,Jack  PHX,31-07-2024,Coffee Maker,Home,10,59.99,returned
4407,Alice  NYC,05-04-2024,Water Bottle,Sports,1,$14.99,RETURNED
4408,Bob  LA,05-05-2024,Desk Lamp,Office,1,34,Delivered
4409,Nate  NYC,12/13/24,Resistance Band,Sports,5,12.99,cancelled
4410,Bob  LA,10/31/2024,Jeans,Clothing,8,59.99,pending
4411,Sam  SEA,02-23-2024,Coffee Maker,Home,9,59.99,delivered
4412,Nate  NYC,01-07-2024,Desk Lamp,Office,2,35,RETURNED
4413,Diana Prince,01-12-2024,Pen Set,Office,8,12.99,Delivered
4414,Olivia  LA,15-01-2024,Socks,Clothing,8,10,cancelled
4415,Karen  ATL,02/25/24,Sneakers,Clothing,6,75,returned
4416,Alice  NYC,07/24/2024,"""USB Hub""",Electronics,2,$19.99,cancelled
4417,Bob  LA,24-03-2024,"""Jacket""",Clothing,5,90,shipped
4418,Hank  BOS,08-05-2024,Desk Lamp,Office,3,35,returned
4419,Diana  NYC,12/25/24,Chair,Office,3,199,processing
4420,Karen  ATL,09-28-2024,Lamp,Home,3,39,RETURNED
4421,Diana Prince,04-03-2024,Resistance Band,Sports,5,12.99,pending
4422,Rose  DAL,11-26-2024,Socks,Clothing,4,10,processing
4423,Karen  ATL,02/15/2024,"""Lamp""",Home,8,39.99,shipped
4424,Leo  DEN,09-09-2024,Stapler,Office,5,15,shipped
ORD-4425,Ivy  MIA,01/28/24,"""Desk Lamp""",Office,7,35,Pending
4426,Sam  SEA,05-03-2024,Dumbbell,Sports,9,39,RETURNED
ORD-4427,Grace  SEA,29-11-2024,Dumbbell,Sports,9,40,Pending
4428,Diana Prince,09-05-2024,"""Headphones""",Electronics,3,90,cancelled
ORD-4429,Bob  LA,13-03-2024,Coffee Maker,Home,10,$59.99,shipped
4430,Sam  SEA,05-31-2024,Socks,Clothing,2,9,returned
4431,Bob  LA,06-01-2024,Notebook,Office,4,8.99,processing
4432,Ivy  MIA,12-17-2024,Belt,Clothing,6,$29.99,Pending
4433,Paul  CHI,05-11-2024,Binder,Office,6,6,RETURNED
4434,Quinn  SF,29-12-2024,Belt,Clothing,2,29,pending
4435,Diana  NYC,03-23-2024,Jacket,Clothing,5,89.99,cancelled
4436,Eve  SF,07-12-2024,Tablet,Electronics,5,349.99,delivered
4437,Mia  PDX,04/28/2024,"""Pen Set""",Office,9,12,returned
4438,Alice  NYC,20-01-2024,Jacket,Clothing,10,$89.99,Delivered
4439,Karen  ATL,03-09-2024,Jacket,Clothing,7,89,pending
4440,Grace  SEA,04-09-2024,Desk Lamp,Office,4,34,shipped
4441,Grace  SEA,01/22/24,"""Dumbbell""",Sports,6,39.99,pending
4442,Paul  CHI,07/16/2024,Jeans,Clothing,5,59.99,Pending
4443,Karen  ATL,05-07-2024,Blender,Home,6,44,delivered
4444,Alice  NYC,01/16/2024,"""Dumbbell""",Sports,8,$39.99,RETURNED
4445,Tina  BOS,03-07-2024,Belt,Clothing,4,29.99,shipped
4446,Ivy  MIA,08-12-2024,"""Whiteboard""",Office,3,49,delivered
4447,Nate  NYC,03/29/24,Laptop,Electronics,8,$799.99,processing
4448,Paul  CHI,04-02-2024,Jeans,Clothing,5,60,RETURNED
4449,Bob  LA,21-09-2024,Jeans,Clothing,10,59.99,RETURNED
4450,Leo  DEN,10-09-2024,Yoga Mat,Sports,4,29.99,processing
4451,Nate  NYC,01-07-2024,Jump Rope,Sports,8,10,Delivered
4452,Hank  BOS,09-09-2024,Tablet,Electronics,9,349,processing
4453,Paul  CHI,06/22/2024,Jump Rope,Sports,1,9.99,returned
4454,Bob  LA,14-11-2024,Toaster,Home,7,29,Pending
4455,Frank  DAL,12-19-2024,Pen Set,Office,2,13,delivered
4456,Hank  BOS,03/15/24,Whiteboard,Office,5,49,shipped
4457,Ivy  MIA,05-08-2024,Desk Lamp,Office,5,34.99,shipped
4458,Bob  LA,18-09-2024,Running Shoes,Sports,7,89.99,processing
4459,Ivy  MIA,11-24-2024,Laptop,Electronics,7,799,Pending
4460,Charlie  CHI,08-11-2024,Dumbbell,Sports,8,39.99,cancelled
4461,Bob  LA,16-05-2024,Dress,Clothing,2,49,processing
4462,Ivy  MIA,21-01-2024,Coffee Maker,Home,1,60,cancelled
4463,Charlie  CHI,08-09-2024,Lamp,Home,10,$39.99,pending
4464,Hank  BOS,03-01-2024,Belt,Clothing,6,29,RETURNED
4465,Paul  CHI,09-10-2024,Keyboard,Electronics,1,45,shipped
4466,Sam  SEA,02-04-2024,Yoga Mat,Sports,3,30,Pending
4467,Alice  NYC,07/27/2024,Webcam,Electronics,9,$59.99,delivered
4468,Grace  SEA,06-22-2024,Pen Set,Office,4,12,pending
4469,Karen  ATL,08/13/24,Jump Rope,Sports,10,9,shipped
ORD-4470,Nate  NYC,05-02-2024,Blanket,Home,2,35,shipped
4471,Bob  LA,05-25-2024,Yoga Mat,Sports,8,30,Pending
4472,Charlie  CHI,04-05-2024,Pillow,Home,8,24,RETURNED
4473,Paul  CHI,11-08-2024,Webcam,Electronics,6,59.99,returned
4474,Jack  PHX,16-09-2024,"""Blanket""",Home,3,34,cancelled
4475,Ivy  MIA,16-04-2024,Resistance Band,Sports,3,12,pending
4476,Frank  DAL,08-01-2024,Jacket,Clothing,10,89.99,returned
4477,Eve  SF,28-06-2024,Headphones,Electronics,9,90,shipped
4478,Paul  CHI,07/18/24,Pen Set,Office,8,12,Delivered
4479,Rose  DAL,08-07-2024,Jeans,Clothing,7,60,Pending
4480,Olivia  LA,24-07-2024,Lamp,Home,7,39,shipped
4481,Bob  LA,27-10-2024,TShirt,Clothing,6,$25.00,Delivered
4482,Karen  ATL,11/15/2024,Tablet,Electronics,5,349.99,processing
4483,Eve  SF,02-06-2024,Water Bottle,Sports,8,15,pending
4484,Nate  NYC,03/28/2024,Jump Rope,Sports,7,9.99,processing
4485,Hank  BOS,12-03-2024,"""Blanket""",Home,7,34,Pending
4486,Nate  NYC,05-06-2024,Monitor,Electronics,2,300,cancelled
4487,Grace  SEA,02/27/2024,Sneakers,Clothing,2,75,Delivered
4488,Mia  PDX,12-06-2024,Resistance Band,Sports,9,12,pending
4489,Leo  DEN,07/29/2024,Blender,Home,5,$44.99,shipped
4490,Leo  DEN,10-06-2024,Dumbbell,Sports,8,39.99,processing
4491,Charlie  CHI,08-09-2024,Whiteboard,Office,7,49.99,cancelled
4492,Rose  DAL,06-12-2024,Jump Rope,Sports,9,9,returned
4493,Rose  DAL,11-10-2024,Binder,Office,2,5.99,returned
4494,Nate  NYC,10-30-2024,Blanket,Home,7,$34.99,Pending
4495,Rose  DAL,08-22-2024,Lamp,Home,8,39.99,Pending
4496,Tina  BOS,01-12-2024,Mouse,Electronics,1,$25.00,returned
4497,Bob  LA,04-06-2024,Jump Rope,Sports,3,9.99,shipped
4498,Eve  SF,07-14-2024,Pen Set,Office,5,13,Delivered
4499,Ivy  MIA,05-08-2024,"""Jacket""",Clothing,7,90,cancelled
4500,Hank  BOS,08-03-2024,Notebook,Office,5,$8.99,pending
4501,Rose  DAL,06-09-2024,Notebook,Office,8,9,processing
ORD-4502,Charlie  CHI,06-01-2024,TShirt,Clothing,5,25,RETURNED
ORD-4503,Ivy  MIA,09/20/24,Dumbbell,Sports,4,$39.99,shipped
4504,Ivy  MIA,27-08-2024,"""Desk Lamp""",Office,10,34.99,returned
4505,Frank  DAL,08-31-2024,Desk Lamp,Office,3,34,shipped
4506,Karen  ATL,08-31-2024,Blender,Home,8,45,RETURNED
4507,Rose  DAL,27-07-2024,Calculator,Office,3,24,returned
4508,Hank  BOS,01-04-2024,Running Shoes,Sports,10,90,delivered
4509,Charlie  CHI,10/18/24,Monitor,Electronics,4,$299.99,Pending
4510,Tina  BOS,02-04-2024,Resistance Band,Sports,6,12.99,shipped
4511,Grace  SEA,01-23-2024,Yoga Mat,Sports,10,29.99,shipped
4512,Tina  BOS,10-06-2024,Lamp,Home,10,40,returned
4513,Frank  DAL,18-01-2024,USB Hub,Electronics,3,$19.99,RETURNED
4514,Bob  LA,19-07-2024,Chair,Office,5,$199.99,Delivered
4515,Frank  DAL,03/21/24,Water Bottle,Sports,5,$14.99,delivered
ORD-4516,Eve  SF,21-03-2024,Rug,Home,4,90,processing
4517,Quinn  SF,11-04-2024,Lamp,Home,2,39.99,cancelled
4518,Leo  DEN,04-18-2024,Laptop,Electronics,1,799,RETURNED
4519,Nate  NYC,07-08-2024,Clock,Home,5,19,Pending
4520,Frank  DAL,20-05-2024,Calculator,Office,4,25,cancelled
4521,Jack  PHX,03-02-2024,Binder,Office,9,6,Delivered
4522,Grace  SEA,20-09-2024,Lamp,Home,6,39.99,returned
4523,Paul  CHI,23-10-2024,Lamp,Home,10,40,RETURNED
4524,Alice Smith,04-03-2024,Sneakers,Clothing,6,$75.00,Pending
4525,Quinn  SF,06-03-2024,"""Jeans""",Clothing,3,$59.99,returned
4526,Karen  ATL,11-24-2024,Running Shoes,Sports,4,89,cancelled
4527,Nate  NYC,04/19/24,Headphones,Electronics,7,90,pending
4528,Paul  CHI,10/29/2024,Monitor,Electronics,3,$299.99,pending
ORD-4529,Tina  BOS,03-19-2024,Stapler,Office,4,15.99,RETURNED
4530,Jack  PHX,06-17-2024,"""Dress""",Clothing,7,49.99,delivered
4531,Olivia  LA,12/17/2024,Dress,Clothing,7,49,delivered
4532,Olivia  LA,07-11-2024,Chair,Office,7,199,processing
4533,Alice  NYC,09-15-2024,Running Shoes,Sports,9,89,RETURNED
4534,Alice  NYC,19-10-2024,Stapler,Office,7,$15.99,pending
4535,Sam  SEA,08-17-2024,Sneakers,Clothing,3,75,shipped
4536,Jack  PHX,08-27-2024,Toaster,Home,1,30,cancelled
4537,Hank  BOS,06/29/24,Binder,Office,2,5.99,Delivered
4538,Mia  PDX,09/14/2024,USB Hub,Electronics,7,$19.99,Pending
4539,Quinn  SF,05-10-2024,Toaster,Home,5,29.99,cancelled
4540,Tina  BOS,02-14-2024,Water Bottle,Sports,6,14,Delivered
4541,Rose  DAL,10-05-2024,Sneakers,Clothing,9,$75.00,returned
4542,Grace  SEA,09-09-2024,Blender,Home,4,44,cancelled
4543,Tina  BOS,01/15/24,Mouse,Electronics,3,$25.00,Pending
4544,Quinn  SF,10/23/24,"""TShirt""",Clothing,3,$25.00,RETURNED
4545,Charlie  CHI,05/29/24,Hat,Clothing,4,19.99,processing
4546,Frank  DAL,09-04-2024,Sneakers,Clothing,10,75,delivered
4547,Frank  DAL,05-12-2024,Yoga Mat,Sports,4,29.99,shipped
4548,Mia  PDX,11/23/24,Laptop,Electronics,2,799.99,shipped
4549,Karen  ATL,02-05-2024,Jacket,Clothing,5,89.99,cancelled
4550,Quinn  SF,25-05-2024,Blender,Home,2,45,Delivered
4551,Diana Prince,03/13/2024,Smartphone,Electronics,3,699,pending
4552,Ivy  MIA,10-06-2024,Dumbbell,Sports,9,39.99,Delivered
4553,Sam  SEA,13-01-2024,Sneakers,Clothing,7,75,cancelled
4554,Charlie  CHI,23-03-2024,Socks,Clothing,8,9,pending
4555,Bob  LA,15-10-2024,Monitor,Electronics,7,299,Delivered
4556,Grace  SEA,24-07-2024,Clock,Home,2,19.99,processing
4557,Nate  NYC,01-04-2024,Rug,Home,10,89.99,returned
4558,Quinn  SF,03-28-2024,Stapler,Office,4,15.99,delivered
4559,Jack  PHX,12-10-2024,Desk Lamp,Office,1,35,RETURNED
ORD-4560,Charlie  CHI,17-08-2024,"""Pen Set""",Office,6,12.99,RETURNED
4561,Ivy  MIA,02-01-2024,Dress,Clothing,8,49,shipped
4562,Nate  NYC,13-01-2024,Coffee Maker,Home,9,$59.99,Pending
4563,Jack  PHX,09-11-2024,Desk Lamp,Office,1,34.99,shipped
4564,Tina  BOS,03-01-2024,Jacket,Clothing,10,89.99,cancelled
4565,Leo  DEN,08-06-2024,Jeans,Clothing,5,59.99,Pending
4566,Charlie  CHI,22-01-2024,Yoga Mat,Sports,3,30,RETURNED
4567,Paul  CHI,26-01-2024,Calculator,Office,2,24,Delivered
4568,Olivia  LA,24-03-2024,Resistance Band,Sports,4,12.99,delivered
4569,Tina  BOS,03-02-2024,Pen Set,Office,9,12.99,delivered
4570,Diana  NYC,25-08-2024,Whiteboard,Office,8,49,Pending
4571,Sam  SEA,09-04-2024,Dress,Clothing,1,49.99,pending
4572,Olivia  LA,01-21-2024,Pen Set,Office,8,12,pending
4573,Rose  DAL,13-08-2024,Desk Lamp,Office,9,$34.99,pending
4574,Grace  SEA,29-09-2024,Charger,Electronics,10,$14.99,processing
4575,Paul  CHI,11/13/2024,Calculator,Office,8,$24.99,cancelled
4576,Karen  ATL,11-09-2024,Keyboard,Electronics,5,45,processing
4577,Nate  NYC,30-09-2024,Resistance Band,Sports,7,13,Delivered
4578,Olivia  LA,03-08-2024,Dumbbell,Sports,7,40,returned
4579,Rose  DAL,07-05-2024,Rug,Home,3,89,cancelled
4580,Jack  PHX,08-05-2024,"""Toaster""",Home,2,29,cancelled
4581,Bob  LA,18-12-2024,Jeans,Clothing,4,60,pending
4582,Nate  NYC,05-07-2024,Hat,Clothing,4,$19.99,delivered
4583,Ivy  MIA,02/13/24,Headphones,Electronics,5,$89.99,returned
4584,Ivy  MIA,24-11-2024,Chair,Office,6,199,pending
4585,Charlie  CHI,05-01-2024,Running Shoes,Sports,5,89,returned
4586,Charlie  CHI,09-08-2024,Mouse,Electronics,7,25,pending
4587,Mia  PDX,09-05-2024,Resistance Band,Sports,8,$12.99,cancelled
4588,Tina  BOS,07-03-2024,Lamp,Home,10,39.99,delivered
4589,Karen  ATL,22-04-2024,Whiteboard,Office,2,49.99,shipped
4590,Frank  DAL,28-03-2024,TShirt,Clothing,8,25,RETURNED
4591,Charlie  CHI,02-05-2024,Yoga Mat,Sports,7,30,processing
4592,Mia  PDX,19-11-2024,Desk Lamp,Office,2,35,delivered
4593,Sam  SEA,04-05-2024,USB Hub,Electronics,10,19,Delivered
4594,Eve  SF,16-07-2024,Smartphone,Electronics,10,699.99,delivered
4595,Ivy  MIA,01-02-2024,Notebook,Office,3,9,cancelled
4596,Bob  LA,10-12-2024,Notebook,Office,8,$8.99,processing
4597,Quinn  SF,07/19/24,Jeans,Clothing,1,59.99,Delivered
4598,Tina  BOS,21-07-2024,"""Socks""",Clothing,8,9.99,shipped
ORD-4599,Ivy  MIA,10-03-2024,Mouse,Electronics,5,25,Pending
4600,Paul  CHI,04-02-2024,Toaster,Home,9,29,RETURNED
4601,Karen  ATL,23-12-2024,Jump Rope,Sports,6,9,cancelled
4602,Paul  CHI,23-06-2024,Resistance Band,Sports,4,12.99,shipped
4603,Paul  CHI,15-08-2024,Running Shoes,Sports,4,89,delivered
4604,Diana Prince,06-11-2024,Dumbbell,Sports,9,39.99,Delivered
4605,Hank  BOS,03-09-2024,Socks,Clothing,7,9.99,RETURNED
4606,Nate  NYC,18-04-2024,Rug,Home,10,89,Delivered
4607,Mia  PDX,01/30/24,Lamp,Home,3,39.99,processing
4608,Mia  PDX,09/26/24,Hat,Clothing,5,19.99,pending
4609,Leo  DEN,13-06-2024,Smartphone,Electronics,10,$699.99,RETURNED
4610,Frank  DAL,20-01-2024,Belt,Clothing,10,30,Pending
4611,Leo  DEN,13-10-2024,Calculator,Office,8,25,pending
4612,Frank  DAL,12-02-2024,Chair,Office,10,199.99,RETURNED
4613,Frank  DAL,15-10-2024,Running Shoes,Sports,10,90,RETURNED
4614,Grace  SEA,11-11-2024,Clock,Home,10,19.99,pending
4615,Hank  BOS,13-10-2024,"""Chair""",Office,1,199.99,returned
4616,Charlie  CHI,06-12-2024,Stapler,Office,6,15,processing
4617,Grace  SEA,03/23/2024,Water Bottle,Sports,4,15,Delivered
4618,Jack  PHX,06-30-2024,"""Toaster""",Home,1,29.99,delivered
4619,Hank  BOS,26-09-2024,"""Blender""",Home,10,44,cancelled
4620,Quinn  SF,12/20/2024,Lamp,Home,4,$39.99,delivered
4621,Tina  BOS,12-12-2024,"""USB Hub""",Electronics,4,$19.99,delivered
4622,Leo  DEN,30-11-2024,Smartphone,Electronics,4,699,delivered
ORD-4623,Alice  NYC,01-25-2024,Jeans,Clothing,9,59.99,returned
4624,Hank  BOS,08-20-2024,Rug,Home,8,89,Pending
4625,Olivia  LA,16-04-2024,Whiteboard,Office,10,49.99,processing
4626,Karen  ATL,01-26-2024,Desk Lamp,Office,2,N/A,Pending
4627,Sam  SEA,03-10-2024,Sneakers,Clothing,9,75,cancelled
ORD-4628,Charlie  CHI,06/21/24,Headphones,Electronics,9,90,shipped
4629,Mia  PDX,16-07-2024,Toaster,Home,7,29.99,Delivered
4630,Karen  ATL,08-11-2024,Headphones,Electronics,9,89,returned
4631,Nate  NYC,08/20/2024,Dumbbell,Sports,5,$39.99,shipped
4632,Frank  DAL,06-25-2024,USB Hub,Electronics,8,$19.99,delivered
4633,Leo  DEN,07-10-2024,Belt,Clothing,2,$29.99,pending
4634,Quinn  SF,06-02-2024,Resistance Band,Sports,10,12.99,RETURNED
4635,Mia  PDX,09-06-2024,Pen Set,Office,10,13,Delivered
4636,Nate  NYC,16-01-2024,Stapler,Office,10,15.99,returned
4637,Frank  DAL,10-05-2024,Hat,Clothing,6,20,delivered
4638,Quinn  SF,11-07-2024,Lamp,Home,2,40,delivered
4639,Tina  BOS,03-06-2024,Hat,Clothing,6,19.99,delivered
ORD-4640,Jack  PHX,03-05-2024,Clock,Home,1,19,Pending
4641,Hank  BOS,10/27/2024,Monitor,Electronics,1,299,pending
4642,Charlie  CHI,25-06-2024,Whiteboard,Office,3,49,pending
4643,Grace  SEA,16-02-2024,Water Bottle,Sports,9,15,delivered
4644,Mia  PDX,20-12-2024,Yoga Mat,Sports,8,29.99,RETURNED
4645,Nate  NYC,01/23/2024,Rug,Home,10,90,cancelled
4646,Hank  BOS,02-03-2024,Coffee Maker,Home,6,60,returned
4647,Charlie  CHI,08-03-2024,Jump Rope,Sports,4,$9.99,RETURNED
4648,Quinn  SF,15-03-2024,"""Rug""",Home,3,89.99,shipped
4649,Jack  PHX,10/19/2024,Clock,Home,9,19,Pending
4650,Charlie  CHI,05-13-2024,TShirt,Clothing,8,25,
4651,Frank  DAL,01-03-2024,Pen Set,Office,3,$12.99,pending
4652,Mia  PDX,11-06-2024,Mouse,Electronics,4,25,processing
4653,Hank  BOS,07/17/24,Smartphone,Electronics,6,$699.99,Pending
4654,Frank  DAL,24-11-2024,Pillow,Home,8,$24.99,shipped
4655,Mia  PDX,02-03-2024,Stapler,Office,9,16,Delivered
4656,Bob  LA,06-06-2024,Belt,Clothing,4,$29.99,pending
4657,Jack  PHX,12-15-2024,Pillow,Home,6,$24.99,RETURNED
4658,Charlie  CHI,10-03-2024,Running Shoes,Sports,1,$89.99,Pending
4659,Sam  SEA,04-12-2024,Toaster,Home,9,30,returned
4660,Frank  DAL,17-04-2024,Tablet,Electronics,10,349.99,Pending
4661,Hank  BOS,11-28-2024,Jump Rope,Sports,9,9.99,pending
4662,Karen  ATL,11-08-2024,"""Whiteboard""",Office,4,49,pending
4663,Tina  BOS,11-20-2024,Monitor,Electronics,4,300,returned
4664,Eve  SF,31-07-2024,Stapler,Office,8,16,returned
4665,Karen  ATL,10-11-2024,TShirt,Clothing,9,25,shipped
4666,Eve  SF,10-04-2024,Lamp,Home,10,40,returned
4667,Frank  DAL,01-03-2024,Resistance Band,Sports,9,$12.99,RETURNED
4668,Sam  SEA,07/23/24,Rug,Home,2,$89.99,Pending
4669,Olivia  LA,26-12-2024,Stapler,Office,3,$15.99,returned
4670,Karen  ATL,06-05-2024,Running Shoes,Sports,3,89.99,Delivered
4671,Jack  PHX,02-09-2024,Whiteboard,Office,7,49,processing
4672,Nate  NYC,16-02-2024,Notebook,Office,1,8.99,RETURNED
4673,Olivia  LA,06-04-2024,Sneakers,Clothing,6,75,delivered
4674,Sam  SEA,07/15/24,Keyboard,Electronics,1,45,processing
4675,Hank  BOS,01-01-2024,Water Bottle,Sports,8,$14.99,delivered
4676,Hank  BOS,10/22/2024,Jeans,Clothing,3,59.99,Pending
4677,Paul  CHI,27-11-2024,Belt,Clothing,1,$29.99,cancelled
4678,Ivy  MIA,11/23/24,Lamp,Home,1,39,delivered
4679,Karen  ATL,18-01-2024,Desk Lamp,Office,8,34,Delivered
4680,Olivia  LA,29-10-2024,Jeans,Clothing,10,59.99,Delivered
4681,Rose  DAL,09/21/2024,Pillow,Home,1,25,Pending
4682,Bob  LA,31-03-2024,Desk Lamp,Office,3,34.99,Pending
ORD-4683,Ivy  MIA,09/21/24,Yoga Mat,Sports,10,30,Delivered
4684,Charlie  CHI,01-07-2024,Blender,Home,10,44,delivered
4685,Sam  SEA,11-05-2024,Tablet,Electronics,9,350,shipped
4686,Hank  BOS,04/28/2024,Blanket,Home,7,34.99,delivered
4687,Ivy  MIA,09-11-2024,Charger,Electronics,10,14,processing
4688,Diana Prince,12-01-2024,Webcam,Electronics,9,60,RETURNED
4689,Diana Prince,06-02-2024,"""Running Shoes""",Sports,6,89.99,Delivered
4690,Sam  SEA,10/28/24,Socks,Clothing,10,9.99,cancelled
4691,Eve  SF,18-07-2024,Running Shoes,Sports,7,89,delivered
4692,Mia  PDX,06-07-2024,Resistance Band,Sports,2,$12.99,cancelled
4693,Paul  CHI,09/27/24,Water Bottle,Sports,4,14.99,processing
4694,Hank  BOS,12/27/24,Running Shoes,Sports,10,89,pending
4695,Mia  PDX,10/13/24,TShirt,Clothing,6,25,processing
4696,Hank  BOS,29-01-2024,Mouse,Electronics,9,25,shipped
4697,Mia  PDX,11-06-2024,Blender,Home,9,44.99,delivered
4698,Bob  LA,18-01-2024,Water Bottle,Sports,8,15,processing
4699,Frank  DAL,09-07-2024,Monitor,Electronics,7,299,shipped
4700,Frank  DAL,14-06-2024,Water Bottle,Sports,3,14,shipped
4701,Mia  PDX,21-12-2024,Clock,Home,6,19.99,RETURNED
4702,Leo  DEN,09-29-2024,Calculator,Office,5,24.99,RETURNED
4703,Nate  NYC,07-06-2024,Resistance Band,Sports,2,12.99,returned
4704,Karen  ATL,08-02-2024,Pillow,Home,9,25,shipped
4705,Nate  NYC,01-05-2024,"""Webcam""",Electronics,7,59.99,processing
4706,Grace  SEA,31-03-2024,Dumbbell,Sports,6,39.99,RETURNED
4707,Nate  NYC,10-03-2024,Whiteboard,Office,4,$49.99,pending
4708,Tina  BOS,28-01-2024,Stapler,Office,6,15,returned
4709,Karen  ATL,10-05-2024,Running Shoes,Sports,4,89.99,cancelled
4710,Ivy  MIA,09-12-2024,"""Belt""",Clothing,2,29.99,pending
4711,Quinn  SF,08-01-2024,Clock,Home,5,19,cancelled
4712,Alice Smith,13-10-2024,Jump Rope,Sports,5,9,pending
4713,Diana  NYC,19-10-2024,Jeans,Clothing,3,$59.99,returned
4714,Frank  DAL,04-04-2024,Jacket,Clothing,1,89,cancelled
4715,Ivy  MIA,05/22/24,Smartphone,Electronics,6,700,processing
4716,Karen  ATL,28-04-2024,"""Dumbbell""",Sports,1,39.99,Pending
4717,Grace  SEA,07-12-2024,Jacket,Clothing,4,90,delivered
4718,Olivia  LA,09/14/2024,Water Bottle,Sports,2,14,Pending
4719,Charlie  CHI,07/27/2024,Notebook,Office,3,8.99,RETURNED
4720,Grace  SEA,03-30-2024,Coffee Maker,Home,9,59.99,delivered
4721,Leo  DEN,04/17/24,Dress,Clothing,4,49,Pending
4722,Alice  NYC,07-20-2024,"""Binder""",Office,8,$5.99,processing
4723,Hank  BOS,07-12-2024,Blanket,Home,9,35,Delivered
4724,Charlie  CHI,04/27/24,Dress,Clothing,4,49.99,delivered
4725,Diana  NYC,20-05-2024,Hat,Clothing,3,19.99,RETURNED
4726,Jack  PHX,03-18-2024,Running Shoes,Sports,10,89,RETURNED
4727,Diana  NYC,14-07-2024,Jump Rope,Sports,2,9.99,delivered
4728,Bob  LA,11/22/24,Coffee Maker,Home,10,59.99,shipped
4729,Karen  ATL,08-06-2024,Yoga Mat,Sports,7,$29.99,returned
4730,Nate  NYC,03/16/24,Blanket,Home,8,$34.99,Pending
4731,Frank  DAL,09-04-2024,Stapler,Office,9,15.99,Delivered
4732,Alice  NYC,21-09-2024,Laptop,Electronics,3,799.99,delivered
4733,Alice  NYC,03-10-2024,USB Hub,Electronics,2,20,cancelled
4734,Grace  SEA,01-07-2024,Blender,Home,10,45,returned
4735,Rose  DAL,12-09-2024,Stapler,Office,3,15.99,returned
4736,Frank  DAL,07/19/2024,Running Shoes,Sports,2,89,delivered
4737,Frank  DAL,30-01-2024,Toaster,Home,1,30,cancelled
4738,Eve  SF,05-02-2024,Yoga Mat,Sports,10,30,cancelled
4739,Frank  DAL,05-02-2024,Belt,Clothing,7,$29.99,cancelled
4740,Jack  PHX,04/17/2024,Belt,Clothing,6,30,Delivered
4741,Rose  DAL,29-07-2024,Yoga Mat,Sports,1,29.99,returned
4742,Nate  NYC,30-01-2024,TShirt,Clothing,1,25,processing
4743,Diana  NYC,26-08-2024,Webcam,Electronics,3,$59.99,pending
4744,Tina  BOS,10/17/24,Chair,Office,10,$199.99,returned
4745,Paul  CHI,07/20/2024,Laptop,Electronics,5,800,processing
4746,Quinn  SF,12-07-2024,Pillow,Home,5,24.99,Pending
ORD-4747,Olivia  LA,05/14/24,Rug,Home,5,89,pending
4748,Diana  NYC,11-23-2024,Hat,Clothing,4,19.99,RETURNED
4749,Eve  SF,10-24-2024,Running Shoes,Sports,5,$89.99,RETURNED
4750,Alice Smith,08-03-2024,Running Shoes,Sports,8,90,Pending
4751,Rose  DAL,09/24/24,Jeans,Clothing,7,59,shipped
4752,Ivy  MIA,16-07-2024,Yoga Mat,Sports,4,29,pending
4753,Quinn  SF,05-03-2024,"""Dumbbell""",Sports,10,40,RETURNED
4754,Mia  PDX,08-27-2024,Jump Rope,Sports,10,9.99,Delivered
4755,Alice Smith,17-06-2024,Calculator,Office,5,24,shipped
4756,Olivia  LA,21-10-2024,Headphones,Electronics,10,89.99,shipped
4757,Tina  BOS,08-11-2024,Lamp,Home,8,$39.99,returned
4758,Bob  LA,10-04-2024,Notebook,Office,4,8,returned
4759,Quinn  SF,08-07-2024,Headphones,Electronics,,90,Delivered
4760,Bob  LA,21-08-2024,Jeans,Clothing,9,59.99,returned
4761,Nate  NYC,08-24-2024,Resistance Band,Sports,6,12.99,cancelled
4762,Jack  PHX,11-10-2024,Laptop,Electronics,6,799,shipped
4763,Diana  NYC,02-04-2024,Lamp,Home,3,39.99,pending
4764,Sam  SEA,17-09-2024,Belt,Clothing,10,29.99,pending
4765,Sam  SEA,22-12-2024,Coffee Maker,Home,5,59.99,processing
4766,Leo  DEN,21-08-2024,TShirt,Clothing,5,$25.00,cancelled
4767,Karen  ATL,14-11-2024,"""Clock""",Home,2,19,Delivered
ORD-4768,Diana Prince,15-08-2024,"""Notebook""",Office,5,8.99,Pending
4769,Hank  BOS,08/15/2024,Laptop,Electronics,5,799.99,shipped
4770,Nate  NYC,06-05-2024,Jacket,Clothing,9,90,shipped
4771,Ivy  MIA,07-10-2024,Running Shoes,Sports,10,$89.99,shipped
4772,Nate  NYC,08/24/2024,Chair,Office,6,199.99,cancelled
4773,Paul  CHI,06/30/2024,Webcam,Electronics,10,$59.99,delivered
4774,Paul  CHI,11/21/24,Jump Rope,Sports,7,9.99,shipped
4775,Hank  BOS,07-12-2024,Notebook,Office,3,9,delivered
4776,Grace  SEA,16-03-2024,Rug,Home,8,90,delivered
4777,Eve  SF,12-08-2024,Running Shoes,Sports,8,89.99,cancelled
4778,Karen  ATL,10/18/2024,Stapler,Office,8,$15.99,delivered
4779,Grace  SEA,07-22-2024,Tablet,Electronics,7,349,pending
4780,Olivia  LA,11-23-2024,Chair,Office,2,199,returned
4781,Jack  PHX,24-05-2024,Calculator,Office,7,24.99,shipped
4782,Quinn  SF,12/21/24,Monitor,Electronics,1,299,RETURNED
4783,Leo  DEN,01/16/2024,Hat,Clothing,4,20,shipped
4784,Eve  SF,14-06-2024,USB Hub,Electronics,7,19,delivered
4785,Frank  DAL,06-20-2024,USB Hub,Electronics,5,$19.99,pending
4786,Quinn  SF,10-10-2024,Tablet,Electronics,1,350,cancelled
4787,Quinn  SF,12-07-2024,Calculator,Office,2,$24.99,processing
ORD-4788,Rose  DAL,26-02-2024,Whiteboard,Office,3,49,returned
ORD-4789,Alice  NYC,03/21/2024,Whiteboard,Office,1,50,RETURNED
4790,Mia  PDX,12-10-2024,"""Chair""",Office,4,200,processing
ORD-4791,Frank  DAL,09-06-2024,Binder,Office,7,$5.99,delivered
4792,Frank  DAL,16-08-2024,Pen Set,Office,8,12.99,returned
4793,Grace  SEA,29-03-2024,Jump Rope,Sports,4,9.99,cancelled
4794,Ivy  MIA,08-04-2024,Notebook,Office,10,8,returned
4795,Ivy  MIA,06-12-2024,USB Hub,Electronics,7,19.99,Pending
4796,Hank  BOS,01/21/2024,Jacket,Clothing,5,89,returned
4797,Alice Smith,02-07-2024,Running Shoes,Sports,10,89,processing
4798,Bob  LA,17-08-2024,Resistance Band,Sports,5,$12.99,processing
4799,Diana  NYC,01-05-2024,Blender,Home,10,$44.99,processing
4800,Karen  ATL,01/22/2024,Resistance Band,Sports,6,12.99,returned
4801,Grace  SEA,12/21/24,Webcam,Electronics,9,59.99,RETURNED
4802,Hank  BOS,10/29/24,Running Shoes,Sports,7,89.99,pending
4803,Hank  BOS,08-02-2024,USB Hub,Electronics,10,20,pending
4804,Charlie  CHI,03/14/2024,Binder,Office,7,6,returned
4805,Leo  DEN,05/16/2024,Hat,Clothing,1,19,processing
4806,Ivy  MIA,10-23-2024,Pen Set,Office,7,12.99,delivered
4807,Charlie  CHI,02-03-2024,Binder,Office,6,5,Pending
4808,Quinn  SF,06/25/24,TShirt,Clothing,10,25,Delivered
4809,Quinn  SF,06/29/24,Blanket,Home,7,35,processing
4810,Sam  SEA,08-29-2024,Jacket,Clothing,4,89.99,Delivered
4811,Rose  DAL,02-20-2024,"""Blanket""",Home,3,34,RETURNED
4812,Leo  DEN,09-15-2024,Binder,Office,1,6,cancelled
4813,Bob  LA,11-12-2024,Chair,Office,5,$199.99,processing
4814,Sam  SEA,09-11-2024,Yoga Mat,Sports,1,29,RETURNED
4815,Grace  SEA,12-18-2024,Water Bottle,Sports,8,14,pending
4816,Rose  DAL,09-29-2024,Belt,Clothing,5,29.99,RETURNED
4817,Paul  CHI,01-10-2024,Keyboard,Electronics,3,45,shipped
4818,Alice  NYC,07/16/2024,Jump Rope,Sports,1,$9.99,Delivered
4819,Hank  BOS,11/14/24,"""Dress""",Clothing,5,$49.99,delivered
4820,Frank  DAL,10/20/24,Smartphone,Electronics,7,699,Pending
4821,Paul  CHI,12/30/24,Calculator,Office,3,24.99,returned
ORD-4822,Bob  LA,10-12-2024,Dumbbell,Sports,4,39,Pending
4823,Charlie  CHI,11-25-2024,Clock,Home,10,20,cancelled
4824,Jack  PHX,09-03-2024,Desk Lamp,Office,10,$34.99,pending
4825,Paul  CHI,11-12-2024,Belt,Clothing,6,29,delivered
4826,Diana  NYC,21-02-2024,Resistance Band,Sports,3,12.99,processing
4827,Bob  LA,12/30/2024,Pillow,Home,10,24,shipped
4828,Quinn  SF,06/18/2024,TShirt,Clothing,5,25,processing
4829,Quinn  SF,10-22-2024,Calculator,Office,1,24,pending
4830,Hank  BOS,07/27/24,Keyboard,Electronics,6,45,Pending
4831,Paul  CHI,09/25/24,Binder,Office,8,5,processing
4832,Sam  SEA,20-10-2024,Pillow,Home,2,$24.99,Delivered
4833,Karen  ATL,12/30/2024,Dumbbell,Sports,2,39.99,RETURNED
4834,Frank  DAL,19-04-2024,"""Notebook""",Office,5,8,shipped
4835,Eve  SF,10/15/2024,Hat,Clothing,6,20,shipped
ORD-4836,Sam  SEA,01/23/2024,Toaster,Home,3,29.99,returned
4837,Alice Smith,11-01-2024,Stapler,Office,7,15,Pending
4838,Charlie  CHI,16-10-2024,Whiteboard,Office,10,49.99,shipped
4839,Alice  NYC,21-12-2024,Laptop,Electronics,6,799.99,pending
4840,Frank  DAL,06-01-2024,Binder,Office,3,5.99,cancelled
4841,Leo  DEN,04-02-2024,Charger,Electronics,6,14.99,Delivered
4842,Hank  BOS,11-09-2024,Clock,Home,8,19,cancelled
4843,Eve  SF,05-01-2024,Calculator,Office,4,24.99,shipped
4844,Ivy  MIA,16-01-2024,Blender,Home,3,44.99,returned
4845,Sam  SEA,05-11-2024,Blanket,Home,7,34,Delivered
4846,Charlie  CHI,08-04-2024,Dress,Clothing,6,49,cancelled
4847,Bob  LA,14-03-2024,Desk Lamp,Office,10,35,RETURNED
4848,Mia  PDX,29-01-2024,Notebook,Office,9,8.99,pending
4849,Hank  BOS,12/13/24,Calculator,Office,5,24,pending
4850,Charlie  CHI,20-10-2024,Dumbbell,Sports,4,39.99,pending
4851,Olivia  LA,06-12-2024,Chair,Office,1,N/A,RETURNED
4852,Mia  PDX,03/15/24,Laptop,Electronics,4,799,delivered
4853,Charlie  CHI,09/13/24,Tablet,Electronics,1,350,returned
4854,Leo  DEN,31-07-2024,Belt,Clothing,4,29.99,pending
4855,Frank  DAL,13-08-2024,Jump Rope,Sports,9,9,shipped
4856,Karen  ATL,02-15-2024,Resistance Band,Sports,1,12,Pending
4857,Tina  BOS,01-05-2024,Chair,Office,3,199,pending
4858,Grace  SEA,10-19-2024,Monitor,Electronics,7,299.99,shipped
4859,Nate  NYC,05/27/24,Monitor,Electronics,9,299.99,RETURNED
4860,Charlie  CHI,02-02-2024,Yoga Mat,Sports,3,30,RETURNED
4861,Charlie  CHI,22-04-2024,Whiteboard,Office,3,$49.99,RETURNED
4862,Rose  DAL,01-03-2024,Coffee Maker,Home,7,$59.99,pending
4863,Frank  DAL,08-12-2024,Sneakers,Clothing,3,75,shipped
4864,Grace  SEA,07/29/2024,Running Shoes,Sports,8,$89.99,Delivered
4865,Paul  CHI,09-23-2024,Whiteboard,Office,8,$49.99,returned
4866,Diana  NYC,02-09-2024,Notebook,Office,1,8.99,Pending
4867,Leo  DEN,01-06-2024,Pen Set,Office,6,12.99,delivered
4868,Rose  DAL,12-09-2024,Clock,Home,5,20,returned
4869,Olivia  LA,17-07-2024,Water Bottle,Sports,7,15,cancelled
4870,Hank  BOS,04-27-2024,Clock,Home,10,19,shipped
4871,Eve  SF,06/25/24,Toaster,Home,10,29.99,pending
4872,Jack  PHX,06-14-2024,Pillow,Home,6,24.99,returned
4873,Alice  NYC,15-11-2024,Headphones,Electronics,7,89.99,Pending
4874,Charlie  CHI,01-09-2024,Water Bottle,Sports,7,14,processing
4875,Karen  ATL,28-04-2024,"""Resistance Band""",Sports,5,12,Pending
4876,Tina  BOS,09/16/2024,Resistance Band,Sports,8,13,RETURNED
4877,Leo  DEN,09-05-2024,Jeans,Clothing,10,N/A,Delivered
4878,Tina  BOS,02-04-2024,USB Hub,Electronics,10,20,shipped
4879,Paul  CHI,04/23/2024,Belt,Clothing,2,$29.99,Delivered
4880,Olivia  LA,22-09-2024,"""Charger""",Electronics,9,14.99,RETURNED
4881,Sam  SEA,01/21/24,Dumbbell,Sports,3,39.99,delivered
ORD-4882,Alice  NYC,08-10-2024,Pen Set,Office,7,13,Delivered
4883,Sam  SEA,07-28-2024,Dress,Clothing,3,50,shipped
4884,Eve  SF,06-21-2024,Sneakers,Clothing,1,75,cancelled
4885,Grace  SEA,01-11-2024,Calculator,Office,10,24.99,Pending
4886,Frank  DAL,09-07-2024,Charger,Electronics,1,14.99,shipped
4887,Karen  ATL,07-04-2024,Running Shoes,Sports,3,89,Pending
ORD-4888,Sam  SEA,11-08-2024,Pillow,Home,9,$24.99,Pending
4889,Paul  CHI,17-12-2024,Lamp,Home,1,39.99,Delivered
4890,Bob  LA,12/17/24,Hat,Clothing,10,19.99,delivered
4891,Tina  BOS,09-21-2024,Jacket,Clothing,3,89,RETURNED
4892,Hank  BOS,09-12-2024,Jump Rope,Sports,6,9,returned
4893,Karen  ATL,22-05-2024,Running Shoes,Sports,8,$89.99,processing
4894,Sam  SEA,06-04-2024,Water Bottle,Sports,9,14.99,shipped
4895,Karen  ATL,12-11-2024,Yoga Mat,Sports,7,30,pending
4896,Grace  SEA,02-12-2024,Notebook,Office,1,9,delivered
4897,Nate  NYC,10-07-2024,Keyboard,Electronics,6,45,processing
4898,Alice  NYC,24-04-2024,Belt,Clothing,9,30,processing
ORD-4899,Diana Prince,22-02-2024,Dumbbell,Sports,4,39,cancelled
4900,Nate  NYC,09-28-2024,Yoga Mat,Sports,9,30,delivered
4901,Ivy  MIA,04-03-2024,Dumbbell,Sports,7,39.99,shipped
4902,Rose  DAL,03-09-2024,"""Binder""",Office,7,5,RETURNED
4903,Olivia  LA,23-11-2024,Chair,Office,1,200,shipped
4904,Eve  SF,11/29/2024,"""Headphones""",Electronics,6,89.99,processing
4905,Alice  NYC,24-06-2024,Whiteboard,Office,3,$49.99,processing
4906,Leo  DEN,02/28/24,TShirt,Clothing,3,25,Delivered
4907,Bob  LA,09/24/24,Desk Lamp,Office,7,34.99,Pending
4908,Diana Prince,27-11-2024,Binder,Office,2,$5.99,delivered
4909,Olivia  LA,09-10-2024,"""Notebook""",Office,5,9,delivered
4910,Rose  DAL,12/15/24,"""Belt""",Clothing,10,29.99,Pending
4911,Jack  PHX,12-13-2024,Binder,Office,9,5.99,Pending
4912,Grace  SEA,06/15/2024,Toaster,Home,5,30,returned
4913,Quinn  SF,13-05-2024,"""Socks""",Clothing,5,$9.99,Pending
ORD-4914,Hank  BOS,04/18/2024,Laptop,Electronics,5,800,processing
4915,Rose  DAL,23-02-2024,Running Shoes,Sports,3,90,delivered
4916,Mia  PDX,04/17/24,Coffee Maker,Home,9,59,shipped
4917,Sam  SEA,02-22-2024,USB Hub,Electronics,9,19.99,delivered
4918,Rose  DAL,07-05-2024,Yoga Mat,Sports,9,29.99,returned
4919,Karen  ATL,04/28/24,Rug,Home,6,89,pending
4920,Hank  BOS,07-21-2024,Belt,Clothing,9,29,pending
4921,Sam  SEA,10-11-2024,Blanket,Home,6,34.99,processing
4922,Olivia  LA,18-02-2024,"""Sneakers""",Clothing,6,75,delivered
ORD-4923,Frank  DAL,14-02-2024,Headphones,Electronics,5,89,RETURNED
4924,Ivy  MIA,06/25/2024,Webcam,Electronics,5,60,pending
ORD-4925,Nate  NYC,22-04-2024,Whiteboard,Office,10,49.99,processing
4926,Tina  BOS,08-04-2024,"""Toaster""",Home,4,29.99,cancelled
4927,Karen  ATL,26-12-2024,Stapler,Office,7,15.99,Delivered
4928,Diana  NYC,12/21/24,"""Chair""",Office,3,N/A,cancelled
4929,Jack  PHX,14-03-2024,Whiteboard,Office,9,$49.99,pending
4930,Grace  SEA,07-12-2024,Webcam,Electronics,1,59.99,Delivered
4931,Leo  DEN,09/14/24,"""Lamp""",Home,7,39.99,processing
4932,Quinn  SF,07-19-2024,Tablet,Electronics,2,$349.99,cancelled
4933,Frank  DAL,18-03-2024,Belt,Clothing,2,$29.99,shipped
4934,Hank  BOS,29-05-2024,Toaster,Home,7,29,RETURNED
4935,Quinn  SF,16-08-2024,Running Shoes,Sports,7,89.99,Delivered
4936,Eve  SF,13-04-2024,Chair,Office,4,199.99,shipped
4937,Paul  CHI,17-12-2024,Rug,Home,10,89.99,cancelled
4938,Nate  NYC,08-02-2024,Dumbbell,Sports,1,$39.99,returned
4939,Grace  SEA,06-03-2024,Clock,Home,6,$19.99,cancelled
4940,Rose  DAL,01-09-2024,Jeans,Clothing,2,59.99,Pending
4941,Rose  DAL,03-02-2024,Sneakers,Clothing,9,75,cancelled
4942,Tina  BOS,12-08-2024,"""Desk Lamp""",Office,6,35,shipped
4943,Diana  NYC,02/13/24,Dress,Clothing,6,49.99,Pending
4944,Alice  NYC,28-05-2024,Sneakers,Clothing,6,75,delivered
4945,Nate  NYC,11/23/2024,Jacket,Clothing,8,89.99,pending
4946,Karen  ATL,05-05-2024,Running Shoes,Sports,7,89.99,delivered
4947,Eve  SF,11-10-2024,"""Jump Rope""",Sports,6,9,shipped
4948,Alice  NYC,01-09-2024,"""Resistance Band""",Sports,10,12.99,pending
4949,Nate  NYC,08-02-2024,"""Lamp""",Home,9,$39.99,returned
4950,Rose  DAL,08-29-2024,Jeans,Clothing,8,$59.99,delivered
ORD-4951,Olivia  LA,01-06-2024,Desk Lamp,Office,4,34.99,pending
4952,Bob  LA,01-04-2024,Toaster,Home,1,29,Delivered
4953,Quinn  SF,04/26/2024,"""Toaster""",Home,3,29,returned
4954,Frank  DAL,16-06-2024,Jacket,Clothing,8,$89.99,delivered
4955,Sam  SEA,04/30/24,Dress,Clothing,6,50,processing
4956,Jack  PHX,11/18/2024,Calculator,Office,1,24,pending
4957,Ivy  MIA,03-05-2024,Hat,Clothing,10,19.99,RETURNED
4958,Leo  DEN,07-03-2024,Whiteboard,Office,9,49,delivered
4959,Paul  CHI,08-15-2024,Charger,Electronics,4,14.99,returned
4960,Charlie  CHI,26-02-2024,Notebook,Office,4,$8.99,Pending
4961,Ivy  MIA,11-12-2024,Mouse,Electronics,1,25,cancelled
4962,Alice  NYC,12/17/2024,Toaster,Home,7,29.99,cancelled
4963,Mia  PDX,29-02-2024,Hat,Clothing,4,$19.99,returned
4964,Rose  DAL,19-12-2024,"""Jeans""",Clothing,8,59.99,returned
ORD-4965,Sam  SEA,12-06-2024,"""Blanket""",Home,2,34.99,RETURNED
4966,Charlie  CHI,08-13-2024,Laptop,Electronics,6,799,RETURNED
4967,Nate  NYC,07-04-2024,"""Whiteboard""",Office,7,$49.99,Delivered
4968,Alice Smith,22-07-2024,Hat,Clothing,2,19.99,RETURNED
4969,Alice Smith,13-08-2024,Dumbbell,Sports,6,39,Delivered
4970,Jack  PHX,03-18-2024,"""Calculator""",Office,6,$24.99,shipped
4971,Tina  BOS,26-09-2024,Lamp,Home,2,40,processing
4972,Quinn  SF,20-02-2024,USB Hub,Electronics,9,$19.99,returned
4973,Diana Prince,05/29/2024,Stapler,Office,2,$15.99,Delivered
4974,Jack  PHX,08-02-2024,"""Pillow""",Home,4,24,Delivered
4975,Alice  NYC,04-10-2024,Lamp,Home,6,39.99,shipped
ORD-4976,Alice Smith,07/25/24,Mouse,Electronics,2,25,shipped
4977,Diana Prince,04/19/2024,Mouse,Electronics,3,25,cancelled
4978,Quinn  SF,08/28/2024,Tablet,Electronics,4,350,Pending
4979,Nate  NYC,07-03-2024,Mouse,Electronics,6,25,delivered
4980,Olivia  LA,15-04-2024,"""Dress""",Clothing,7,50,pending
4981,Charlie  CHI,08-11-2024,Calculator,Office,5,24,Delivered
4982,Quinn  SF,02-07-2024,TShirt,Clothing,5,$25.00,Pending
4983,Ivy  MIA,03-17-2024,"""Socks""",Clothing,6,9.99,Delivered
4984,Nate  NYC,05-08-2024,Jeans,Clothing,8,60,RETURNED
4985,Hank  BOS,08-08-2024,Blanket,Home,6,34.99,RETURNED
4986,Jack  PHX,24-11-2024,Belt,Clothing,2,$29.99,Pending
4987,Hank  BOS,01-10-2024,Tablet,Electronics,1,349,RETURNED
4988,Mia  PDX,24-02-2024,Resistance Band,Sports,1,13,Delivered
4989,Paul  CHI,12-01-2024,Pillow,Home,4,25,shipped
4990,Tina  BOS,07-04-2024,USB Hub,Electronics,6,$19.99,returned
4991,Paul  CHI,19-04-2024,Notebook,Office,1,8.99,delivered
4992,Diana  NYC,11/25/24,Water Bottle,Sports,8,15,RETURNED
4993,Alice  NYC,03/19/2024,Notebook,Office,8,8.99,returned
4994,Olivia  LA,11-06-2024,Rug,Home,7,$89.99,pending
4995,Nate  NYC,19-12-2024,Mouse,Electronics,5,25,pending
4996,Quinn  SF,07/20/2024,Yoga Mat,Sports,9,29.99,cancelled
4997,Diana Prince,03-12-2024,Tablet,Electronics,6,349.99,pending
4998,Frank  DAL,11-03-2024,Keyboard,Electronics,8,45,delivered
4999,Grace  SEA,12/24/24,Binder,Office,3,5,Delivered
5000,Ivy  MIA,29-11-2024,Clock,Home,4,20,cancelled
5001,Ivy  MIA,05-09-2024,Headphones,Electronics,1,89.99,delivered
5002,Hank  BOS,02-03-2024,Pen Set,Office,9,12,Delivered
5003,Bob  LA,11/24/24,Stapler,Office,6,$15.99,RETURNED
5004,Rose  DAL,12-09-2024,Running Shoes,Sports,7,90,shipped
5005,Sam  SEA,12/14/24,Sneakers,Clothing,2,75,pending
5006,Charlie  CHI,12-01-2024,Mouse,Electronics,2,$25.00,delivered
5007,Paul  CHI,22-10-2024,Notebook,Office,5,8,processing
5008,Jack  PHX,04-26-2024,Keyboard,Electronics,3,$45.00,delivered
5009,Hank  BOS,04/16/2024,"""Calculator""",Office,10,25,returned
5010,Alice  NYC,11-12-2024,Calculator,Office,4,24,returned
5011,Diana  NYC,01-04-2024,Dumbbell,Sports,1,39.99,cancelled
5012,Leo  DEN,05/18/2024,Jeans,Clothing,9,60,processing
5013,Hank  BOS,10-05-2024,Belt,Clothing,8,$29.99,returned
5014,Grace  SEA,09-06-2024,Chair,Office,5,200,delivered
5015,Paul  CHI,06/13/2024,Laptop,Electronics,4,800,processing
5016,Grace  SEA,01/15/2024,Running Shoes,Sports,2,89.99,pending
5017,Hank  BOS,23-05-2024,Notebook,Office,3,8.99,shipped
5018,Rose  DAL,05-02-2024,Calculator,Office,4,24,Pending
5019,Diana  NYC,14-07-2024,Sneakers,Clothing,8,75,Pending
5020,Paul  CHI,02/21/2024,Pillow,Home,4,24.99,returned
5021,Charlie  CHI,10-31-2024,Jump Rope,Sports,4,9.99,shipped
5022,Diana  NYC,09-02-2024,Notebook,Office,8,8.99,delivered
5023,Grace  SEA,03-11-2024,TShirt,Clothing,9,25,delivered
5024,Leo  DEN,03-04-2024,Tablet,Electronics,2,349,shipped
5025,Jack  PHX,03-07-2024,Blanket,Home,4,$34.99,delivered
5026,Karen  ATL,15-07-2024,Running Shoes,Sports,6,$89.99,returned
5027,Olivia  LA,01-12-2024,Charger,Electronics,9,14.99,RETURNED
5028,Karen  ATL,14-05-2024,Yoga Mat,Sports,7,29.99,RETURNED
5029,Olivia  LA,05-30-2024,Yoga Mat,Sports,8,30,delivered
ORD-5030,Ivy  MIA,02-08-2024,Pen Set,Office,6,13,Delivered
5031,Frank  DAL,12-13-2024,Clock,Home,10,19.99,delivered
5032,Alice Smith,11/18/2024,Pen Set,Office,1,13,delivered
5033,Paul  CHI,02-07-2024,Headphones,Electronics,5,89,processing
5034,Bob  LA,02-07-2024,"""Notebook""",Office,7,9,shipped
5035,Grace  SEA,10-01-2024,Water Bottle,Sports,6,14,processing
5036,Eve  SF,01/31/24,Rug,Home,8,89,cancelled
5037,Paul  CHI,12-07-2024,Mouse,Electronics,2,$25.00,Pending
5038,Leo  DEN,06-06-2024,Webcam,Electronics,10,59.99,returned
5039,Alice  NYC,03-09-2024,Tablet,Electronics,7,350,Pending
5040,Diana  NYC,22-08-2024,Jacket,Clothing,2,89.99,shipped
5041,Leo  DEN,22-05-2024,Blender,Home,5,45,Pending
5042,Quinn  SF,04-26-2024,Dress,Clothing,2,49.99,processing
5043,Charlie  CHI,09-09-2024,Belt,Clothing,5,30,pending
ORD-5044,Olivia  LA,09/28/2024,Pen Set,Office,5,13,Delivered
5045,Alice  NYC,07-26-2024,Binder,Office,9,6,pending
5046,Jack  PHX,01-09-2024,Water Bottle,Sports,8,$14.99,shipped
5047,Ivy  MIA,07-05-2024,Pillow,Home,1,25,pending
5048,Sam  SEA,19-10-2024,Water Bottle,Sports,3,14.99,Delivered
5049,Olivia  LA,03-02-2024,Coffee Maker,Home,2,59.99,cancelled
5050,Frank  DAL,27-02-2024,Stapler,Office,10,$15.99,Pending
ORD-5051,Paul  CHI,06-12-2024,Smartphone,Electronics,7,699,returned
5052,Leo  DEN,09-05-2024,Pillow,Home,10,24,Delivered
5053,Olivia  LA,08/27/24,Blender,Home,6,44,pending
5054,Alice  NYC,05/24/24,Whiteboard,Office,5,49.99,processing
5055,Karen  ATL,17-05-2024,Pillow,Home,5,24.99,RETURNED
ORD-5056,Paul  CHI,04-04-2024,Pillow,Home,6,25,RETURNED
5057,Sam  SEA,08-28-2024,TShirt,Clothing,3,25,processing
5058,Eve  SF,01/31/2024,Jump Rope,Sports,9,9,Delivered
5059,Frank  DAL,11-08-2024,"""Rug""",Home,7,89,delivered
ORD-5060,Frank  DAL,05-26-2024,Blanket,Home,3,34.99,RETURNED
5061,Paul  CHI,10-09-2024,Blender,Home,4,44,processing
5062,Ivy  MIA,27-02-2024,Blanket,Home,2,34.99,cancelled
5063,Nate  NYC,31-03-2024,Tablet,Electronics,6,349.99,delivered
5064,Tina  BOS,09-17-2024,Clock,Home,8,19.99,cancelled
5065,Bob  LA,01-10-2024,Monitor,Electronics,5,299.99,cancelled
5066,Paul  CHI,15-11-2024,Hat,Clothing,3,20,returned
5067,Charlie  CHI,03-01-2024,Running Shoes,Sports,10,89.99,pending
5068,Jack  PHX,03/20/2024,Notebook,Office,2,8.99,shipped
5069,Diana Prince,01-15-2024,"""Whiteboard""",Office,2,$49.99,cancelled
5070,Bob  LA,05-09-2024,Water Bottle,Sports,7,14.99,cancelled
5071,Jack  PHX,12-12-2024,Running Shoes,Sports,8,90,pending
5072,Jack  PHX,01-28-2024,Clock,Home,9,20,delivered
5073,Frank  DAL,10-21-2024,Toaster,Home,2,29,returned
5074,Leo  DEN,11-12-2024,Whiteboard,Office,7,49,pending
5075,Jack  PHX,12-10-2024,Dumbbell,Sports,3,39,shipped
5076,Hank  BOS,03/28/2024,Resistance Band,Sports,10,12.99,Pending
ORD-5077,Quinn  SF,02-12-2024,Calculator,Office,7,24.99,Delivered
5078,Mia  PDX,03-04-2024,Hat,Clothing,7,20,returned
5079,Paul  CHI,05/15/24,Yoga Mat,Sports,5,29.99,delivered
5080,Diana  NYC,01-29-2024,Dress,Clothing,4,49,Pending
5081,Quinn  SF,01/16/24,Binder,Office,6,6,cancelled
5082,Charlie  CHI,08-07-2024,Mouse,Electronics,9,25,shipped
5083,Charlie  CHI,05/20/2024,Coffee Maker,Home,2,59,cancelled
5084,Olivia  LA,23-02-2024,Tablet,Electronics,1,$349.99,cancelled
5085,Hank  BOS,04-12-2024,"""Coffee Maker""",Home,1,59.99,pending
5086,Charlie  CHI,01-08-2024,Resistance Band,Sports,3,13,Pending
5087,Quinn  SF,28-11-2024,Binder,Office,1,$5.99,returned
5088,Ivy  MIA,02-12-2024,"""Running Shoes""",Sports,5,89,processing
5089,Alice  NYC,05-04-2024,Headphones,Electronics,2,90,returned
5090,Karen  ATL,07/26/2024,Coffee Maker,Home,3,59,cancelled
5091,Ivy  MIA,16-06-2024,Clock,Home,7,19.99,processing
5092,Karen  ATL,01-04-2024,Calculator,Office,5,$24.99,Pending
5093,Bob  LA,05-12-2024,Binder,Office,8,6,processing
ORD-5094,Paul  CHI,29-01-2024,Headphones,Electronics,2,89,processing
5095,Charlie  CHI,28-03-2024,Whiteboard,Office,1,49.99,shipped
5096,Mia  PDX,02-06-2024,Notebook,Office,5,8.99,pending
5097,Ivy  MIA,10-02-2024,Clock,Home,1,19.99,RETURNED
5098,Charlie  CHI,31-03-2024,Monitor,Electronics,9,299,processing
5099,Tina  BOS,07/29/2024,Coffee Maker,Home,5,59.99,processing
5100,Eve  SF,08-12-2024,Tablet,Electronics,9,349.99,delivered
5101,Charlie  CHI,12-09-2024,Hat,Clothing,8,$19.99,shipped
5102,Diana  NYC,06/14/24,Chair,Office,8,199.99,delivered
5103,Nate  NYC,01-04-2024,Lamp,Home,2,39.99,shipped
5104,Rose  DAL,08-11-2024,Jump Rope,Sports,6,9,processing
5105,Paul  CHI,11-05-2024,USB Hub,Electronics,3,19.99,pending
5106,Hank  BOS,26-02-2024,Headphones,Electronics,10,$89.99,pending
5107,Frank  DAL,25-08-2024,Water Bottle,Sports,4,14,delivered
5108,Sam  SEA,18-12-2024,Webcam,Electronics,5,60,Pending
5109,Rose  DAL,07-26-2024,"""Yoga Mat""",Sports,3,30,delivered
5110,Nate  NYC,09-08-2024,Smartphone,Electronics,3,700,returned
5111,Frank  DAL,06/21/2024,Pillow,Home,4,25,RETURNED
5112,Tina  BOS,11-08-2024,USB Hub,Electronics,7,19.99,pending
5113,Mia  PDX,01-28-2024,Binder,Office,4,5,RETURNED
5114,Mia  PDX,01-04-2024,Jacket,Clothing,10,$89.99,Delivered
5115,Rose  DAL,08-12-2024,USB Hub,Electronics,1,19.99,shipped
5116,Rose  DAL,01/29/24,Smartphone,Electronics,5,699.99,delivered
5117,Karen  ATL,04/28/24,Jump Rope,Sports,4,9.99,delivered
5118,Bob  LA,22-12-2024,"""Binder""",Office,9,5.99,delivered
5119,Sam  SEA,24-05-2024,Belt,Clothing,1,30,delivered
5120,Karen  ATL,09-07-2024,TShirt,Clothing,1,$25.00,delivered
5121,Olivia  LA,06/13/24,Pen Set,Office,1,12.99,returned
5122,Rose  DAL,10-04-2024,Calculator,Office,8,$24.99,delivered
5123,Frank  DAL,06/15/24,USB Hub,Electronics,3,19.99,shipped
5124,Karen  ATL,07-02-2024,Webcam,Electronics,9,60,RETURNED
5125,Diana Prince,10-10-2024,Dress,Clothing,2,49,shipped
5126,Leo  DEN,28-09-2024,Pen Set,Office,10,12.99,returned
5127,Leo  DEN,05-12-2024,Pen Set,Office,1,12,Delivered
5128,Leo  DEN,07/27/2024,Pillow,Home,3,24,pending
5129,Mia  PDX,11-09-2024,Jump Rope,Sports,9,9,delivered
5130,Eve  SF,06-07-2024,Sneakers,Clothing,7,75,cancelled
5131,Bob  LA,09-01-2024,Dress,Clothing,2,$49.99,Delivered
5132,Eve  SF,23-10-2024,Yoga Mat,Sports,7,29,cancelled
5133,Grace  SEA,12/20/2024,"""Desk Lamp""",Office,5,35,Delivered
5134,Nate  NYC,06-12-2024,"""Webcam""",Electronics,9,59.99,Delivered
5135,Hank  BOS,02-09-2024,Smartphone,Electronics,9,699.99,cancelled
5136,Bob  LA,04/23/2024,Headphones,Electronics,4,$89.99,processing
5137,Hank  BOS,01/14/2024,"""Water Bottle""",Sports,3,15,pending
5138,Ivy  MIA,13-07-2024,Desk Lamp,Office,9,34,processing
5139,Bob  LA,10-06-2024,"""Hat""",Clothing,3,19,processing
5140,Nate  NYC,09/28/24,Yoga Mat,Sports,8,$29.99,processing
5141,Eve  SF,10/24/2024,Charger,Electronics,2,14.99,pending
5142,Paul  CHI,02/23/24,"""Lamp""",Home,7,$39.99,processing
5143,Nate  NYC,11/28/24,Clock,Home,3,19.99,Pending
5144,Sam  SEA,12/14/2024,USB Hub,Electronics,7,19.99,returned
5145,Frank  DAL,03/28/2024,Headphones,Electronics,3,90,Delivered
5146,Quinn  SF,21-03-2024,Blender,Home,10,$44.99,returned
5147,Tina  BOS,10-12-2024,"""Water Bottle""",Sports,2,14.99,processing
5148,Rose  DAL,05-11-2024,Resistance Band,Sports,6,13,shipped
5149,Bob  LA,03-10-2024,Desk Lamp,Office,7,35,shipped
5150,Eve  SF,04-08-2024,Jeans,Clothing,9,59.99,Pending
5151,Karen  ATL,11/23/24,Resistance Band,Sports,5,$12.99,processing
5152,Rose  DAL,08-12-2024,Belt,Clothing,6,N/A,pending
5153,Quinn  SF,12-06-2024,Headphones,Electronics,2,90,processing
5154,Diana Prince,02-03-2024,Pillow,Home,5,$24.99,RETURNED
5155,Eve  SF,04-10-2024,Resistance Band,Sports,5,$12.99,shipped
ORD-5156,Frank  DAL,28-07-2024,Webcam,Electronics,10,59,pending
5157,Jack  PHX,01-07-2024,Blanket,Home,7,35,RETURNED
5158,Jack  PHX,18-09-2024,Toaster,Home,10,29,Pending
5159,Eve  SF,04-08-2024,Chair,Office,6,199.99,shipped
5160,Frank  DAL,11-11-2024,Tablet,Electronics,7,349,delivered
5161,Alice Smith,04/29/2024,Pen Set,Office,3,12,Pending
5162,Quinn  SF,25-09-2024,Jacket,Clothing,9,89.99,pending
5163,Ivy  MIA,08-08-2024,Running Shoes,Sports,10,89,delivered
5164,Mia  PDX,09-08-2024,Notebook,Office,5,$8.99,Delivered
5165,Sam  SEA,27-11-2024,Belt,Clothing,6,29.99,delivered
5166,Charlie  CHI,26-10-2024,Rug,Home,7,89.99,returned
5167,Bob  LA,19-07-2024,"""Laptop""",Electronics,2,799,RETURNED
5168,Jack  PHX,17-05-2024,"""TShirt""",Clothing,8,25,pending
5169,Paul  CHI,12-31-2024,TShirt,Clothing,6,$25.00,RETURNED
5170,Rose  DAL,25-02-2024,"""Pillow""",Home,4,$24.99,Pending
5171,Mia  PDX,13-12-2024,Laptop,Electronics,1,799.99,returned
5172,Paul  CHI,12-01-2024,Notebook,Office,6,8.99,Delivered
5173,Olivia  LA,09-12-2024,Desk Lamp,Office,10,35,RETURNED
5174,Nate  NYC,12-09-2024,Notebook,Office,4,9,Delivered
5175,Nate  NYC,10-08-2024,Jump Rope,Sports,6,$9.99,shipped
5176,Tina  BOS,31-01-2024,Water Bottle,Sports,10,$14.99,returned
5177,Karen  ATL,01/26/24,Running Shoes,Sports,3,$89.99,Pending
5178,Ivy  MIA,10-09-2024,Monitor,Electronics,3,299.99,Delivered
5179,Jack  PHX,07-08-2024,Dress,Clothing,8,49.99,Delivered
5180,Bob  LA,13-11-2024,Clock,Home,7,20,pending
ORD-5181,Quinn  SF,08/18/24,Pen Set,Office,1,12,delivered
5182,Sam  SEA,03/25/2024,Chair,Office,10,199.99,cancelled
5183,Ivy  MIA,05-11-2024,Jacket,Clothing,9,90,delivered
5184,Frank  DAL,10/15/2024,"""Yoga Mat""",Sports,6,29,returned
5185,Quinn  SF,06/28/24,Dress,Clothing,6,49,pending
5186,Hank  BOS,09/20/24,"""Chair""",Office,8,199.99,Pending
5187,Grace  SEA,14-06-2024,Socks,Clothing,5,$9.99,processing
5188,Ivy  MIA,03/20/2024,Yoga Mat,Sports,4,29.99,pending
5189,Diana  NYC,12-03-2024,Hat,Clothing,3,19.99,returned
5190,Ivy  MIA,27-01-2024,Resistance Band,Sports,8,12,delivered
5191,Alice  NYC,07-03-2024,Jump Rope,Sports,1,9,cancelled
5192,Mia  PDX,03/19/24,Desk Lamp,Office,6,34,shipped
5193,Bob  LA,08/13/2024,Coffee Maker,Home,10,$59.99,processing
5194,Karen  ATL,10/16/24,Hat,Clothing,4,19,processing
5195,Ivy  MIA,08/19/2024,Resistance Band,Sports,9,13,pending
5196,Mia  PDX,06-10-2024,Yoga Mat,Sports,6,29.99,RETURNED
5197,Jack  PHX,25-11-2024,Running Shoes,Sports,2,90,cancelled
5198,Grace  SEA,10-09-2024,"""Pillow""",Home,4,25,Pending
5199,Tina  BOS,02/27/24,Tablet,Electronics,1,$349.99,delivered
5200,Frank  DAL,24-09-2024,Blanket,Home,10,35,delivered
5201,Leo  DEN,04-08-2024,Socks,Clothing,1,9,delivered
5202,Grace  SEA,11/20/2024,Pillow,Home,9,24,pending
5203,Paul  CHI,31-08-2024,Toaster,Home,9,29.99,cancelled
5204,Leo  DEN,15-08-2024,Desk Lamp,Office,3,34.99,shipped
5205,Diana  NYC,10/30/2024,Chair,Office,5,199.99,Pending
5206,Karen  ATL,10-10-2024,Running Shoes,Sports,5,$89.99,delivered
5207,Eve  SF,06-12-2024,Blender,Home,8,$44.99,processing
5208,Olivia  LA,01-16-2024,Smartphone,Electronics,2,699.99,returned
5209,Nate  NYC,22-05-2024,Tablet,Electronics,2,350,Pending
5210,Charlie  CHI,06/19/24,Clock,Home,1,19.99,Delivered
5211,Alice  NYC,20-08-2024,Keyboard,Electronics,6,45,Delivered
5212,Nate  NYC,28-10-2024,Lamp,Home,4,$39.99,shipped
5213,Charlie  CHI,01-11-2024,Notebook,Office,6,8.99,cancelled
5214,Tina  BOS,08-02-2024,Toaster,Home,8,29.99,Pending
5215,Karen  ATL,14-04-2024,Pillow,Home,1,25,pending
5216,Alice  NYC,10-23-2024,Yoga Mat,Sports,7,$29.99,delivered
5217,Mia  PDX,07/22/24,Tablet,Electronics,1,349,Pending
5218,Hank  BOS,03-01-2024,Coffee Maker,Home,1,60,shipped
5219,Sam  SEA,10/31/2024,Clock,Home,4,19.99,Delivered
5220,Bob  LA,05/18/2024,Water Bottle,Sports,9,14,Pending
5221,Eve  SF,21-09-2024,"""Dumbbell""",Sports,8,39.99,shipped
5222,Sam  SEA,06/27/2024,Dumbbell,Sports,4,39,Pending
5223,Mia  PDX,04-05-2024,Toaster,Home,5,29.99,delivered
ORD-5224,Bob  LA,06/19/2024,Blender,Home,5,44,RETURNED
5225,Grace  SEA,03-02-2024,Hat,Clothing,3,19.99,Pending
5226,Quinn  SF,30-05-2024,Notebook,Office,9,$8.99,Delivered
5227,Diana  NYC,17-10-2024,Blender,Home,6,44.99,pending
5228,Grace  SEA,02-13-2024,Binder,Office,8,5.99,returned
5229,Tina  BOS,10/24/24,Smartphone,Electronics,4,699,delivered
5230,Olivia  LA,05/14/24,Binder,Office,5,5.99,RETURNED
5231,Rose  DAL,20-03-2024,Charger,Electronics,10,15,processing
ORD-5232,Charlie  CHI,09/30/2024,Charger,Electronics,3,14,delivered
5233,Quinn  SF,29-05-2024,Coffee Maker,Home,9,59.99,returned
5234,Nate  NYC,07-11-2024,Blender,Home,8,$44.99,pending
5235,Nate  NYC,22-09-2024,Coffee Maker,Home,1,60,processing
5236,Alice Smith,25-12-2024,Clock,Home,10,20,pending
5237,Alice Smith,07/30/24,"""Monitor""",Electronics,2,299.99,shipped
5238,Rose  DAL,20-11-2024,Jacket,Clothing,10,90,Pending
5239,Diana  NYC,07-04-2024,Jump Rope,Sports,4,$9.99,delivered
5240,Eve  SF,15-03-2024,Pillow,Home,10,$24.99,shipped
5241,Paul  CHI,09-16-2024,Chair,Office,3,199,cancelled
5242,Leo  DEN,04-03-2024,Desk Lamp,Office,5,34.99,cancelled
5243,Alice Smith,21-02-2024,Whiteboard,Office,10,50,returned
ORD-5244,Rose  DAL,14-04-2024,Whiteboard,Office,4,$49.99,RETURNED
5245,Grace  SEA,03-17-2024,Jeans,Clothing,3,60,pending
5246,Ivy  MIA,09-08-2024,Monitor,Electronics,8,299.99,Pending
5247,Alice  NYC,19-12-2024,"""Socks""",Clothing,7,10,RETURNED
5248,Bob  LA,08/31/2024,Stapler,Office,5,15.99,pending
5249,Frank  DAL,08/19/24,Calculator,Office,10,$24.99,Pending
5250,Frank  DAL,09/25/24,Calculator,Office,7,24.99,RETURNED
5251,Eve  SF,28-07-2024,Hat,Clothing,4,19.99,RETURNED
5252,Charlie  CHI,20-04-2024,Jacket,Clothing,8,89.99,returned
5253,Jack  PHX,17-09-2024,Clock,Home,7,19.99,cancelled
5254,Charlie  CHI,05-07-2024,"""Clock""",Home,1,20,pending
5255,Sam  SEA,18-07-2024,Keyboard,Electronics,4,45,shipped
5256,Leo  DEN,02-28-2024,Rug,Home,5,90,RETURNED
5257,Eve  SF,27-07-2024,TShirt,Clothing,4,25,Delivered
ORD-5258,Eve  SF,02-08-2024,Blender,Home,1,44,Pending
5259,Nate  NYC,12-02-2024,Dress,Clothing,1,49,cancelled
5260,Eve  SF,07-12-2024,USB Hub,Electronics,10,19.99,Delivered
5261,Paul  CHI,11-29-2024,Blender,Home,4,44,delivered
5262,Tina  BOS,07/15/2024,Toaster,Home,1,29.99,Delivered
5263,Grace  SEA,12-12-2024,Resistance Band,Sports,10,12.99,processing
5264,Quinn  SF,20-02-2024,"""Smartphone""",Electronics,1,699,pending
5265,Grace  SEA,01/16/2024,Monitor,Electronics,7,299.99,RETURNED
5266,Quinn  SF,02-27-2024,Desk Lamp,Office,8,$34.99,pending
5267,Paul  CHI,10/27/24,Pillow,Home,4,24.99,processing
5268,Jack  PHX,18-10-2024,"""Desk Lamp""",Office,10,34,RETURNED
5269,Mia  PDX,01/17/24,Stapler,Office,2,15.99,processing
5270,Paul  CHI,03-03-2024,Jeans,Clothing,4,59.99,Pending
5271,Olivia  LA,03-09-2024,"""Monitor""",Electronics,4,299.99,shipped
5272,Olivia  LA,09-09-2024,Headphones,Electronics,4,$89.99,processing
5273,Charlie  CHI,07-31-2024,Jump Rope,Sports,3,9.99,delivered
ORD-5274,Diana  NYC,10-10-2024,Belt,Clothing,7,29.99,returned
5275,Leo  DEN,11-04-2024,Laptop,Electronics,2,799,RETURNED
5276,Mia  PDX,20-04-2024,Jacket,Clothing,1,89.99,delivered
5277,Sam  SEA,08-02-2024,Yoga Mat,Sports,5,29.99,Pending
ORD-5278,Charlie  CHI,14-03-2024,"""Hat""",Clothing,8,19,pending
5279,Jack  PHX,04-27-2024,"""Resistance Band""",Sports,4,13,cancelled
5280,Diana  NYC,06-08-2024,Hat,Clothing,2,19.99,Delivered
ORD-5281,Diana  NYC,04-15-2024,Webcam,Electronics,6,59.99,pending
5282,Mia  PDX,01-01-2024,Charger,Electronics,3,15,Delivered
5283,Grace  SEA,01-26-2024,Rug,Home,4,89.99,Pending
5284,Quinn  SF,02/21/2024,Calculator,Office,4,24.99,RETURNED
5285,Alice  NYC,15-12-2024,Smartphone,Electronics,7,$699.99,shipped
5286,Charlie  CHI,07-04-2024,Pillow,Home,5,24,delivered
5287,Ivy  MIA,05-27-2024,Whiteboard,Office,5,49,delivered
5288,Diana  NYC,18-02-2024,Yoga Mat,Sports,3,29.99,RETURNED
ORD-5289,Quinn  SF,27-02-2024,Yoga Mat,Sports,1,29.99,RETURNED
5290,Karen  ATL,20-11-2024,Dumbbell,Sports,8,39,delivered
5291,Diana  NYC,04-10-2024,Jacket,Clothing,9,90,Pending
5292,Rose  DAL,03/13/24,Running Shoes,Sports,3,89.99,Delivered
5293,Rose  DAL,26-04-2024,Laptop,Electronics,7,800,shipped
5294,Jack  PHX,12/17/2024,Stapler,Office,8,15.99,shipped
5295,Karen  ATL,10/13/24,Whiteboard,Office,6,49.99,delivered
5296,Tina  BOS,05-08-2024,Lamp,Home,4,40,pending
5297,Eve  SF,01/13/2024,Hat,Clothing,1,19.99,processing
5298,Ivy  MIA,08/14/24,Yoga Mat,Sports,7,30,pending
5299,Nate  NYC,03-26-2024,Pen Set,Office,7,12.99,RETURNED
5300,Karen  ATL,08-03-2024,Jeans,Clothing,2,59,pending
5301,Sam  SEA,07-17-2024,Tablet,Electronics,1,349.99,shipped
5302,Leo  DEN,11-10-2024,Stapler,Office,8,$15.99,cancelled
5303,Tina  BOS,03/24/2024,Running Shoes,Sports,1,89.99,Pending
5304,Leo  DEN,16-07-2024,Keyboard,Electronics,7,45,Pending
5305,Paul  CHI,11-10-2024,Lamp,Home,6,39.99,RETURNED
5306,Charlie  CHI,10-16-2024,Desk Lamp,Office,10,34.99,RETURNED
5307,Alice  NYC,03/14/2024,Dumbbell,Sports,2,39.99,RETURNED
5308,Diana Prince,03/13/24,Running Shoes,Sports,6,90,cancelled
5309,Rose  DAL,09/27/24,Pen Set,Office,2,12.99,RETURNED
5310,Grace  SEA,04/22/24,Webcam,Electronics,7,59,processing
5311,Bob  LA,25-08-2024,"""Jump Rope""",Sports,7,9,pending
5312,Charlie  CHI,23-10-2024,Laptop,Electronics,8,799.99,delivered
5313,Paul  CHI,08-11-2024,Whiteboard,Office,5,49.99,returned
5314,Hank  BOS,29-02-2024,Clock,Home,5,$19.99,RETURNED
5315,Nate  NYC,02-04-2024,Water Bottle,Sports,10,14,cancelled
5316,Paul  CHI,12-12-2024,Desk Lamp,Office,1,$34.99,returned
5317,Bob  LA,02-02-2024,Lamp,Home,2,40,Delivered
5318,Olivia  LA,07/15/2024,Jacket,Clothing,9,89,returned
5319,Nate  NYC,22-03-2024,Pen Set,Office,8,12.99,pending
5320,Nate  NYC,05-07-2024,Blanket,Home,4,34,delivered
5321,Charlie  CHI,11-12-2024,Desk Lamp,Office,4,35,returned
5322,Rose  DAL,07-14-2024,Mouse,Electronics,5,25,delivered
5323,Ivy  MIA,23-05-2024,Pillow,Home,5,24.99,RETURNED
5324,Nate  NYC,09/19/2024,"""Pillow""",Home,2,24,RETURNED
5325,Mia  PDX,05-17-2024,"""Coffee Maker""",Home,9,59.99,processing
5326,Diana Prince,10-07-2024,Calculator,Office,2,24,delivered
5327,Bob  LA,12-09-2024,Pen Set,Office,10,12.99,Delivered
5328,Mia  PDX,14-05-2024,Jacket,Clothing,8,$89.99,delivered
5329,Rose  DAL,12/19/24,"""Pillow""",Home,10,$24.99,processing
ORD-5330,Olivia  LA,06/22/24,Sneakers,Clothing,1,75,cancelled
5331,Quinn  SF,26-05-2024,Dress,Clothing,2,49,Pending
5332,Frank  DAL,29-04-2024,Hat,Clothing,2,$19.99,pending
5333,Frank  DAL,04/16/2024,Yoga Mat,Sports,6,30,pending
5334,Quinn  SF,02-02-2024,"""Keyboard""",Electronics,7,45,delivered
5335,Hank  BOS,01-07-2024,Tablet,Electronics,8,349,processing
5336,Tina  BOS,09/17/24,Toaster,Home,5,29.99,delivered
5337,Alice Smith,09/28/2024,USB Hub,Electronics,2,$19.99,cancelled
5338,Hank  BOS,01/30/2024,Jump Rope,Sports,10,$9.99,pending
5339,Frank  DAL,05-07-2024,Yoga Mat,Sports,10,30,RETURNED
5340,Nate  NYC,08-12-2024,Sneakers,Clothing,3,75,Delivered
5341,Nate  NYC,27-01-2024,Webcam,Electronics,3,$59.99,shipped
5342,Charlie  CHI,12/26/24,Binder,Office,2,6,pending
5343,Alice Smith,10-14-2024,Blender,Home,3,44.99,Pending
5344,Rose  DAL,10-05-2024,Jump Rope,Sports,4,9,Pending
5345,Paul  CHI,26-12-2024,Belt,Clothing,7,29.99,cancelled
5346,Karen  ATL,06-08-2024,Hat,Clothing,10,19.99,shipped
5347,Nate  NYC,12-28-2024,Desk Lamp,Office,7,34,cancelled
5348,Leo  DEN,03-09-2024,Smartphone,Electronics,4,700,shipped
5349,Quinn  SF,07/30/24,Dress,Clothing,9,$49.99,processing
ORD-5350,Quinn  SF,03-26-2024,Belt,Clothing,9,29.99,Pending
5351,Eve  SF,11/23/24,Notebook,Office,7,8,pending
5352,Paul  CHI,10-06-2024,Socks,Clothing,10,9.99,Pending
5353,Alice  NYC,05/29/24,Rug,Home,3,89.99,cancelled
5354,Quinn  SF,11-16-2024,Headphones,Electronics,5,89.99,Pending
5355,Rose  DAL,01-08-2024,Running Shoes,Sports,6,89.99,Pending
5356,Diana  NYC,09-14-2024,Water Bottle,Sports,1,14,cancelled
5357,Hank  BOS,28-10-2024,Notebook,Office,8,9,pending
5358,Bob  LA,31-08-2024,Lamp,Home,6,40,processing
5359,Eve  SF,07/20/24,Tablet,Electronics,1,350,RETURNED
5360,Paul  CHI,15-01-2024,"""Pen Set""",Office,7,12.99,Pending
5361,Nate  NYC,12-07-2024,Webcam,Electronics,2,59,delivered
5362,Frank  DAL,09/18/24,Binder,Office,10,5.99,Delivered
5363,Mia  PDX,07/20/24,Lamp,Home,6,40,Pending
5364,Ivy  MIA,09/25/2024,"""Hat""",Clothing,4,$19.99,pending
5365,Jack  PHX,10-06-2024,Water Bottle,Sports,7,14.99,processing
5366,Karen  ATL,08-02-2024,Headphones,Electronics,1,$89.99,Delivered
5367,Ivy  MIA,08/18/2024,Hat,Clothing,10,$19.99,delivered
5368,Frank  DAL,05-30-2024,Dumbbell,Sports,10,40,returned
5369,Charlie  CHI,11-08-2024,Whiteboard,Office,8,49.99,delivered
5370,Paul  CHI,03-08-2024,Rug,Home,9,89,delivered
5371,Grace  SEA,12/23/24,Calculator,Office,4,24,RETURNED
5372,Bob  LA,09-06-2024,Hat,Clothing,8,19,RETURNED
5373,Grace  SEA,21-04-2024,Dress,Clothing,7,49,returned
5374,Paul  CHI,05-06-2024,Blender,Home,1,44.99,Delivered
5375,Frank  DAL,10/13/2024,Running Shoes,Sports,5,$89.99,pending
5376,Sam  SEA,17-07-2024,Jump Rope,Sports,4,9,Delivered
5377,Quinn  SF,01-05-2024,Resistance Band,Sports,7,12.99,shipped
5378,Hank  BOS,10/26/24,Headphones,Electronics,4,90,Delivered
5379,Jack  PHX,08-19-2024,Calculator,Office,8,24.99,RETURNED
5380,Karen  ATL,09-05-2024,"""Rug""",Home,10,90,pending
5381,Ivy  MIA,11-08-2024,Lamp,Home,10,$39.99,Delivered
5382,Alice Smith,09-06-2024,Dumbbell,Sports,1,$39.99,processing
ORD-5383,Tina  BOS,10-09-2024,Smartphone,Electronics,6,699.99,shipped
5384,Paul  CHI,11-03-2024,Monitor,Electronics,10,$299.99,RETURNED
5385,Olivia  LA,17-02-2024,Blanket,Home,7,$34.99,shipped
5386,Mia  PDX,05-02-2024,Clock,Home,9,19,cancelled
5387,Rose  DAL,07-28-2024,Yoga Mat,Sports,4,$29.99,Delivered
5388,Tina  BOS,06-07-2024,Notebook,Office,7,8,shipped
5389,Karen  ATL,15-10-2024,Chair,Office,4,200,Delivered
5390,Diana  NYC,02-09-2024,"""Toaster""",Home,9,29.99,processing
5391,Ivy  MIA,10-01-2024,TShirt,Clothing,10,$25.00,cancelled
5392,Karen  ATL,11-02-2024,Binder,Office,10,5,delivered
5393,Tina  BOS,06-02-2024,"""Sneakers""",Clothing,6,$75.00,Delivered
5394,Diana  NYC,24-08-2024,Lamp,Home,5,$39.99,processing
5395,Charlie  CHI,05-03-2024,Belt,Clothing,10,$29.99,cancelled
5396,Nate  NYC,09-10-2024,Jump Rope,Sports,1,9.99,Delivered
5397,Olivia  LA,07-05-2024,Blender,Home,3,44.99,Pending
5398,Alice Smith,12-08-2024,"""Jump Rope""",Sports,8,$9.99,Pending
5399,Eve  SF,08-07-2024,Lamp,Home,6,40,pending
5400,Bob  LA,12-11-2024,Jump Rope,Sports,7,9,Pending
5401,Bob  LA,28-02-2024,Resistance Band,Sports,9,12.99,cancelled
5402,Grace  SEA,29-09-2024,Stapler,Office,7,$15.99,delivered
5403,Quinn  SF,02-07-2024,Dress,Clothing,8,50,Delivered
5404,Olivia  LA,07-10-2024,Yoga Mat,Sports,6,29.99,pending
5405,Bob  LA,03-08-2024,Chair,Office,6,199.99,Pending
5406,Nate  NYC,21-04-2024,Running Shoes,Sports,10,89,pending
5407,Alice Smith,08-05-2024,Chair,Office,4,199.99,pending
5408,Karen  ATL,02/25/2024,Laptop,Electronics,3,$799.99,RETURNED
5409,Bob  LA,10/24/24,Water Bottle,Sports,6,$14.99,delivered
5410,Ivy  MIA,03/13/24,Jacket,Clothing,3,89,RETURNED
5411,Leo  DEN,11-09-2024,Toaster,Home,5,29.99,Pending
ORD-5412,Olivia  LA,05-28-2024,Sneakers,Clothing,10,75,returned
5413,Leo  DEN,08/13/2024,Resistance Band,Sports,8,12.99,pending
5414,Quinn  SF,05-04-2024,Charger,Electronics,3,14.99,shipped
5415,Alice  NYC,11/19/2024,Smartphone,Electronics,7,700,processing
ORD-5416,Alice  NYC,13-12-2024,Whiteboard,Office,3,50,shipped
5417,Grace  SEA,07-01-2024,Blender,Home,9,44,shipped
5418,Bob  LA,06-23-2024,Yoga Mat,Sports,1,29,delivered
5419,Sam  SEA,05-12-2024,Blanket,Home,1,34,Delivered
5420,Paul  CHI,07-01-2024,TShirt,Clothing,5,25,cancelled
5421,Sam  SEA,02-04-2024,Running Shoes,Sports,1,89.99,delivered
5422,Mia  PDX,05-03-2024,Jeans,Clothing,10,60,returned
5423,Mia  PDX,12/21/2024,Blanket,Home,1,34,cancelled
ORD-5424,Olivia  LA,05-06-2024,Stapler,Office,1,15.99,cancelled
5425,Alice Smith,04-01-2024,Blender,Home,9,$44.99,RETURNED
5426,Sam  SEA,30-12-2024,Tablet,Electronics,7,349,cancelled
5427,Rose  DAL,22-07-2024,Stapler,Office,4,15.99,pending
5428,Jack  PHX,25-01-2024,Chair,Office,1,199,delivered
5429,Hank  BOS,03-01-2024,"""Toaster""",Home,2,29.99,delivered
5430,Tina  BOS,02/23/24,Calculator,Office,9,24.99,shipped
5431,Leo  DEN,03-10-2024,Calculator,Office,7,25,shipped
5432,Olivia  LA,11/20/2024,Sneakers,Clothing,8,75,Delivered
5433,Tina  BOS,11-16-2024,Charger,Electronics,10,14.99,shipped
5434,Rose  DAL,03-01-2024,Lamp,Home,1,39.99,RETURNED
ORD-5435,Grace  SEA,14-01-2024,TShirt,Clothing,9,$25.00,delivered
5436,Eve  SF,04/13/2024,Lamp,Home,8,40,Pending
5437,Charlie  CHI,03-13-2024,Jacket,Clothing,2,89,delivered
5438,Leo  DEN,04-25-2024,Tablet,Electronics,3,349,delivered
5439,Bob  LA,12/21/24,Notebook,Office,9,8,returned
5440,Leo  DEN,22-07-2024,Chair,Office,4,199.99,shipped
5441,Eve  SF,02/24/24,Belt,Clothing,7,29.99,processing
5442,Olivia  LA,06-19-2024,Pillow,Home,3,24.99,Pending
5443,Olivia  LA,07/29/2024,Tablet,Electronics,7,349.99,Pending
5444,Jack  PHX,08-06-2024,Pillow,Home,10,25,RETURNED
5445,Olivia  LA,07/13/2024,Socks,Clothing,8,9,shipped
5446,Hank  BOS,04-24-2024,"""Jump Rope""",Sports,7,9.99,cancelled
5447,Alice Smith,11/26/24,Charger,Electronics,1,14,RETURNED
5448,Diana  NYC,06-09-2024,Pillow,Home,1,25,pending
5449,Sam  SEA,12-17-2024,Webcam,Electronics,10,60,cancelled
5450,Quinn  SF,08-10-2024,USB Hub,Electronics,10,19.99,processing
5451,Quinn  SF,10/21/2024,"""Rug""",Home,4,89.99,delivered
5452,Charlie  CHI,14-04-2024,Dress,Clothing,5,49.99,cancelled
5453,Quinn  SF,09-06-2024,Water Bottle,Sports,4,15,Delivered
ORD-5454,Ivy  MIA,08-09-2024,Clock,Home,2,19.99,cancelled
5455,Nate  NYC,07/19/2024,Stapler,Office,4,$15.99,cancelled
5456,Quinn  SF,06/20/24,Running Shoes,Sports,3,89.99,Pending
5457,Rose  DAL,20-03-2024,Smartphone,Electronics,5,699.99,pending
5458,Grace  SEA,26-08-2024,Socks,Clothing,3,9.99,Pending
5459,Alice Smith,27-08-2024,Charger,Electronics,5,15,RETURNED
5460,Eve  SF,07/30/2024,Water Bottle,Sports,6,14.99,pending
5461,Leo  DEN,01-06-2024,Monitor,Electronics,3,299.99,Delivered
5462,Alice  NYC,13-05-2024,Notebook,Office,6,8,processing
5463,Paul  CHI,10-06-2024,Calculator,Office,2,$24.99,returned
5464,Nate  NYC,10-03-2024,Dumbbell,Sports,10,40,pending
5465,Leo  DEN,07-05-2024,Resistance Band,Sports,1,$12.99,Delivered
ORD-5466,Nate  NYC,02/22/2024,Chair,Office,5,199.99,returned
5467,Diana Prince,10/22/2024,Pillow,Home,2,$24.99,cancelled
5468,Karen  ATL,08/31/24,Notebook,Office,3,8,pending
5469,Paul  CHI,11-04-2024,Binder,Office,6,$5.99,returned
5470,Jack  PHX,12-02-2024,"""Jump Rope""",Sports,9,9.99,delivered
5471,Rose  DAL,05/13/24,Jacket,Clothing,1,89,Pending
5472,Jack  PHX,05-03-2024,Dumbbell,Sports,5,40,RETURNED
ORD-5473,Eve  SF,08-02-2024,Sneakers,Clothing,7,75,Pending
ORD-5474,Alice  NYC,10-09-2024,Notebook,Office,2,8.99,delivered
5475,Hank  BOS,07/22/2024,Desk Lamp,Office,3,34.99,shipped
5476,Eve  SF,02-02-2024,TShirt,Clothing,1,25,pending
5477,Grace  SEA,27-02-2024,Water Bottle,Sports,7,$14.99,Delivered
5478,Charlie  CHI,03-09-2024,Yoga Mat,Sports,3,29,pending
5479,Tina  BOS,06-05-2024,Hat,Clothing,9,$19.99,pending
5480,Mia  PDX,11-11-2024,Running Shoes,Sports,8,90,RETURNED
5481,Bob  LA,27-06-2024,Sneakers,Clothing,9,75,pending
5482,Hank  BOS,14-01-2024,Jeans,Clothing,2,59.99,RETURNED
5483,Rose  DAL,07/28/24,TShirt,Clothing,3,25,Delivered
5484,Tina  BOS,16-10-2024,Charger,Electronics,7,14,pending
5485,Frank  DAL,17-06-2024,Resistance Band,Sports,2,13,processing
5486,Charlie  CHI,23-05-2024,Yoga Mat,Sports,3,29.99,processing
5487,Paul  CHI,08-03-2024,Notebook,Office,10,$8.99,processing
5488,Quinn  SF,01-11-2024,Notebook,Office,8,$8.99,processing
5489,Alice  NYC,17-04-2024,Mouse,Electronics,8,25,shipped
5490,Eve  SF,09/13/24,Dumbbell,Sports,6,39,processing
5491,Tina  BOS,03-06-2024,Mouse,Electronics,9,25,Pending
5492,Ivy  MIA,10-03-2024,Chair,Office,1,199.99,returned
5493,Bob  LA,01/26/2024,Toaster,Home,5,29,RETURNED
5494,Paul  CHI,22-08-2024,Dress,Clothing,8,50,cancelled
5495,Bob  LA,11-04-2024,Dumbbell,Sports,3,39.99,returned
ORD-5496,Bob  LA,11/17/24,Pillow,Home,8,25,processing
5497,Ivy  MIA,08-01-2024,TShirt,Clothing,3,$25.00,shipped
5498,Olivia  LA,25-06-2024,Toaster,Home,8,29,RETURNED
5499,Leo  DEN,07-03-2024,Water Bottle,Sports,7,14.99,Pending
5500,Ivy  MIA,18-09-2024,Water Bottle,Sports,7,15,returned
5501,Bob  LA,05-07-2024,Whiteboard,Office,5,50,Delivered
5502,Quinn  SF,27-05-2024,Jump Rope,Sports,9,10,delivered
5503,Diana  NYC,10-04-2024,"""Whiteboard""",Office,7,$49.99,delivered
5504,Karen  ATL,04-11-2024,Smartphone,Electronics,7,699.99,shipped
5505,Leo  DEN,10/21/2024,Whiteboard,Office,3,$49.99,returned
5506,Hank  BOS,08/24/24,"""Dress""",Clothing,10,49,returned
5507,Diana  NYC,09-04-2024,Clock,Home,8,20,delivered
5508,Rose  DAL,08-12-2024,Charger,Electronics,10,$14.99,Delivered
5509,Nate  NYC,21-11-2024,Calculator,Office,10,$24.99,shipped
5510,Quinn  SF,06-12-2024,"""Hat""",Clothing,2,19.99,shipped
5511,Karen  ATL,31-07-2024,Smartphone,Electronics,2,699.99,pending
5512,Olivia  LA,09-03-2024,Laptop,Electronics,4,799.99,delivered
5513,Paul  CHI,02-10-2024,Dress,Clothing,10,50,Pending
5514,Leo  DEN,18-01-2024,Keyboard,Electronics,2,$45.00,processing
5515,Grace  SEA,06-06-2024,Running Shoes,Sports,6,89.99,pending
5516,Ivy  MIA,01-29-2024,Sneakers,Clothing,6,75,Delivered
5517,Paul  CHI,16-04-2024,USB Hub,Electronics,8,20,returned
5518,Jack  PHX,03-19-2024,Water Bottle,Sports,8,14.99,returned
5519,Bob  LA,07-17-2024,Laptop,Electronics,1,799,Delivered
5520,Grace  SEA,05-05-2024,Coffee Maker,Home,7,$59.99,Pending
5521,Mia  PDX,28-03-2024,Resistance Band,Sports,8,12.99,pending
5522,Charlie  CHI,03-07-2024,Socks,Clothing,2,9,Pending
5523,Leo  DEN,05-05-2024,Whiteboard,Office,1,$49.99,Delivered
5524,Eve  SF,24-01-2024,Notebook,Office,6,$8.99,returned
5525,Hank  BOS,10-03-2024,Headphones,Electronics,9,89.99,RETURNED
5526,Frank  DAL,10-14-2024,Smartphone,Electronics,6,699,cancelled
5527,Leo  DEN,03/19/2024,Jump Rope,Sports,2,9.99,Delivered
5528,Tina  BOS,10/13/24,Blanket,Home,7,34.99,delivered
5529,Leo  DEN,11-15-2024,Sneakers,Clothing,1,75,Pending
5530,Alice  NYC,01/14/24,Notebook,Office,8,9,shipped
5531,Alice  NYC,11-09-2024,Lamp,Home,9,39.99,Pending
5532,Mia  PDX,04-03-2024,Toaster,Home,3,30,Delivered
5533,Bob  LA,15-10-2024,Charger,Electronics,1,14,returned
5534,Hank  BOS,03/16/24,Socks,Clothing,2,10,pending
5535,Diana Prince,05/18/24,Sneakers,Clothing,7,75,pending
5536,Karen  ATL,05-27-2024,Dress,Clothing,3,$49.99,delivered
5537,Eve  SF,08/17/2024,"""Laptop""",Electronics,4,$799.99,pending
5538,Frank  DAL,10/17/24,"""Socks""",Clothing,10,9,cancelled
5539,Frank  DAL,04-04-2024,Blender,Home,8,44,Delivered
5540,Quinn  SF,20-08-2024,Rug,Home,9,89.99,RETURNED
5541,Charlie  CHI,11-01-2024,Smartphone,Electronics,8,699.99,Pending
5542,Hank  BOS,04-08-2024,Belt,Clothing,2,30,pending
5543,Paul  CHI,06/13/2024,Hat,Clothing,3,20,processing
5544,Olivia  LA,03/20/24,Jacket,Clothing,4,89.99,Delivered
5545,Tina  BOS,09/24/24,Jacket,Clothing,4,$89.99,cancelled
5546,Karen  ATL,15-03-2024,Sneakers,Clothing,1,75,delivered
5547,Jack  PHX,28-03-2024,Mouse,Electronics,5,25,RETURNED
5548,Frank  DAL,12-11-2024,Dress,Clothing,7,49,processing
5549,Sam  SEA,12/21/2024,"""Socks""",Clothing,7,$9.99,cancelled
5550,Olivia  LA,04/16/2024,Desk Lamp,Office,9,$34.99,shipped
5551,Sam  SEA,06-23-2024,Yoga Mat,Sports,10,29.99,delivered
5552,Ivy  MIA,12-24-2024,Lamp,Home,1,39.99,RETURNED
5553,Paul  CHI,13-10-2024,"""Sneakers""",Clothing,8,75,returned
5554,Tina  BOS,26-08-2024,Jump Rope,Sports,8,10,pending
5555,Diana Prince,01/22/2024,Socks,Clothing,7,10,Pending
5556,Eve  SF,21-11-2024,Keyboard,Electronics,3,45,returned
5557,Bob  LA,02-06-2024,Whiteboard,Office,3,50,Pending
5558,Olivia  LA,26-01-2024,Yoga Mat,Sports,10,30,Pending
5559,Bob  LA,04-11-2024,Blanket,Home,5,35,delivered
5560,Ivy  MIA,22-04-2024,Jacket,Clothing,2,90,delivered
5561,Grace  SEA,03-02-2024,Stapler,Office,5,$15.99,returned
5562,Nate  NYC,02-09-2024,Charger,Electronics,6,$14.99,pending
5563,Frank  DAL,08-10-2024,Blanket,Home,5,34,delivered
5564,Mia  PDX,08/26/24,Hat,Clothing,4,19.99,shipped
5565,Bob  LA,05-01-2024,Mouse,Electronics,5,25,Pending
5566,Jack  PHX,10/27/24,Mouse,Electronics,8,25,delivered
5567,Sam  SEA,05/30/2024,Laptop,Electronics,4,799.99,pending
5568,Jack  PHX,29-01-2024,TShirt,Clothing,7,25,returned
5569,Bob  LA,01-05-2024,"""Desk Lamp""",Office,6,35,returned
5570,Quinn  SF,08-08-2024,"""Jump Rope""",Sports,7,9.99,RETURNED
5571,Ivy  MIA,07/25/24,Dumbbell,Sports,2,40,RETURNED
5572,Eve  SF,04/27/2024,Coffee Maker,Home,2,60,Pending
5573,Karen  ATL,05-11-2024,USB Hub,Electronics,8,19.99,RETURNED
5574,Ivy  MIA,06-01-2024,Blender,Home,7,45,shipped
5575,Karen  ATL,04-05-2024,Laptop,Electronics,8,799.99,delivered
5576,Karen  ATL,06-02-2024,Running Shoes,Sports,6,$89.99,processing
5577,Bob  LA,07/27/24,Toaster,Home,4,$29.99,returned
ORD-5578,Sam  SEA,20-02-2024,Resistance Band,Sports,2,12.99,delivered
5579,Tina  BOS,12/28/24,Yoga Mat,Sports,10,29,pending
5580,Frank  DAL,05-11-2024,Blanket,Home,6,34.99,pending
5581,Ivy  MIA,06-08-2024,Whiteboard,Office,3,49,pending
5582,Rose  DAL,02-02-2024,Rug,Home,5,89.99,delivered
5583,Frank  DAL,10-01-2024,Belt,Clothing,5,$29.99,shipped
5584,Tina  BOS,09-09-2024,Clock,Home,2,19.99,processing
5585,Eve  SF,02-12-2024,Smartphone,Electronics,4,700,cancelled
5586,Diana  NYC,09-08-2024,"""Toaster""",Home,3,$29.99,returned
5587,Mia  PDX,06/15/24,Mouse,Electronics,3,25,pending
5588,Mia  PDX,02/14/24,Water Bottle,Sports,7,14.99,processing
ORD-5589,Hank  BOS,09-04-2024,Dumbbell,Sports,8,39,Pending
5590,Quinn  SF,23-01-2024,Sneakers,Clothing,10,75,Pending
5591,Paul  CHI,06/22/24,"""Whiteboard""",Office,1,49.99,delivered
5592,Bob  LA,19-01-2024,Dumbbell,Sports,10,39.99,RETURNED
5593,Jack  PHX,05-03-2024,Charger,Electronics,5,14.99,cancelled
5594,Mia  PDX,22-01-2024,Keyboard,Electronics,10,45,Pending
5595,Diana  NYC,10-01-2024,Yoga Mat,Sports,5,29.99,Pending
5596,Ivy  MIA,14-08-2024,Jacket,Clothing,2,89,returned
5597,Paul  CHI,06-04-2024,"""Whiteboard""",Office,1,50,RETURNED
5598,Grace  SEA,03/31/2024,Webcam,Electronics,6,$59.99,RETURNED
5599,Rose  DAL,01-31-2024,"""Water Bottle""",Sports,4,14.99,Pending
5600,Rose  DAL,06/15/24,Binder,Office,6,$5.99,RETURNED
5601,Paul  CHI,03/28/24,Dumbbell,Sports,9,39.99,shipped
5602,Alice Smith,05-07-2024,Yoga Mat,Sports,2,29.99,delivered
5603,Hank  BOS,22-10-2024,"""USB Hub""",Electronics,10,19.99,RETURNED
5604,Quinn  SF,10/15/24,Pen Set,Office,7,12.99,shipped
5605,Ivy  MIA,09-12-2024,Yoga Mat,Sports,10,30,returned
5606,Eve  SF,08-08-2024,Belt,Clothing,8,$29.99,delivered
5607,Bob  LA,28-11-2024,Coffee Maker,Home,3,59.99,Pending
5608,Karen  ATL,16-09-2024,Smartphone,Electronics,7,699.99,Delivered
5609,Tina  BOS,06-29-2024,Sneakers,Clothing,8,75,returned
5610,Frank  DAL,05-10-2024,Calculator,Office,5,25,cancelled
5611,Olivia  LA,17-06-2024,Coffee Maker,Home,1,59.99,RETURNED
5612,Olivia  LA,21-04-2024,Rug,Home,2,89.99,pending
5613,Alice Smith,03-21-2024,Stapler,Office,9,16,Delivered
5614,Charlie  CHI,07/25/24,Jeans,Clothing,7,59,processing
5615,Nate  NYC,09/15/2024,USB Hub,Electronics,7,20,shipped
5616,Frank  DAL,03-07-2024,Socks,Clothing,6,9.99,cancelled
5617,Karen  ATL,12-18-2024,Headphones,Electronics,6,89.99,processing
5618,Quinn  SF,01-12-2024,Dress,Clothing,7,49.99,returned
5619,Jack  PHX,04-25-2024,Coffee Maker,Home,7,60,processing
5620,Hank  BOS,11-03-2024,"""Desk Lamp""",Office,1,34,delivered
5621,Quinn  SF,02-01-2024,Water Bottle,Sports,2,15,cancelled
5622,Hank  BOS,03/17/2024,"""Whiteboard""",Office,10,N/A,Delivered
5623,Charlie  CHI,29-11-2024,Belt,Clothing,2,30,Delivered
5624,Leo  DEN,04-12-2024,Desk Lamp,Office,3,34.99,RETURNED
ORD-5625,Bob  LA,19-06-2024,Tablet,Electronics,8,349,delivered
5626,Karen  ATL,11-29-2024,Calculator,Office,7,24.99,Pending
5627,Grace  SEA,05/23/24,Blender,Home,5,44,RETURNED
5628,Charlie  CHI,12/28/24,Jacket,Clothing,7,89,Delivered
5629,Frank  DAL,08-02-2024,Desk Lamp,Office,9,35,processing
5630,Olivia  LA,13-05-2024,Clock,Home,7,19.99,delivered
5631,Ivy  MIA,10-28-2024,Water Bottle,Sports,1,14.99,RETURNED
5632,Quinn  SF,05-07-2024,Binder,Office,8,5.99,shipped
5633,Mia  PDX,24-05-2024,Keyboard,Electronics,8,45,returned
5634,Olivia  LA,01-07-2024,Keyboard,Electronics,3,45,RETURNED
5635,Hank  BOS,08-07-2024,Clock,Home,3,19,RETURNED
5636,Ivy  MIA,02-07-2024,Desk Lamp,Office,6,34.99,cancelled
5637,Jack  PHX,08-12-2024,Jacket,Clothing,10,90,RETURNED
5638,Ivy  MIA,12-04-2024,Lamp,Home,4,39.99,returned
5639,Olivia  LA,05-02-2024,Dumbbell,Sports,1,40,processing
5640,Eve  SF,29-04-2024,"""Water Bottle""",Sports,6,14.99,Delivered
5641,Eve  SF,11-06-2024,Running Shoes,Sports,4,89.99,Delivered
5642,Frank  DAL,04-01-2024,Keyboard,Electronics,5,45,Pending
5643,Mia  PDX,03-10-2024,Running Shoes,Sports,10,89.99,Pending
5644,Ivy  MIA,02/23/24,Belt,Clothing,8,29,RETURNED
5645,Olivia  LA,07-25-2024,Yoga Mat,Sports,7,29.99,returned
ORD-5646,Grace  SEA,04-11-2024,Blender,Home,9,44,Delivered
5647,Grace  SEA,07/31/24,Running Shoes,Sports,7,89,Pending
5648,Mia  PDX,07-20-2024,Resistance Band,Sports,7,12,returned
5649,Frank  DAL,09-09-2024,Running Shoes,Sports,3,90,processing
5650,Bob  LA,22-11-2024,Blender,Home,8,44.99,processing
5651,Leo  DEN,08-04-2024,Socks,Clothing,6,$9.99,pending
5652,Bob  LA,08-14-2024,Charger,Electronics,2,$14.99,Delivered
5653,Eve  SF,09-22-2024,Blender,Home,6,45,pending
5654,Rose  DAL,01-01-2024,"""Jump Rope""",Sports,2,9.99,delivered
5655,Paul  CHI,19-02-2024,Dumbbell,Sports,2,$39.99,Delivered
5656,Rose  DAL,24-04-2024,Blanket,Home,6,34.99,cancelled
5657,Frank  DAL,23-12-2024,Laptop,Electronics,6,800,shipped
5658,Tina  BOS,17-08-2024,Resistance Band,Sports,6,12.99,delivered
5659,Paul  CHI,01/22/24,Toaster,Home,4,$29.99,Delivered
5660,Grace  SEA,08/29/2024,Binder,Office,4,5,processing
5661,Hank  BOS,06-07-2024,Pillow,Home,5,25,processing
5662,Alice  NYC,10-16-2024,Jacket,Clothing,8,$89.99,delivered
5663,Alice Smith,02-09-2024,Jump Rope,Sports,10,$9.99,pending
5664,Ivy  MIA,03/27/24,Notebook,Office,8,8.99,cancelled
5665,Eve  SF,03/18/2024,Keyboard,Electronics,4,45,processing
5666,Tina  BOS,14-11-2024,Mouse,Electronics,1,25,Delivered
5667,Nate  NYC,01-18-2024,Yoga Mat,Sports,7,29.99,delivered
5668,Alice Smith,02-10-2024,Chair,Office,9,199.99,returned
5669,Ivy  MIA,05-14-2024,"""Hat""",Clothing,6,19,pending
5670,Diana Prince,03-07-2024,Chair,Office,10,199.99,returned
5671,Paul  CHI,11-04-2024,Charger,Electronics,10,14.99,cancelled
5672,Charlie  CHI,10-01-2024,Lamp,Home,10,$39.99,Delivered
5673,Grace  SEA,09/23/24,Charger,Electronics,2,14,returned
5674,Karen  ATL,04/17/2024,"""Hat""",Clothing,7,20,Delivered
5675,Grace  SEA,25-10-2024,Water Bottle,Sports,1,14.99,delivered
5676,Leo  DEN,08-09-2024,TShirt,Clothing,3,25,Delivered
ORD-5677,Rose  DAL,06-02-2024,Running Shoes,Sports,9,89.99,shipped
5678,Nate  NYC,10-18-2024,Whiteboard,Office,2,49,pending
5679,Bob  LA,07-08-2024,"""Blanket""",Home,10,$34.99,returned
5680,Hank  BOS,08/13/24,Yoga Mat,Sports,7,29,RETURNED
5681,Quinn  SF,12-21-2024,Binder,Office,1,6,Delivered
5682,Alice Smith,06/16/2024,Running Shoes,Sports,10,$89.99,RETURNED
5683,Grace  SEA,19-08-2024,Yoga Mat,Sports,1,$29.99,cancelled
5684,Eve  SF,06-30-2024,Resistance Band,Sports,5,12.99,delivered
5685,Quinn  SF,30-10-2024,Yoga Mat,Sports,5,29.99,returned
ORD-5686,Alice  NYC,09-10-2024,Smartphone,Electronics,7,699.99,delivered
5687,Ivy  MIA,12-15-2024,Chair,Office,2,$199.99,Delivered
5688,Diana Prince,06-16-2024,Jump Rope,Sports,3,10,Pending
5689,Leo  DEN,04-10-2024,Chair,Office,3,199.99,delivered
5690,Bob  LA,25-02-2024,Jeans,Clothing,10,60,Pending
5691,Diana  NYC,26-07-2024,Desk Lamp,Office,1,34.99,pending
5692,Nate  NYC,06-01-2024,Jeans,Clothing,7,59.99,returned
5693,Bob  LA,03-03-2024,Keyboard,Electronics,4,45,shipped
5694,Mia  PDX,04/23/2024,Binder,Office,4,$5.99,cancelled
5695,Jack  PHX,09/15/24,Dress,Clothing,3,$49.99,shipped
ORD-5696,Tina  BOS,06/24/2024,Desk Lamp,Office,10,34.99,RETURNED
5697,Ivy  MIA,18-06-2024,USB Hub,Electronics,7,$19.99,shipped
5698,Alice  NYC,07-09-2024,Toaster,Home,2,29.99,returned
5699,Leo  DEN,22-06-2024,Resistance Band,Sports,2,13,returned
5700,Sam  SEA,16-11-2024,Stapler,Office,5,$15.99,pending
5701,Paul  CHI,11-25-2024,Jump Rope,Sports,9,9,processing
5702,Frank  DAL,15-07-2024,Jeans,Clothing,8,$59.99,returned
5703,Hank  BOS,09/21/24,TShirt,Clothing,6,25,cancelled
5704,Leo  DEN,04/21/24,Toaster,Home,4,29.99,pending
5705,Charlie  CHI,05-08-2024,Mouse,Electronics,2,25,Delivered
5706,Jack  PHX,12-05-2024,Coffee Maker,Home,6,60,pending
5707,Paul  CHI,26-08-2024,Keyboard,Electronics,5,45,shipped
5708,Quinn  SF,27-11-2024,Socks,Clothing,10,9,returned
5709,Leo  DEN,13-07-2024,Rug,Home,10,89.99,pending
5710,Mia  PDX,02/27/24,Water Bottle,Sports,1,14,Delivered
5711,Bob  LA,14-03-2024,Stapler,Office,2,15.99,delivered
5712,Eve  SF,10-09-2024,Desk Lamp,Office,3,$34.99,Delivered
5713,Diana  NYC,06-06-2024,USB Hub,Electronics,10,19,Pending
5714,Bob  LA,02-04-2024,Charger,Electronics,10,15,returned
5715,Rose  DAL,01-03-2024,Sneakers,Clothing,4,75,RETURNED
5716,Quinn  SF,01-04-2024,Hat,Clothing,4,19,RETURNED
5717,Rose  DAL,05-02-2024,Binder,Office,4,5,shipped
5718,Paul  CHI,11/17/24,Smartphone,Electronics,6,699,returned
5719,Paul  CHI,05/13/2024,"""Chair""",Office,3,199,Delivered
5720,Jack  PHX,26-05-2024,Pillow,Home,7,24.99,processing
5721,Olivia  LA,27-03-2024,"""Resistance Band""",Sports,2,12.99,shipped
5722,Jack  PHX,29-05-2024,Blanket,Home,8,34.99,pending
5723,Hank  BOS,11-06-2024,Jeans,Clothing,9,59.99,shipped
5724,Jack  PHX,04-12-2024,Socks,Clothing,6,10,shipped
5725,Alice  NYC,07-06-2024,"""Running Shoes""",Sports,8,89.99,RETURNED
5726,Alice  NYC,18-03-2024,Tablet,Electronics,5,349.99,pending
5727,Sam  SEA,27-01-2024,Socks,Clothing,3,10,RETURNED
5728,Frank  DAL,08-08-2024,Tablet,Electronics,9,350,pending
ORD-5729,Mia  PDX,09-15-2024,Dress,Clothing,5,$49.99,pending
5730,Eve  SF,22-01-2024,Laptop,Electronics,10,799,pending
5731,Frank  DAL,14-11-2024,Headphones,Electronics,7,89.99,shipped
5732,Olivia  LA,20-10-2024,Laptop,Electronics,3,799.99,Pending
5733,Tina  BOS,06/26/24,TShirt,Clothing,1,25,Pending
5734,Mia  PDX,19-05-2024,Webcam,Electronics,9,60,pending
5735,Ivy  MIA,12-12-2024,Pen Set,Office,1,12.99,delivered
5736,Mia  PDX,05-05-2024,"""Headphones""",Electronics,7,$89.99,returned
ORD-5737,Diana  NYC,10-29-2024,Lamp,Home,7,39,Pending
5738,Quinn  SF,04-01-2024,Jeans,Clothing,4,60,delivered
5739,Bob  LA,08-22-2024,Jeans,Clothing,1,59,pending
5740,Olivia  LA,23-07-2024,Jump Rope,Sports,10,$9.99,Delivered
5741,Mia  PDX,08-18-2024,Rug,Home,8,89.99,processing
5742,Quinn  SF,03/29/2024,Mouse,Electronics,1,25,pending
5743,Quinn  SF,23-01-2024,Jacket,Clothing,8,90,Delivered
5744,Alice  NYC,07/23/2024,Jacket,Clothing,9,89.99,Delivered
5745,Ivy  MIA,19-11-2024,Hat,Clothing,6,20,pending
5746,Hank  BOS,01-06-2024,Resistance Band,Sports,3,12.99,returned
5747,Tina  BOS,01-26-2024,Headphones,Electronics,7,89.99,Pending
5748,Leo  DEN,07-09-2024,Charger,Electronics,5,$14.99,delivered
5749,Nate  NYC,03-27-2024,"""Webcam""",Electronics,6,59,shipped
5750,Ivy  MIA,05/30/2024,Whiteboard,Office,7,49.99,RETURNED
5751,Charlie  CHI,03-31-2024,USB Hub,Electronics,7,$19.99,Pending
5752,Charlie  CHI,06/26/2024,Tablet,Electronics,2,$349.99,pending
5753,Frank  DAL,03-15-2024,Yoga Mat,Sports,5,$29.99,pending
5754,Hank  BOS,14-02-2024,Smartphone,Electronics,8,699,Pending
5755,Paul  CHI,11-08-2024,Whiteboard,Office,9,$49.99,delivered
5756,Rose  DAL,09-18-2024,Notebook,Office,4,8,Pending
ORD-5757,Diana  NYC,26-07-2024,Dumbbell,Sports,7,39.99,processing
5758,Alice  NYC,01-26-2024,Binder,Office,1,5.99,pending
5759,Leo  DEN,08/28/24,Hat,Clothing,1,20,pending
5760,Hank  BOS,29-08-2024,Blender,Home,2,$44.99,shipped
5761,Paul  CHI,14-11-2024,Jacket,Clothing,7,89.99,RETURNED
5762,Paul  CHI,10/20/2024,Sneakers,Clothing,4,75,cancelled
5763,Jack  PHX,11-11-2024,Toaster,Home,9,29.99,processing
5764,Nate  NYC,11-03-2024,Yoga Mat,Sports,9,29.99,processing
5765,Ivy  MIA,16-03-2024,Sneakers,Clothing,3,75,Delivered
5766,Eve  SF,09-03-2024,Chair,Office,8,$199.99,pending
5767,Eve  SF,19-02-2024,Whiteboard,Office,6,49.99,cancelled
ORD-5768,Frank  DAL,06/22/24,Blanket,Home,2,34,Pending
5769,Mia  PDX,24-10-2024,Whiteboard,Office,4,$49.99,Pending
5770,Alice  NYC,26-07-2024,Calculator,Office,3,24.99,Delivered
5771,Paul  CHI,08-20-2024,"""Smartphone""",Electronics,3,699.99,cancelled
5772,Diana  NYC,07-05-2024,Smartphone,Electronics,7,700,Pending
5773,Nate  NYC,22-08-2024,Jump Rope,Sports,2,9,RETURNED
5774,Tina  BOS,07/30/2024,Yoga Mat,Sports,10,29,shipped
5775,Frank  DAL,06/26/24,Blanket,Home,10,34.99,Delivered
5776,Alice  NYC,23-02-2024,Dress,Clothing,5,49.99,pending
5777,Diana  NYC,04-02-2024,Blanket,Home,5,$34.99,returned
5778,Jack  PHX,02/17/2024,Charger,Electronics,4,14.99,delivered
5779,Ivy  MIA,29-10-2024,Tablet,Electronics,1,$349.99,processing
5780,Rose  DAL,02/21/24,Running Shoes,Sports,3,89,Delivered
5781,Karen  ATL,04/25/24,Socks,Clothing,4,10,shipped
5782,Tina  BOS,13-05-2024,USB Hub,Electronics,4,20,returned
5783,Ivy  MIA,14-06-2024,Sneakers,Clothing,9,$75.00,returned
5784,Nate  NYC,10/18/2024,"""Jacket""",Clothing,9,$89.99,Delivered
5785,Rose  DAL,08-01-2024,Dress,Clothing,2,49.99,returned
5786,Quinn  SF,11-05-2024,Toaster,Home,5,29.99,returned
5787,Karen  ATL,08-10-2024,"""Lamp""",Home,4,39.99,cancelled
5788,Jack  PHX,05-19-2024,USB Hub,Electronics,1,20,cancelled
ORD-5789,Alice  NYC,24-12-2024,Hat,Clothing,3,19,shipped
5790,Tina  BOS,08/20/2024,Desk Lamp,Office,3,34.99,Delivered
5791,Mia  PDX,03/13/24,Toaster,Home,7,29,Delivered
5792,Nate  NYC,08/15/2024,Jeans,Clothing,2,59,shipped
5793,Rose  DAL,11-07-2024,Calculator,Office,1,24.99,RETURNED
5794,Diana  NYC,22-02-2024,Whiteboard,Office,5,49,returned
5795,Hank  BOS,12-07-2024,Notebook,Office,8,$8.99,RETURNED
5796,Olivia  LA,05-12-2024,"""Running Shoes""",Sports,5,89.99,RETURNED
5797,Bob  LA,17-09-2024,Pillow,Home,1,$24.99,RETURNED
5798,Quinn  SF,09-05-2024,Monitor,Electronics,10,299,cancelled
5799,Jack  PHX,25-08-2024,Whiteboard,Office,2,49.99,Pending
5800,Leo  DEN,06-09-2024,Toaster,Home,5,$29.99,cancelled
5801,Frank  DAL,07-08-2024,Mouse,Electronics,2,25,RETURNED
5802,Karen  ATL,12-06-2024,Dress,Clothing,1,49,processing
5803,Quinn  SF,11-06-2024,Dress,Clothing,4,49.99,shipped
5804,Quinn  SF,06-02-2024,Pen Set,Office,4,12.99,returned
5805,Sam  SEA,06-07-2024,Stapler,Office,6,16,Pending
5806,Mia  PDX,12-01-2024,Socks,Clothing,1,10,pending
ORD-5807,Paul  CHI,08-08-2024,Coffee Maker,Home,5,59,cancelled
5808,Olivia  LA,15-01-2024,Clock,Home,1,19.99,RETURNED
5809,Diana  NYC,07/27/24,Notebook,Office,4,9,RETURNED
5810,Ivy  MIA,03-18-2024,"""Tablet""",Electronics,3,349.99,delivered
5811,Karen  ATL,01/23/24,"""TShirt""",Clothing,10,25,returned
5812,Ivy  MIA,08-07-2024,Toaster,Home,1,30,pending
5813,Quinn  SF,02-09-2024,Yoga Mat,Sports,8,30,RETURNED
5814,Rose  DAL,11/20/2024,Hat,Clothing,4,$19.99,processing
5815,Nate  NYC,04-12-2024,Yoga Mat,Sports,5,29.99,processing
5816,Charlie  CHI,04-12-2024,USB Hub,Electronics,7,20,delivered
5817,Sam  SEA,14-04-2024,Pen Set,Office,8,$12.99,cancelled
5818,Bob  LA,11/16/2024,Blender,Home,3,44.99,pending
5819,Mia  PDX,27-09-2024,Pillow,Home,4,24.99,shipped
5820,Quinn  SF,04/30/2024,Laptop,Electronics,1,$799.99,processing
5821,Mia  PDX,08/18/2024,Coffee Maker,Home,3,60,RETURNED
5822,Leo  DEN,27-06-2024,Pen Set,Office,10,$12.99,shipped
5823,Quinn  SF,01-09-2024,Resistance Band,Sports,3,13,cancelled
5824,Ivy  MIA,11/14/24,TShirt,Clothing,8,25,Delivered
5825,Tina  BOS,03-11-2024,Monitor,Electronics,6,299,Pending
5826,Tina  BOS,15-07-2024,Running Shoes,Sports,2,89.99,cancelled
5827,Quinn  SF,12-08-2024,Lamp,Home,5,39.99,pending
5828,Sam  SEA,12-10-2024,Resistance Band,Sports,3,$12.99,processing
5829,Karen  ATL,13-12-2024,"""Mouse""",Electronics,2,25,Delivered
5830,Rose  DAL,07-06-2024,"""Toaster""",Home,5,29.99,processing
5831,Olivia  LA,06/17/2024,Jacket,Clothing,8,89,delivered
5832,Ivy  MIA,04-16-2024,Resistance Band,Sports,2,12.99,delivered
5833,Diana  NYC,03/17/2024,Belt,Clothing,2,29.99,shipped
5834,Karen  ATL,08-08-2024,Lamp,Home,2,$39.99,shipped
5835,Bob  LA,12/25/24,Water Bottle,Sports,4,$14.99,pending
5836,Diana  NYC,03/30/24,Rug,Home,10,89.99,pending
5837,Nate  NYC,10-14-2024,Sneakers,Clothing,10,75,RETURNED
5838,Leo  DEN,11-02-2024,Charger,Electronics,10,15,Delivered
5839,Charlie  CHI,10-04-2024,Lamp,Home,8,39,processing
5840,Frank  DAL,07-08-2024,Blanket,Home,6,34.99,shipped
5841,Sam  SEA,03-01-2024,Calculator,Office,1,25,Pending
5842,Bob  LA,06/21/24,Running Shoes,Sports,7,90,returned
5843,Alice  NYC,06-07-2024,Socks,Clothing,8,9.99,Pending
5844,Tina  BOS,02-06-2024,Notebook,Office,9,8.99,Pending
5845,Mia  PDX,08-01-2024,"""Socks""",Clothing,5,9.99,shipped
ORD-5846,Frank  DAL,04-04-2024,Dumbbell,Sports,3,39.99,processing
5847,Sam  SEA,09-09-2024,Chair,Office,7,$199.99,cancelled
5848,Diana  NYC,06-10-2024,Calculator,Office,8,24.99,pending
5849,Karen  ATL,04-24-2024,Resistance Band,Sports,9,13,RETURNED
5850,Jack  PHX,29-10-2024,Running Shoes,Sports,2,N/A,cancelled
5851,Tina  BOS,02-10-2024,Jacket,Clothing,8,90,delivered
5852,Bob  LA,05-07-2024,Tablet,Electronics,10,349,returned
5853,Tina  BOS,11-08-2024,Hat,Clothing,10,19.99,delivered
5854,Alice Smith,01-12-2024,Binder,Office,2,5.99,Delivered
5855,Leo  DEN,03-11-2024,Desk Lamp,Office,5,35,pending
5856,Jack  PHX,06-10-2024,Jump Rope,Sports,9,$9.99,RETURNED
5857,Bob  LA,27-12-2024,Water Bottle,Sports,6,14.99,Delivered
5858,Diana  NYC,02-01-2024,Dumbbell,Sports,8,39,Pending
5859,Alice  NYC,05/21/24,Blender,Home,7,44.99,cancelled
5860,Diana Prince,07/13/2024,Jump Rope,Sports,9,$9.99,RETURNED
5861,Leo  DEN,10/25/2024,Stapler,Office,1,15,pending
5862,Nate  NYC,15-01-2024,Webcam,Electronics,5,59.99,delivered
5863,Frank  DAL,02-09-2024,"""Laptop""",Electronics,4,800,delivered
5864,Ivy  MIA,20-06-2024,Running Shoes,Sports,10,89.99,cancelled
5865,Tina  BOS,14-04-2024,Socks,Clothing,7,$9.99,RETURNED
5866,Quinn  SF,12/27/2024,Pen Set,Office,9,12,shipped
5867,Diana  NYC,08/30/2024,Mouse,Electronics,4,$25.00,RETURNED
5868,Frank  DAL,18-11-2024,Headphones,Electronics,5,89.99,delivered
5869,Diana Prince,05-05-2024,Water Bottle,Sports,7,$14.99,shipped
5870,Tina  BOS,01/26/2024,"""Running Shoes""",Sports,3,$89.99,pending
5871,Bob  LA,02/27/2024,Jump Rope,Sports,4,10,shipped
ORD-5872,Rose  DAL,13-03-2024,Whiteboard,Office,1,50,delivered
5873,Frank  DAL,01/23/24,Jacket,Clothing,2,89,processing
5874,Hank  BOS,05-11-2024,Monitor,Electronics,5,$299.99,cancelled
5875,Bob  LA,04-24-2024,Toaster,Home,2,29,cancelled
5876,Quinn  SF,17-11-2024,Toaster,Home,1,29.99,pending
5877,Paul  CHI,02-11-2024,Jump Rope,Sports,7,$9.99,Pending
5878,Alice  NYC,08-03-2024,"""Toaster""",Home,3,29.99,delivered
ORD-5879,Mia  PDX,02-29-2024,Desk Lamp,Office,10,$34.99,RETURNED
ORD-5880,Diana Prince,12/18/2024,Chair,Office,7,199.99,RETURNED
5881,Eve  SF,11-05-2024,Smartphone,Electronics,10,699.99,Delivered
5882,Sam  SEA,03/16/24,Water Bottle,Sports,5,14,Delivered
5883,Jack  PHX,18-10-2024,Tablet,Electronics,7,$349.99,delivered
5884,Mia  PDX,05-09-2024,Chair,Office,7,200,processing
5885,Jack  PHX,30-09-2024,Socks,Clothing,9,9.99,Delivered
5886,Alice  NYC,12-02-2024,Dumbbell,Sports,5,$39.99,processing
5887,Charlie  CHI,12-11-2024,Yoga Mat,Sports,7,29.99,RETURNED
5888,Hank  BOS,03-03-2024,Clock,Home,3,19,Delivered
5889,Frank  DAL,09-26-2024,Socks,Clothing,1,$9.99,Delivered
5890,Frank  DAL,23-01-2024,Jacket,Clothing,8,$89.99,Delivered
5891,Tina  BOS,04-30-2024,"""Belt""",Clothing,1,29,cancelled
5892,Tina  BOS,07-09-2024,Water Bottle,Sports,4,$14.99,returned
5893,Quinn  SF,07-01-2024,Dumbbell,Sports,8,40,pending
5894,Hank  BOS,02-01-2024,Smartphone,Electronics,6,699.99,processing
5895,Quinn  SF,03-03-2024,Resistance Band,Sports,2,12.99,Delivered
5896,Diana  NYC,05-10-2024,Dumbbell,Sports,1,39,cancelled
5897,Sam  SEA,06-04-2024,Whiteboard,Office,5,$49.99,shipped
5898,Tina  BOS,04-04-2024,"""Headphones""",Electronics,10,$89.99,pending
5899,Grace  SEA,04/25/24,Laptop,Electronics,2,799,Pending
5900,Eve  SF,05-06-2024,TShirt,Clothing,8,$25.00,shipped
5901,Sam  SEA,06-07-2024,Blender,Home,2,$44.99,processing
5902,Nate  NYC,09-14-2024,Laptop,Electronics,2,799.99,shipped
5903,Ivy  MIA,07/15/2024,Jump Rope,Sports,1,9,returned
5904,Rose  DAL,07-01-2024,Charger,Electronics,9,14.99,Pending
5905,Bob  LA,01-11-2024,"""Yoga Mat""",Sports,5,30,shipped
ORD-5906,Bob  LA,29-08-2024,"""Sneakers""",Clothing,3,75,returned
5907,Bob  LA,06-08-2024,Rug,Home,6,89,shipped
5908,Hank  BOS,07-06-2024,Blender,Home,9,45,returned
5909,Hank  BOS,03-22-2024,Jeans,Clothing,2,59.99,Pending
5910,Paul  CHI,01-17-2024,"""Pen Set""",Office,10,12.99,returned
5911,Mia  PDX,10-12-2024,Coffee Maker,Home,7,59,processing
5912,Frank  DAL,20-07-2024,Jacket,Clothing,6,90,Delivered
5913,Hank  BOS,01-28-2024,Blender,Home,6,44.99,Pending
5914,Leo  DEN,22-03-2024,Stapler,Office,4,15,Pending
5915,Mia  PDX,07-02-2024,Jacket,Clothing,8,89,Delivered
5916,Sam  SEA,03/28/24,Whiteboard,Office,3,50,RETURNED
5917,Nate  NYC,27-01-2024,Socks,Clothing,8,9.99,Delivered
5918,Charlie  CHI,09/18/2024,Coffee Maker,Home,4,60,shipped
5919,Hank  BOS,04/30/2024,Coffee Maker,Home,7,60,RETURNED
5920,Charlie  CHI,17-02-2024,Chair,Office,5,199.99,delivered
5921,Ivy  MIA,01/14/2024,Coffee Maker,Home,7,59.99,processing
5922,Quinn  SF,13-05-2024,Whiteboard,Office,4,49,Delivered
5923,Olivia  LA,09-03-2024,Water Bottle,Sports,8,15,Delivered
5924,Sam  SEA,01-09-2024,Headphones,Electronics,9,$89.99,Pending
5925,Sam  SEA,24-11-2024,"""Jump Rope""",Sports,8,9.99,shipped
5926,Karen  ATL,25-07-2024,Yoga Mat,Sports,1,29.99,processing
5927,Tina  BOS,12-13-2024,Mouse,Electronics,10,$25.00,Delivered
5928,Charlie  CHI,03-28-2024,Resistance Band,Sports,8,13,shipped
5929,Alice  NYC,06-11-2024,Socks,Clothing,7,$9.99,processing
5930,Leo  DEN,05-05-2024,Desk Lamp,Office,1,34.99,returned
5931,Alice Smith,09-03-2024,Binder,Office,2,5.99,Delivered
5932,Bob  LA,10-17-2024,Lamp,Home,1,39,pending
5933,Quinn  SF,02-09-2024,"""Notebook""",Office,2,8,delivered
5934,Paul  CHI,10/29/24,Blender,Home,7,44,processing
5935,Hank  BOS,06/25/2024,USB Hub,Electronics,3,19,pending
5936,Nate  NYC,29-11-2024,"""Laptop""",Electronics,7,799.99,shipped
5937,Alice  NYC,08-07-2024,"""Coffee Maker""",Home,4,$59.99,Pending
5938,Charlie  CHI,08/20/24,"""Blender""",Home,6,$44.99,delivered
5939,Alice Smith,25-12-2024,Jacket,Clothing,2,$89.99,processing
5940,Tina  BOS,04-02-2024,Laptop,Electronics,2,799.99,cancelled
5941,Sam  SEA,02-03-2024,Clock,Home,9,19,returned
5942,Jack  PHX,18-03-2024,Pillow,Home,9,$24.99,returned
5943,Ivy  MIA,09-08-2024,Jump Rope,Sports,7,9.99,pending
ORD-5944,Paul  CHI,18-07-2024,Socks,Clothing,5,9.99,RETURNED
5945,Frank  DAL,05/14/2024,Jeans,Clothing,3,60,delivered
5946,Olivia  LA,13-03-2024,"""Jump Rope""",Sports,3,10,pending
5947,Hank  BOS,05/27/2024,Sneakers,Clothing,8,75,shipped
ORD-5948,Diana  NYC,02-16-2024,"""Jacket""",Clothing,1,89,pending
5949,Diana  NYC,06-06-2024,Clock,Home,8,20,pending
ORD-5950,Paul  CHI,09-11-2024,Pillow,Home,1,25,cancelled
5951,Sam  SEA,17-10-2024,Rug,Home,7,$89.99,delivered
5952,Tina  BOS,31-12-2024,Pen Set,Office,1,13,returned
5953,Jack  PHX,15-05-2024,Jump Rope,Sports,6,9.99,Pending
5954,Olivia  LA,06-25-2024,Monitor,Electronics,8,299.99,Delivered
5955,Quinn  SF,03-15-2024,Jacket,Clothing,8,$89.99,shipped
5956,Nate  NYC,28-05-2024,Chair,Office,5,199.99,Delivered
5957,Ivy  MIA,06-02-2024,TShirt,Clothing,3,25,Pending
5958,Sam  SEA,07-05-2024,Jacket,Clothing,4,$89.99,RETURNED
5959,Grace  SEA,31-07-2024,Toaster,Home,9,29.99,shipped
5960,Jack  PHX,10-07-2024,TShirt,Clothing,4,25,returned
5961,Olivia  LA,09-03-2024,"""Charger""",Electronics,6,14,returned
5962,Charlie  CHI,21-11-2024,Webcam,Electronics,9,59.99,pending
5963,Leo  DEN,06-10-2024,Stapler,Office,2,16,Pending
5964,Sam  SEA,12-01-2024,Pillow,Home,8,25,shipped
5965,Tina  BOS,01/20/2024,Jeans,Clothing,6,59.99,processing
5966,Bob  LA,12-03-2024,Jump Rope,Sports,1,9.99,shipped
5967,Alice  NYC,25-11-2024,Binder,Office,3,5,cancelled
5968,Quinn  SF,04/25/24,Jacket,Clothing,8,89,returned
5969,Charlie  CHI,08/31/24,Lamp,Home,10,39.99,Delivered
5970,Frank  DAL,09-12-2024,Stapler,Office,1,15,Pending
5971,Jack  PHX,30-07-2024,Running Shoes,Sports,9,89.99,Delivered
5972,Eve  SF,29-09-2024,Jump Rope,Sports,1,10,shipped
5973,Rose  DAL,28-10-2024,Calculator,Office,3,24.99,pending
5974,Karen  ATL,25-06-2024,Toaster,Home,5,30,delivered
5975,Ivy  MIA,07/23/24,Laptop,Electronics,10,799.99,returned
5976,Paul  CHI,26-06-2024,Chair,Office,10,199.99,processing
5977,Eve  SF,17-10-2024,Toaster,Home,4,$29.99,cancelled
5978,Alice Smith,06-20-2024,Socks,Clothing,4,9.99,RETURNED
5979,Grace  SEA,08-06-2024,Pillow,Home,6,$24.99,processing
5980,Paul  CHI,15-08-2024,Monitor,Electronics,2,299.99,returned
5981,Grace  SEA,11-19-2024,Hat,Clothing,5,19.99,returned
5982,Karen  ATL,08/31/24,Chair,Office,8,199.99,shipped
5983,Hank  BOS,02-12-2024,Dumbbell,Sports,9,39.99,RETURNED
5984,Ivy  MIA,08-11-2024,Socks,Clothing,8,$9.99,Delivered
5985,Grace  SEA,11-11-2024,Blender,Home,1,44.99,processing
5986,Rose  DAL,06/18/24,Blanket,Home,8,34,RETURNED
5987,Olivia  LA,15-07-2024,Charger,Electronics,6,14.99,returned
5988,Eve  SF,06/17/2024,Jump Rope,Sports,7,9.99,Delivered
5989,Nate  NYC,12-06-2024,Dumbbell,Sports,2,39.99,processing
5990,Alice Smith,05-05-2024,Jeans,Clothing,7,59.99,cancelled
5991,Leo  DEN,12-03-2024,Jump Rope,Sports,3,9.99,Pending
5992,Mia  PDX,20-09-2024,Tablet,Electronics,4,349.99,returned
5993,Jack  PHX,03-01-2024,Chair,Office,4,199.99,Delivered
5994,Olivia  LA,06/26/24,Blanket,Home,5,34,processing
5995,Mia  PDX,04-10-2024,Socks,Clothing,4,9,RETURNED
ORD-5996,Leo  DEN,01-30-2024,Water Bottle,Sports,1,14,RETURNED
5997,Mia  PDX,20-09-2024,USB Hub,Electronics,6,19.99,pending
5998,Bob  LA,16-07-2024,Water Bottle,Sports,4,$14.99,shipped
5999,Diana  NYC,11-12-2024,Pen Set,Office,5,12.99,cancelled
6000,Quinn  SF,01-04-2024,Socks,Clothing,7,9.99,returned
6001,Eve  SF,10-09-2024,Water Bottle,Sports,4,14.99,cancelled
6002,Sam  SEA,10/30/2024,"""Belt""",Clothing,2,29.99,cancelled
6003,Diana  NYC,30-07-2024,Water Bottle,Sports,3,14.99,delivered
6004,Quinn  SF,09/18/24,Lamp,Home,1,39.99,processing
6005,Olivia  LA,11-01-2024,Stapler,Office,3,16,RETURNED
6006,Quinn  SF,06/21/24,Jeans,Clothing,7,59,shipped
6007,Grace  SEA,10-18-2024,Charger,Electronics,8,15,returned
6008,Eve  SF,11-11-2024,Rug,Home,6,90,shipped
6009,Leo  DEN,26-02-2024,Dumbbell,Sports,7,40,cancelled
6010,Olivia  LA,03/29/2024,Webcam,Electronics,4,59,returned
6011,Grace  SEA,07/24/24,"""Socks""",Clothing,4,10,shipped
6012,Sam  SEA,07-08-2024,Water Bottle,Sports,5,15,Delivered
6013,Rose  DAL,02-24-2024,Water Bottle,Sports,9,$14.99,RETURNED
6014,Quinn  SF,01-30-2024,Clock,Home,1,20,returned
6015,Grace  SEA,20-12-2024,"""Lamp""",Home,7,40,Pending
6016,Hank  BOS,26-04-2024,Chair,Office,8,199.99,returned
6017,Hank  BOS,02/14/24,Running Shoes,Sports,4,90,Pending
6018,Olivia  LA,08-03-2024,Belt,Clothing,7,30,delivered
6019,Paul  CHI,14-12-2024,Sneakers,Clothing,7,75,shipped
6020,Diana Prince,02/27/2024,Jump Rope,Sports,8,9.99,pending
6021,Bob  LA,09-18-2024,"""Dress""",Clothing,4,50,shipped
6022,Diana  NYC,04/18/24,Pillow,Home,3,24.99,delivered
6023,Mia  PDX,08/31/2024,"""Lamp""",Home,9,40,processing
6024,Tina  BOS,16-11-2024,Resistance Band,Sports,6,12.99,RETURNED
6025,Sam  SEA,04-11-2024,Headphones,Electronics,2,89,Pending
6026,Tina  BOS,02/19/24,Toaster,Home,10,30,processing
6027,Grace  SEA,12-04-2024,Rug,Home,7,89.99,processing
6028,Alice Smith,11-24-2024,Hat,Clothing,6,19.99,delivered
6029,Eve  SF,27-07-2024,Headphones,Electronics,1,89,returned
6030,Hank  BOS,01-28-2024,Dress,Clothing,8,49,Pending
6031,Charlie  CHI,29-10-2024,Jump Rope,Sports,10,$9.99,delivered
6032,Karen  ATL,17-08-2024,Clock,Home,3,19.99,shipped
6033,Diana  NYC,04-02-2024,Socks,Clothing,6,9,cancelled
6034,Diana  NYC,11/24/2024,Sneakers,Clothing,5,75,RETURNED
6035,Charlie  CHI,22-01-2024,Laptop,Electronics,6,799.99,delivered
6036,Alice  NYC,20-04-2024,Pen Set,Office,8,12.99,Delivered
6037,Hank  BOS,06-08-2024,"""Sneakers""",Clothing,5,$75.00,Delivered
6038,Olivia  LA,08-02-2024,Resistance Band,Sports,7,$12.99,shipped
6039,Jack  PHX,10-03-2024,"""Dumbbell""",Sports,2,39,Delivered
6040,Eve  SF,09-08-2024,Pen Set,Office,6,12.99,Pending
6041,Hank  BOS,02-08-2024,Headphones,Electronics,2,89.99,returned
6042,Mia  PDX,06-11-2024,Headphones,Electronics,1,89,Pending
6043,Nate  NYC,19-02-2024,Belt,Clothing,8,29,returned
ORD-6044,Sam  SEA,06-12-2024,Jeans,Clothing,8,59.99,delivered
6045,Frank  DAL,06-21-2024,Water Bottle,Sports,5,15,shipped
6046,Jack  PHX,09/13/24,Laptop,Electronics,9,799,Pending
6047,Jack  PHX,07/31/2024,Chair,Office,2,199.99,Delivered
6048,Quinn  SF,10-24-2024,Desk Lamp,Office,1,$34.99,pending
6049,Mia  PDX,29-09-2024,Monitor,Electronics,6,299,Delivered
6050,Mia  PDX,05-27-2024,TShirt,Clothing,5,25,delivered
6051,Diana Prince,10-01-2024,Jacket,Clothing,8,90,returned
6052,Nate  NYC,23-05-2024,Socks,Clothing,1,9.99,RETURNED
6053,Olivia  LA,03-31-2024,Stapler,Office,7,15,Delivered
ORD-6054,Nate  NYC,09-03-2024,Dumbbell,Sports,9,39.99,delivered
6055,Ivy  MIA,18-11-2024,Running Shoes,Sports,5,89.99,cancelled
6056,Mia  PDX,04-13-2024,Dumbbell,Sports,4,39.99,processing
6057,Grace  SEA,10/24/2024,Pillow,Home,7,24.99,pending
6058,Diana  NYC,06-27-2024,Hat,Clothing,2,19,pending
6059,Bob  LA,05-10-2024,Running Shoes,Sports,4,89,cancelled
ORD-6060,Leo  DEN,05-10-2024,Resistance Band,Sports,7,12.99,Pending
6061,Grace  SEA,01/30/2024,Stapler,Office,10,16,Pending
6062,Eve  SF,25-07-2024,Toaster,Home,1,29,shipped
6063,Olivia  LA,09-03-2024,Water Bottle,Sports,4,14.99,processing
6064,Tina  BOS,10/20/2024,Water Bottle,Sports,7,14.99,cancelled
6065,Leo  DEN,05-11-2024,"""Blanket""",Home,7,$34.99,Pending
6066,Hank  BOS,02/25/2024,Calculator,Office,7,25,processing
ORD-6067,Tina  BOS,03/13/2024,Water Bottle,Sports,2,$14.99,Delivered
6068,Hank  BOS,11-02-2024,Toaster,Home,7,$29.99,RETURNED
6069,Eve  SF,10-10-2024,"""Jump Rope""",Sports,8,$9.99,cancelled
6070,Leo  DEN,07-08-2024,Laptop,Electronics,10,799.99,pending
6071,Ivy  MIA,11-11-2024,Notebook,Office,2,9,Delivered
6072,Olivia  LA,06-13-2024,Calculator,Office,4,25,Pending
6073,Tina  BOS,21-11-2024,Laptop,Electronics,10,799.99,shipped
6074,Frank  DAL,06-14-2024,Blanket,Home,7,34.99,cancelled
6075,Alice Smith,31-08-2024,Keyboard,Electronics,6,45,shipped
6076,Nate  NYC,07-02-2024,TShirt,Clothing,2,25,processing
6077,Tina  BOS,20-01-2024,USB Hub,Electronics,2,$19.99,RETURNED
6078,Bob  LA,28-09-2024,Resistance Band,Sports,6,13,cancelled
6079,Frank  DAL,04-03-2024,Chair,Office,7,200,pending
6080,Jack  PHX,11/14/2024,Resistance Band,Sports,2,$12.99,RETURNED
6081,Olivia  LA,10-09-2024,Dumbbell,Sports,1,$39.99,RETURNED
6082,Karen  ATL,07-08-2024,"""Tablet""",Electronics,7,349.99,delivered
6083,Grace  SEA,05/29/24,Mouse,Electronics,9,25,processing
6084,Charlie  CHI,04/27/2024,TShirt,Clothing,10,25,pending
6085,Karen  ATL,01-04-2024,Rug,Home,10,$89.99,processing
6086,Leo  DEN,10-13-2024,"""Jump Rope""",Sports,7,9.99,returned
6087,Eve  SF,09/27/2024,Headphones,Electronics,9,90,Pending
6088,Tina  BOS,10-31-2024,Smartphone,Electronics,5,699.99,processing
6089,Nate  NYC,11/24/24,"""Calculator""",Office,3,24,RETURNED
6090,Olivia  LA,04/25/24,Coffee Maker,Home,7,$59.99,delivered
6091,Mia  PDX,25-02-2024,Running Shoes,Sports,5,89,delivered
6092,Eve  SF,11-07-2024,"""Socks""",Clothing,7,10,delivered
6093,Leo  DEN,22-12-2024,Notebook,Office,6,9,Pending
6094,Rose  DAL,02/19/2024,Belt,Clothing,4,29.99,Delivered
6095,Hank  BOS,03/19/24,"""Resistance Band""",Sports,4,13,Pending
6096,Alice  NYC,06-02-2024,Keyboard,Electronics,5,45,pending
6097,Hank  BOS,07-03-2024,Mouse,Electronics,10,25,Pending
6098,Eve  SF,04-22-2024,Pillow,Home,9,24.99,delivered
6099,Rose  DAL,09/30/24,Whiteboard,Office,4,49,cancelled
6100,Grace  SEA,01-08-2024,Belt,Clothing,3,30,Pending
6101,Rose  DAL,01/21/24,Yoga Mat,Sports,6,29.99,delivered
6102,Rose  DAL,07-09-2024,Desk Lamp,Office,6,34,returned
6103,Ivy  MIA,10-03-2024,Running Shoes,Sports,6,89,processing
6104,Paul  CHI,28-02-2024,Pen Set,Office,9,12.99,returned
ORD-6105,Ivy  MIA,26-02-2024,Charger,Electronics,6,15,returned
6106,Nate  NYC,10-01-2024,Toaster,Home,7,29,RETURNED
6107,Karen  ATL,09-08-2024,Hat,Clothing,8,19,RETURNED
6108,Bob  LA,10/14/24,Dress,Clothing,3,$49.99,Pending
6109,Mia  PDX,27-11-2024,Chair,Office,2,199.99,returned
6110,Frank  DAL,31-01-2024,Hat,Clothing,6,19.99,cancelled
6111,Leo  DEN,08-08-2024,Jeans,Clothing,4,60,returned
6112,Alice Smith,08/21/2024,Jump Rope,Sports,5,10,cancelled
6113,Frank  DAL,08-11-2024,Running Shoes,Sports,7,89.99,processing
6114,Frank  DAL,12-04-2024,Jump Rope,Sports,9,10,returned
6115,Karen  ATL,16-08-2024,"""Blanket""",Home,8,35,delivered
6116,Grace  SEA,27-07-2024,Hat,Clothing,8,20,shipped
6117,Sam  SEA,05-14-2024,USB Hub,Electronics,4,20,RETURNED
6118,Quinn  SF,12-05-2024,Chair,Office,2,199.99,Delivered
6119,Eve  SF,04-02-2024,Pillow,Home,5,24.99,returned
6120,Bob  LA,05-06-2024,Blanket,Home,2,35,cancelled
6121,Paul  CHI,11-09-2024,"""Stapler""",Office,6,15,Delivered
6122,Diana  NYC,06-04-2024,Pen Set,Office,8,$12.99,Pending
6123,Quinn  SF,09/16/24,Yoga Mat,Sports,2,29,delivered
6124,Paul  CHI,22-02-2024,Calculator,Office,5,25,RETURNED
6125,Sam  SEA,09-06-2024,Whiteboard,Office,4,49.99,Pending
6126,Olivia  LA,30-09-2024,Rug,Home,9,89.99,cancelled
6127,Quinn  SF,04-10-2024,Blanket,Home,8,$34.99,delivered
6128,Alice  NYC,01-12-2024,Blanket,Home,1,$34.99,Pending
6129,Ivy  MIA,19-09-2024,Charger,Electronics,9,14.99,cancelled
6130,Alice Smith,04-03-2024,Pillow,Home,3,24,cancelled
6131,Hank  BOS,28-11-2024,"""Jump Rope""",Sports,4,$9.99,delivered
6132,Bob  LA,02-08-2024,Socks,Clothing,3,$9.99,Delivered
6133,Bob  LA,07-04-2024,Desk Lamp,Office,10,34,RETURNED
6134,Leo  DEN,20-11-2024,Water Bottle,Sports,7,14.99,delivered
6135,Tina  BOS,15-02-2024,Toaster,Home,1,30,cancelled
6136,Mia  PDX,10-08-2024,Charger,Electronics,2,$14.99,Pending
6137,Bob  LA,01/21/24,Socks,Clothing,3,9,Pending
6138,Sam  SEA,08/24/2024,Sneakers,Clothing,4,75,cancelled
6139,Tina  BOS,03-26-2024,Jump Rope,Sports,9,9.99,RETURNED
6140,Paul  CHI,15-08-2024,Lamp,Home,5,39.99,RETURNED
6141,Karen  ATL,08-11-2024,Resistance Band,Sports,10,13,processing
6142,Paul  CHI,02-10-2024,"""Calculator""",Office,2,24.99,pending
6143,Hank  BOS,04-01-2024,Water Bottle,Sports,4,15,Delivered
6144,Quinn  SF,05/27/2024,Chair,Office,6,199,processing
6145,Hank  BOS,18-03-2024,Dumbbell,Sports,3,40,Delivered
6146,Tina  BOS,02-02-2024,Desk Lamp,Office,6,$34.99,returned
6147,Jack  PHX,10/20/2024,Coffee Maker,Home,7,59.99,pending
6148,Ivy  MIA,01-09-2024,Calculator,Office,7,24.99,delivered
6149,Charlie  CHI,04/17/2024,TShirt,Clothing,2,$25.00,RETURNED
6150,Diana Prince,30-06-2024,Pillow,Home,3,24.99,returned
6151,Eve  SF,28-02-2024,Pillow,Home,7,$24.99,Delivered
6152,Paul  CHI,09-07-2024,Headphones,Electronics,10,89,shipped
6153,Quinn  SF,04-16-2024,Mouse,Electronics,10,25,Pending
6154,Frank  DAL,07/31/2024,Hat,Clothing,6,20,delivered
6155,Mia  PDX,08/15/24,Running Shoes,Sports,1,90,shipped
6156,Grace  SEA,08/20/2024,Webcam,Electronics,6,$59.99,shipped
ORD-6157,Frank  DAL,05/25/24,Keyboard,Electronics,6,45,cancelled
6158,Tina  BOS,07-10-2024,Water Bottle,Sports,2,14.99,shipped
6159,Nate  NYC,04/21/2024,Water Bottle,Sports,10,14.99,returned
6160,Diana  NYC,07/18/24,Jump Rope,Sports,8,10,pending
6161,Charlie  CHI,06/21/24,Laptop,Electronics,2,800,shipped
6162,Karen  ATL,06-19-2024,Pillow,Home,8,$24.99,cancelled
6163,Paul  CHI,13-09-2024,Resistance Band,Sports,7,12,processing
6164,Rose  DAL,02-04-2024,"""Desk Lamp""",Office,7,$34.99,Pending
6165,Charlie  CHI,25-07-2024,Jump Rope,Sports,4,9.99,Delivered
6166,Charlie  CHI,12/14/24,Calculator,Office,1,$24.99,pending
6167,Sam  SEA,07-10-2024,Running Shoes,Sports,10,90,shipped
6168,Karen  ATL,21-02-2024,Desk Lamp,Office,3,$34.99,Delivered
6169,Frank  DAL,24-01-2024,Socks,Clothing,9,9,pending
6170,Alice  NYC,11/30/2024,Yoga Mat,Sports,5,29.99,returned
6171,Jack  PHX,06/27/24,Notebook,Office,1,8.99,returned
6172,Ivy  MIA,31-07-2024,Stapler,Office,7,$15.99,returned
6173,Frank  DAL,12/24/2024,Calculator,Office,5,$24.99,pending
6174,Grace  SEA,01/14/2024,Coffee Maker,Home,3,60,returned
6175,Ivy  MIA,19-08-2024,Hat,Clothing,6,$19.99,processing
6176,Alice  NYC,06-06-2024,Running Shoes,Sports,3,$89.99,Pending
6177,Ivy  MIA,03/23/24,Yoga Mat,Sports,8,29.99,shipped
6178,Alice  NYC,11/14/24,Socks,Clothing,2,10,returned
ORD-6179,Grace  SEA,02-05-2024,Coffee Maker,Home,6,$59.99,shipped
6180,Mia  PDX,08-23-2024,Belt,Clothing,6,29.99,RETURNED
6181,Charlie  CHI,01/13/24,Mouse,Electronics,4,$25.00,cancelled
6182,Frank  DAL,04-07-2024,Rug,Home,5,89.99,returned
6183,Leo  DEN,03-21-2024,Pillow,Home,9,25,Pending
6184,Grace  SEA,15-04-2024,"""Desk Lamp""",Office,10,34.99,returned
6185,Leo  DEN,09-11-2024,Desk Lamp,Office,7,34,cancelled
6186,Nate  NYC,03-27-2024,"""Socks""",Clothing,5,10,processing
6187,Eve  SF,04-05-2024,Desk Lamp,Office,9,35,shipped
6188,Sam  SEA,06-10-2024,Binder,Office,8,5,cancelled
6189,Hank  BOS,04-01-2024,Charger,Electronics,7,15,Delivered
6190,Grace  SEA,13-05-2024,Webcam,Electronics,3,60,processing
6191,Olivia  LA,11/20/24,Mouse,Electronics,3,25,cancelled
6192,Sam  SEA,05-11-2024,Laptop,Electronics,3,799,cancelled
6193,Nate  NYC,26-07-2024,Belt,Clothing,2,$29.99,RETURNED
6194,Grace  SEA,03-12-2024,Clock,Home,7,19,Pending
6195,Frank  DAL,12-19-2024,Water Bottle,Sports,1,14.99,cancelled
6196,Paul  CHI,18-02-2024,Running Shoes,Sports,9,$89.99,delivered
6197,Nate  NYC,05/31/2024,Blender,Home,7,44.99,Delivered
6198,Rose  DAL,01-22-2024,Calculator,Office,2,24,processing
6199,Karen  ATL,04-04-2024,"""Hat""",Clothing,7,19.99,processing
6200,Karen  ATL,13-07-2024,Headphones,Electronics,1,89.99,returned
6201,Leo  DEN,09/27/2024,Dumbbell,Sports,6,39,delivered
6202,Quinn  SF,12-26-2024,USB Hub,Electronics,4,19.99,Delivered
6203,Paul  CHI,04/18/24,Mouse,Electronics,3,25,pending
6204,Quinn  SF,10-30-2024,Whiteboard,Office,2,$49.99,delivered
6205,Eve  SF,04-23-2024,Sneakers,Clothing,9,$75.00,processing
6206,Leo  DEN,11-09-2024,Monitor,Electronics,10,299.99,cancelled
ORD-6207,Olivia  LA,03-21-2024,Clock,Home,8,19.99,Pending
6208,Rose  DAL,06/17/24,Jacket,Clothing,7,89,Delivered
6209,Ivy  MIA,07-25-2024,Lamp,Home,4,39.99,delivered
6210,Charlie  CHI,11/16/24,Running Shoes,Sports,10,89.99,processing
6211,Eve  SF,01-03-2024,"""Resistance Band""",Sports,4,12.99,Delivered
6212,Grace  SEA,08-02-2024,Pen Set,Office,9,12.99,Pending
6213,Grace  SEA,06/22/24,Notebook,Office,5,8.99,Delivered
6214,Frank  DAL,12/27/2024,Dumbbell,Sports,1,$39.99,Delivered
6215,Ivy  MIA,19-04-2024,"""USB Hub""",Electronics,7,19.99,pending
6216,Bob  LA,04-29-2024,Jump Rope,Sports,2,9,cancelled
6217,Grace  SEA,01-20-2024,Calculator,Office,5,24.99,
6218,Frank  DAL,07-03-2024,Chair,Office,6,$199.99,cancelled
6219,Charlie  CHI,29-07-2024,Socks,Clothing,2,9.99,Delivered
6220,Nate  NYC,12/16/2024,Calculator,Office,4,$24.99,delivered
6221,Diana  NYC,12/16/24,Jeans,Clothing,9,60,returned
6222,Quinn  SF,03-08-2024,"""Laptop""",Electronics,7,799.99,RETURNED
6223,Karen  ATL,01-08-2024,Water Bottle,Sports,9,14.99,Delivered
6224,Rose  DAL,23-07-2024,Sneakers,Clothing,4,75,Pending
6225,Eve  SF,20-05-2024,Toaster,Home,9,29.99,processing
6226,Olivia  LA,27-04-2024,Yoga Mat,Sports,4,29.99,shipped
ORD-6227,Olivia  LA,04/29/24,"""Pen Set""",Office,5,12,processing
6228,Quinn  SF,09-18-2024,Monitor,Electronics,2,300,Delivered
6229,Charlie  CHI,07/14/2024,"""Desk Lamp""",Office,5,35,shipped
6230,Sam  SEA,01-11-2024,Binder,Office,10,5.99,shipped
6231,Tina  BOS,12-11-2024,"""Whiteboard""",Office,5,49.99,returned
6232,Grace  SEA,06-02-2024,TShirt,Clothing,7,25,delivered
6233,Diana  NYC,12-11-2024,Blanket,Home,5,34.99,delivered
6234,Quinn  SF,02/24/2024,Jump Rope,Sports,2,9.99,Pending
6235,Tina  BOS,08-07-2024,Chair,Office,1,200,pending
6236,Jack  PHX,07-28-2024,"""Toaster""",Home,4,29.99,Pending
6237,Sam  SEA,09-01-2024,Headphones,Electronics,5,89.99,cancelled
6238,Tina  BOS,26-09-2024,Coffee Maker,Home,7,59,cancelled
6239,Eve  SF,06/26/2024,Jump Rope,Sports,10,$9.99,Delivered
6240,Bob  LA,02-15-2024,"""Calculator""",Office,6,24,Pending
6241,Leo  DEN,18-07-2024,Pen Set,Office,6,12,shipped
6242,Olivia  LA,09-10-2024,Mouse,Electronics,3,25,returned
6243,Alice  NYC,04-08-2024,Resistance Band,Sports,6,12.99,pending
6244,Nate  NYC,06/27/24,Stapler,Office,7,15.99,cancelled
6245,Tina  BOS,08-01-2024,Running Shoes,Sports,1,89.99,processing
6246,Quinn  SF,03-15-2024,TShirt,Clothing,4,25,shipped
ORD-6247,Grace  SEA,10/25/2024,"""Laptop""",Electronics,4,$799.99,cancelled
6248,Alice Smith,10-10-2024,Monitor,Electronics,7,300,delivered
6249,Jack  PHX,29-06-2024,Binder,Office,1,$5.99,processing
6250,Tina  BOS,10/15/24,Notebook,Office,8,8.99,Delivered
6251,Mia  PDX,04-08-2024,Charger,Electronics,2,14.99,Pending
6252,Quinn  SF,10-02-2024,Hat,Clothing,10,19,cancelled
6253,Olivia  LA,04-04-2024,Blender,Home,8,45,Pending
6254,Sam  SEA,12/28/2024,Hat,Clothing,6,20,shipped
ORD-6255,Rose  DAL,24-03-2024,Pen Set,Office,5,13,shipped
6256,Bob  LA,08-08-2024,Lamp,Home,1,40,Delivered
6257,Rose  DAL,09/21/2024,Resistance Band,Sports,7,12,RETURNED
6258,Diana Prince,08/24/24,Yoga Mat,Sports,4,29.99,shipped
6259,Charlie  CHI,12-02-2024,TShirt,Clothing,5,25,Delivered
6260,Frank  DAL,08-06-2024,"""Headphones""",Electronics,7,$89.99,processing
6261,Grace  SEA,04-26-2024,Toaster,Home,,29,delivered
6262,Sam  SEA,12-01-2024,Whiteboard,Office,5,49,Delivered
6263,Hank  BOS,13-06-2024,Jeans,Clothing,1,59.99,Pending
6264,Diana  NYC,01-02-2024,TShirt,Clothing,8,25,returned
6265,Sam  SEA,08/26/24,Jump Rope,Sports,7,9.99,RETURNED
6266,Bob  LA,04-09-2024,Binder,Office,3,6,pending
6267,Tina  BOS,07-10-2024,Yoga Mat,Sports,10,30,delivered
6268,Ivy  MIA,22-01-2024,Webcam,Electronics,7,$59.99,shipped
6269,Paul  CHI,06-12-2024,"""Jacket""",Clothing,2,89,pending
6270,Rose  DAL,26-04-2024,Webcam,Electronics,1,59.99,Pending
6271,Alice  NYC,05/22/2024,"""Toaster""",Home,4,$29.99,cancelled
6272,Eve  SF,08/31/2024,Clock,Home,7,19,Delivered
6273,Mia  PDX,05/30/2024,Desk Lamp,Office,5,34.99,Delivered
6274,Rose  DAL,02-07-2024,"""Running Shoes""",Sports,8,89,Delivered
6275,Leo  DEN,02/14/2024,Lamp,Home,5,40,pending
6276,Olivia  LA,12-08-2024,Binder,Office,3,5.99,RETURNED
6277,Leo  DEN,02/25/24,Water Bottle,Sports,4,15,processing
6278,Quinn  SF,06-12-2024,Pen Set,Office,9,12,shipped
6279,Nate  NYC,04-08-2024,Water Bottle,Sports,2,14.99,processing
6280,Frank  DAL,09/15/2024,Water Bottle,Sports,7,14.99,Pending
6281,Jack  PHX,08/28/2024,TShirt,Clothing,1,25,Delivered
6282,Eve  SF,02/17/2024,Pillow,Home,7,25,Pending
6283,Diana  NYC,12/30/2024,"""Keyboard""",Electronics,2,$45.00,pending
6284,Quinn  SF,06-08-2024,Coffee Maker,Home,7,59.99,returned
6285,Ivy  MIA,08-01-2024,Coffee Maker,Home,2,59,cancelled
6286,Olivia  LA,17-07-2024,Whiteboard,Office,3,$49.99,returned
6287,Ivy  MIA,09-05-2024,Whiteboard,Office,10,50,shipped
6288,Grace  SEA,04-02-2024,USB Hub,Electronics,3,19.99,shipped
6289,Charlie  CHI,05/22/2024,"""Smartphone""",Electronics,3,699.99,processing
6290,Rose  DAL,05-28-2024,Whiteboard,Office,8,$49.99,pending
6291,Hank  BOS,11-20-2024,Monitor,Electronics,2,299.99,Pending
6292,Ivy  MIA,19-05-2024,Socks,Clothing,1,9.99,processing
6293,Paul  CHI,20-06-2024,Water Bottle,Sports,9,15,pending
6294,Grace  SEA,25-09-2024,Dress,Clothing,7,49.99,RETURNED
6295,Tina  BOS,01-06-2024,Yoga Mat,Sports,1,29.99,processing
6296,Bob  LA,09/29/2024,Hat,Clothing,6,19.99,processing
6297,Ivy  MIA,03/13/2024,Binder,Office,4,5.99,Delivered
6298,Bob  LA,01/23/2024,Belt,Clothing,4,29.99,processing
6299,Charlie  CHI,12-01-2024,Keyboard,Electronics,2,45,pending
6300,Quinn  SF,05/28/24,Hat,Clothing,1,20,Pending
6301,Frank  DAL,12-09-2024,"""Coffee Maker""",Home,9,59,RETURNED
6302,Bob  LA,08-31-2024,Jacket,Clothing,7,89.99,Delivered
6303,Olivia  LA,29-09-2024,Desk Lamp,Office,8,35,Pending
6304,Hank  BOS,05-12-2024,Monitor,Electronics,4,299.99,Delivered
6305,Nate  NYC,06/24/2024,"""Pillow""",Home,6,24.99,pending
6306,Nate  NYC,10-06-2024,Whiteboard,Office,10,49,pending
6307,Charlie  CHI,09/13/2024,Keyboard,Electronics,6,45,processing
6308,Tina  BOS,02-26-2024,TShirt,Clothing,2,25,RETURNED
6309,Nate  NYC,02-06-2024,Tablet,Electronics,10,$349.99,RETURNED
6310,Paul  CHI,10-07-2024,"""Water Bottle""",Sports,4,14.99,processing
6311,Grace  SEA,06-11-2024,Keyboard,Electronics,7,45,Pending
6312,Sam  SEA,01-07-2024,Blanket,Home,4,34.99,delivered
ORD-6313,Leo  DEN,21-12-2024,Calculator,Office,4,$24.99,RETURNED
6314,Frank  DAL,02/26/24,Charger,Electronics,5,$14.99,pending
ORD-6315,Olivia  LA,31-07-2024,"""Resistance Band""",Sports,4,12,shipped
6316,Tina  BOS,26-07-2024,Running Shoes,Sports,2,89.99,cancelled
6317,Hank  BOS,02-07-2024,Sneakers,Clothing,1,$75.00,returned
6318,Quinn  SF,03-06-2024,"""Laptop""",Electronics,3,$799.99,RETURNED
ORD-6319,Frank  DAL,01/26/2024,Dumbbell,Sports,6,39,processing
6320,Nate  NYC,26-05-2024,Blender,Home,1,44.99,processing
6321,Olivia  LA,04-08-2024,Resistance Band,Sports,2,12,delivered
6322,Nate  NYC,03-04-2024,Lamp,Home,7,39.99,cancelled
6323,Alice Smith,08-01-2024,Notebook,Office,5,9,cancelled
6324,Olivia  LA,04-12-2024,Webcam,Electronics,5,59.99,Delivered
6325,Karen  ATL,22-07-2024,Binder,Office,7,5,Pending
6326,Diana Prince,12/23/24,"""Jump Rope""",Sports,1,9.99,cancelled
6327,Olivia  LA,08-31-2024,Blanket,Home,2,34.99,processing
6328,Grace  SEA,24-04-2024,Socks,Clothing,9,$9.99,Pending
6329,Frank  DAL,01/23/24,Sneakers,Clothing,5,75,RETURNED
ORD-6330,Paul  CHI,02-10-2024,Calculator,Office,7,24,delivered
6331,Leo  DEN,09-12-2024,Smartphone,Electronics,3,700,cancelled
6332,Grace  SEA,06-03-2024,Running Shoes,Sports,5,89.99,Pending
6333,Hank  BOS,11/28/24,Whiteboard,Office,9,49.99,processing
6334,Paul  CHI,09-17-2024,"""Lamp""",Home,,39.99,processing
6335,Grace  SEA,22-11-2024,Jump Rope,Sports,7,9.99,delivered
6336,Grace  SEA,08-10-2024,Monitor,Electronics,5,299.99,pending
6337,Frank  DAL,08-17-2024,Whiteboard,Office,2,49,cancelled
6338,Paul  CHI,23-01-2024,Laptop,Electronics,4,799,Delivered
6339,Sam  SEA,09-30-2024,Belt,Clothing,2,29.99,Pending
6340,Paul  CHI,02/29/2024,Coffee Maker,Home,1,60,Pending
6341,Mia  PDX,10-11-2024,Binder,Office,2,5.99,processing
ORD-6342,Charlie  CHI,07-03-2024,Lamp,Home,5,$39.99,cancelled
6343,Paul  CHI,03-09-2024,Hat,Clothing,5,19.99,Pending
6344,Diana  NYC,06-10-2024,Blender,Home,6,44,cancelled
6345,Karen  ATL,15-01-2024,Water Bottle,Sports,3,$14.99,pending
6346,Karen  ATL,01/31/2024,"""TShirt""",Clothing,6,25,shipped
6347,Hank  BOS,22-09-2024,Pen Set,Office,1,12.99,cancelled
6348,Rose  DAL,24-03-2024,Jeans,Clothing,3,59,shipped
6349,Grace  SEA,10-12-2024,Pillow,Home,9,24.99,Pending
6350,Charlie  CHI,25-04-2024,Clock,Home,2,19.99,delivered
6351,Paul  CHI,05/13/24,Blender,Home,6,44,shipped
6352,Charlie  CHI,01-08-2024,"""Yoga Mat""",Sports,1,29.99,cancelled
6353,Frank  DAL,02-17-2024,Notebook,Office,1,8.99,pending
6354,Rose  DAL,16-05-2024,Charger,Electronics,8,$14.99,cancelled
6355,Nate  NYC,10/14/2024,"""Binder""",Office,5,5,returned
6356,Rose  DAL,14-08-2024,Sneakers,Clothing,6,75,shipped
6357,Sam  SEA,04-04-2024,Water Bottle,Sports,2,14.99,delivered
6358,Hank  BOS,08-04-2024,Dumbbell,Sports,7,40,shipped
6359,Sam  SEA,10/24/24,Keyboard,Electronics,7,45,Pending
6360,Sam  SEA,20-11-2024,Belt,Clothing,1,29.99,Pending
6361,Jack  PHX,05-12-2024,Lamp,Home,8,39,shipped
6362,Paul  CHI,18-01-2024,"""Yoga Mat""",Sports,8,30,processing
6363,Hank  BOS,05/24/24,Sneakers,Clothing,5,75,pending
ORD-6364,Rose  DAL,07-07-2024,"""Calculator""",Office,4,24.99,Pending
6365,Leo  DEN,02-01-2024,Pillow,Home,4,$24.99,processing
6366,Rose  DAL,28-10-2024,Resistance Band,Sports,3,$12.99,RETURNED
6367,Paul  CHI,09-12-2024,TShirt,Clothing,9,$25.00,shipped
6368,Sam  SEA,12/16/24,"""Running Shoes""",Sports,3,$89.99,RETURNED
6369,Hank  BOS,08/20/24,Pen Set,Office,8,13,processing
6370,Jack  PHX,05/30/2024,Clock,Home,8,$19.99,processing
6371,Sam  SEA,05-08-2024,Desk Lamp,Office,1,34.99,Pending
6372,Mia  PDX,03/24/2024,"""Dress""",Clothing,10,49,shipped
6373,Hank  BOS,08/17/24,Webcam,Electronics,7,59,returned
6374,Tina  BOS,06/19/2024,Blender,Home,1,45,pending
6375,Bob  LA,03-17-2024,Smartphone,Electronics,9,699.99,returned
6376,Rose  DAL,07/16/24,Coffee Maker,Home,4,60,returned
6377,Jack  PHX,25-06-2024,Blanket,Home,5,34,Delivered
6378,Frank  DAL,06-03-2024,Socks,Clothing,2,9,returned
6379,Nate  NYC,29-07-2024,Monitor,Electronics,4,299.99,processing
6380,Alice Smith,11/29/24,Chair,Office,3,200,returned
6381,Charlie  CHI,29-11-2024,Hat,Clothing,1,19,Pending
6382,Paul  CHI,17-03-2024,Monitor,Electronics,5,300,Delivered
6383,Nate  NYC,06/26/24,Yoga Mat,Sports,6,$29.99,delivered
6384,Grace  SEA,11-02-2024,Smartphone,Electronics,7,$699.99,Delivered
6385,Mia  PDX,18-01-2024,Jacket,Clothing,2,89.99,returned
6386,Nate  NYC,12/30/24,Desk Lamp,Office,5,34,processing
6387,Frank  DAL,04-18-2024,Notebook,Office,2,8,pending
6388,Mia  PDX,03-07-2024,Dumbbell,Sports,9,39,returned
6389,Tina  BOS,14-01-2024,Pen Set,Office,4,12.99,pending
6390,Rose  DAL,09-09-2024,Jacket,Clothing,2,89,returned
6391,Mia  PDX,18-02-2024,"""Water Bottle""",Sports,10,14.99,pending
6392,Eve  SF,04/15/24,Pen Set,Office,4,13,RETURNED
6393,Nate  NYC,12/23/24,Water Bottle,Sports,5,15,Delivered
6394,Alice  NYC,08-07-2024,Headphones,Electronics,8,89.99,pending
6395,Tina  BOS,07/16/2024,Smartphone,Electronics,5,700,pending
6396,Diana  NYC,24-09-2024,Toaster,Home,1,$29.99,Delivered
6397,Olivia  LA,05-09-2024,Jacket,Clothing,3,$89.99,Pending
6398,Rose  DAL,30-05-2024,Blender,Home,5,44.99,pending
6399,Paul  CHI,22-05-2024,Jump Rope,Sports,10,9.99,shipped
6400,Charlie  CHI,25-06-2024,Desk Lamp,Office,2,34.99,Delivered
6401,Bob  LA,10-23-2024,Stapler,Office,4,$15.99,pending
6402,Ivy  MIA,27-10-2024,Dress,Clothing,2,49.99,RETURNED
6403,Rose  DAL,03-10-2024,Water Bottle,Sports,5,14,returned
6404,Olivia  LA,27-12-2024,Rug,Home,1,89.99,pending
6405,Jack  PHX,05/26/2024,Clock,Home,5,19.99,shipped
6406,Quinn  SF,12-16-2024,Hat,Clothing,3,19.99,delivered
6407,Nate  NYC,11-01-2024,Smartphone,Electronics,9,$699.99,processing
ORD-6408,Tina  BOS,07-01-2024,Jacket,Clothing,10,$89.99,returned
ORD-6409,Sam  SEA,10/16/24,Sneakers,Clothing,5,75,cancelled
ORD-6410,Frank  DAL,26-03-2024,Dumbbell,Sports,10,39.99,returned
6411,Frank  DAL,08/25/2024,Resistance Band,Sports,3,13,processing
6412,Hank  BOS,27-03-2024,Running Shoes,Sports,5,$89.99,delivered
6413,Frank  DAL,11/24/24,Yoga Mat,Sports,8,29,delivered
6414,Rose  DAL,06-16-2024,"""Webcam""",Electronics,7,59.99,Delivered
6415,Quinn  SF,12-11-2024,Resistance Band,Sports,10,$12.99,processing
6416,Leo  DEN,07/15/24,Jacket,Clothing,9,89,delivered
6417,Sam  SEA,08/14/24,Blanket,Home,2,34.99,RETURNED
6418,Bob  LA,11-10-2024,Calculator,Office,3,25,returned
6419,Tina  BOS,04-27-2024,Jump Rope,Sports,4,10,shipped
6420,Nate  NYC,19-12-2024,Webcam,Electronics,3,59.99,RETURNED
6421,Charlie  CHI,23-01-2024,Calculator,Office,8,24.99,returned
6422,Charlie  CHI,24-04-2024,Monitor,Electronics,4,299,pending
6423,Paul  CHI,06/13/2024,Notebook,Office,2,9,processing
6424,Nate  NYC,29-01-2024,Headphones,Electronics,9,89,returned
6425,Jack  PHX,13-11-2024,Mouse,Electronics,9,25,Delivered
6426,Diana  NYC,08-31-2024,Lamp,Home,6,39.99,cancelled
6427,Mia  PDX,18-08-2024,Yoga Mat,Sports,2,$29.99,delivered
6428,Alice  NYC,03-01-2024,"""Resistance Band""",Sports,2,12.99,cancelled
6429,Frank  DAL,18-10-2024,Desk Lamp,Office,6,35,returned
6430,Tina  BOS,30-11-2024,Yoga Mat,Sports,8,29.99,RETURNED
6431,Olivia  LA,10-12-2024,Chair,Office,7,199.99,cancelled
ORD-6432,Tina  BOS,05/19/24,Resistance Band,Sports,5,12.99,processing
6433,Charlie  CHI,10-03-2024,USB Hub,Electronics,7,19.99,processing
ORD-6434,Grace  SEA,18-07-2024,Jeans,Clothing,10,$59.99,Delivered
6435,Hank  BOS,10/17/24,"""Lamp""",Home,10,39.99,Pending
6436,Quinn  SF,08/14/2024,Clock,Home,10,19.99,Pending
6437,Alice  NYC,14-07-2024,Stapler,Office,1,15.99,cancelled
6438,Jack  PHX,04-06-2024,Whiteboard,Office,4,49.99,processing
6439,Nate  NYC,08/24/2024,Chair,Office,4,200,returned
6440,Nate  NYC,07-11-2024,Running Shoes,Sports,8,89.99,pending
6441,Tina  BOS,25-08-2024,TShirt,Clothing,9,25,pending
6442,Frank  DAL,25-03-2024,Resistance Band,Sports,10,12.99,shipped
6443,Leo  DEN,06-08-2024,Yoga Mat,Sports,9,30,Delivered
6444,Nate  NYC,07-11-2024,Laptop,Electronics,3,800,Pending
6445,Charlie  CHI,08/13/2024,Chair,Office,9,200,RETURNED
6446,Mia  PDX,01/15/2024,"""Resistance Band""",Sports,2,13,delivered
6447,Jack  PHX,26-02-2024,Water Bottle,Sports,6,$14.99,RETURNED
6448,Tina  BOS,24-07-2024,TShirt,Clothing,7,25,RETURNED
ORD-6449,Ivy  MIA,13-06-2024,TShirt,Clothing,4,25,shipped
6450,Leo  DEN,30-01-2024,Mouse,Electronics,5,25,shipped
6451,Nate  NYC,02/22/2024,Charger,Electronics,9,14.99,pending
ORD-6452,Olivia  LA,07-02-2024,Rug,Home,10,$89.99,Pending
6453,Olivia  LA,09/15/24,Toaster,Home,6,30,cancelled
6454,Nate  NYC,02-12-2024,Chair,Office,8,199.99,pending
6455,Eve  SF,21-05-2024,Laptop,Electronics,4,799.99,shipped
6456,Alice  NYC,04/29/24,Smartphone,Electronics,6,$699.99,returned
6457,Jack  PHX,23-08-2024,Socks,Clothing,3,9.99,cancelled
6458,Quinn  SF,26-02-2024,Sneakers,Clothing,10,$75.00,pending
6459,Sam  SEA,04-09-2024,Calculator,Office,7,24,cancelled
6460,Grace  SEA,24-01-2024,Jeans,Clothing,9,59.99,delivered
6461,Eve  SF,09-03-2024,Webcam,Electronics,5,59.99,returned
6462,Rose  DAL,10/21/24,"""Dress""",Clothing,2,49,Delivered
6463,Karen  ATL,18-03-2024,Rug,Home,10,89,cancelled
6464,Diana Prince,19-12-2024,"""Keyboard""",Electronics,5,45,Delivered
6465,Olivia  LA,03-07-2024,Stapler,Office,1,15.99,Delivered
6466,Eve  SF,04-26-2024,Blender,Home,7,45,cancelled
6467,Leo  DEN,02-03-2024,Resistance Band,Sports,3,12.99,RETURNED
6468,Tina  BOS,29-01-2024,Charger,Electronics,10,$14.99,shipped
6469,Ivy  MIA,01/21/24,Mouse,Electronics,4,25,delivered
6470,Diana Prince,11/27/24,"""Binder""",Office,6,$5.99,Delivered
6471,Mia  PDX,04-12-2024,Water Bottle,Sports,2,14.99,RETURNED
6472,Frank  DAL,01-05-2024,Dumbbell,Sports,3,39.99,RETURNED
6473,Frank  DAL,07/28/2024,Resistance Band,Sports,1,12,Pending
6474,Paul  CHI,03/25/2024,Chair,Office,6,199.99,returned
6475,Hank  BOS,20-08-2024,Dress,Clothing,4,50,returned
6476,Mia  PDX,12/14/24,Jump Rope,Sports,8,9.99,processing
6477,Frank  DAL,20-08-2024,Chair,Office,5,200,processing
6478,Leo  DEN,24-12-2024,Blanket,Home,6,34.99,pending
6479,Leo  DEN,07/13/24,Running Shoes,Sports,5,$89.99,shipped
6480,Grace  SEA,13-08-2024,Headphones,Electronics,9,$89.99,Delivered
6481,Diana  NYC,15-05-2024,Sneakers,Clothing,6,75,pending
6482,Sam  SEA,27-08-2024,Belt,Clothing,1,29,cancelled
6483,Tina  BOS,19-04-2024,Coffee Maker,Home,10,59.99,Pending
6484,Frank  DAL,02/29/2024,Lamp,Home,4,39.99,returned
ORD-6485,Sam  SEA,09-18-2024,Dumbbell,Sports,10,39.99,RETURNED
6486,Hank  BOS,07/19/2024,Whiteboard,Office,6,49.99,returned
6487,Charlie  CHI,20-11-2024,Belt,Clothing,6,29,pending
6488,Mia  PDX,05-06-2024,Toaster,Home,9,29.99,RETURNED
6489,Leo  DEN,31-05-2024,Calculator,Office,1,24.99,Pending
6490,Hank  BOS,03-05-2024,Whiteboard,Office,1,49.99,pending
6491,Tina  BOS,02-21-2024,Running Shoes,Sports,5,89.99,returned
6492,Bob  LA,11-12-2024,"""Dumbbell""",Sports,10,39.99,delivered
6493,Eve  SF,05-02-2024,Jacket,Clothing,3,90,Pending
6494,Sam  SEA,25-03-2024,Pillow,Home,3,24.99,Pending
6495,Bob  LA,23-04-2024,Laptop,Electronics,8,799,Delivered
6496,Nate  NYC,02-16-2024,Jump Rope,Sports,2,$9.99,RETURNED
6497,Grace  SEA,12-05-2024,Socks,Clothing,4,9,Pending
6498,Olivia  LA,01-12-2024,Lamp,Home,5,40,returned
6499,Frank  DAL,04-02-2024,Charger,Electronics,6,14,RETURNED
6500,Hank  BOS,01-01-2024,Lamp,Home,6,40,Pending
6501,Tina  BOS,07/19/24,Notebook,Office,9,$8.99,shipped
6502,Rose  DAL,09/29/2024,Resistance Band,Sports,10,$12.99,Pending
6503,Quinn  SF,28-09-2024,"""Mouse""",Electronics,6,$25.00,Delivered
6504,Grace  SEA,05-10-2024,Sneakers,Clothing,7,75,Pending
ORD-6505,Hank  BOS,12-27-2024,Tablet,Electronics,8,350,delivered
6506,Leo  DEN,10/18/2024,Jump Rope,Sports,1,9,cancelled
6507,Olivia  LA,17-09-2024,Resistance Band,Sports,1,13,returned
6508,Tina  BOS,08/16/2024,Chair,Office,5,199.99,Delivered
6509,Jack  PHX,12/14/2024,Calculator,Office,5,24.99,processing
6510,Sam  SEA,10-28-2024,Webcam,Electronics,7,59.99,pending
6511,Grace  SEA,25-09-2024,Yoga Mat,Sports,7,29.99,delivered
6512,Paul  CHI,07-06-2024,"""Sneakers""",Clothing,10,75,returned
6513,Karen  ATL,11-03-2024,Dumbbell,Sports,9,40,Pending
6514,Olivia  LA,27-07-2024,Lamp,Home,8,40,shipped
6515,Nate  NYC,02-04-2024,Blender,Home,4,44,returned
6516,Quinn  SF,08-08-2024,Stapler,Office,8,15.99,shipped
6517,Rose  DAL,06/15/24,Pillow,Home,4,$24.99,delivered
6518,Charlie  CHI,10/19/24,Resistance Band,Sports,2,13,Delivered
6519,Charlie  CHI,27-08-2024,TShirt,Clothing,8,25,processing
6520,Karen  ATL,03-07-2024,"""Water Bottle""",Sports,10,15,processing
ORD-6521,Charlie  CHI,09/17/24,Stapler,Office,8,15.99,shipped
6522,Frank  DAL,21-12-2024,Calculator,Office,4,24,pending
6523,Frank  DAL,25-02-2024,Coffee Maker,Home,7,59.99,Delivered
6524,Nate  NYC,08-23-2024,TShirt,Clothing,3,25,pending
6525,Hank  BOS,07-29-2024,Running Shoes,Sports,1,89.99,cancelled
6526,Jack  PHX,01/24/2024,Whiteboard,Office,8,50,pending
6527,Alice  NYC,09/13/24,Running Shoes,Sports,7,89.99,pending
6528,Ivy  MIA,03-12-2024,Belt,Clothing,7,$29.99,processing
6529,Ivy  MIA,11-02-2024,Pen Set,Office,5,12,Delivered
ORD-6530,Karen  ATL,11/22/24,Belt,Clothing,3,29,Pending
6531,Rose  DAL,12/15/24,Sneakers,Clothing,3,75,delivered
6532,Frank  DAL,12-03-2024,Yoga Mat,Sports,8,29.99,Pending
6533,Karen  ATL,03-06-2024,Dumbbell,Sports,3,39.99,processing
6534,Tina  BOS,04-26-2024,Desk Lamp,Office,3,$34.99,shipped
6535,Jack  PHX,09-21-2024,Pen Set,Office,7,12.99,processing
6536,Charlie  CHI,12-08-2024,Resistance Band,Sports,5,12.99,pending
6537,Grace  SEA,11-04-2024,Running Shoes,Sports,7,89.99,shipped
6538,Quinn  SF,11-25-2024,Water Bottle,Sports,2,$14.99,shipped
6539,Karen  ATL,03-06-2024,Jeans,Clothing,6,60,shipped
6540,Paul  CHI,09-09-2024,Headphones,Electronics,10,89.99,Delivered
6541,Frank  DAL,21-04-2024,Running Shoes,Sports,4,89.99,Delivered
6542,Leo  DEN,04-23-2024,Dumbbell,Sports,8,40,delivered
6543,Bob  LA,04-05-2024,Smartphone,Electronics,8,699,Pending
6544,Leo  DEN,08-27-2024,Calculator,Office,2,25,
6545,Hank  BOS,05/29/24,Coffee Maker,Home,9,59.99,RETURNED
6546,Jack  PHX,08/25/2024,Rug,Home,10,$89.99,returned
6547,Bob  LA,10-11-2024,Toaster,Home,1,29.99,pending
6548,Eve  SF,08-16-2024,Binder,Office,8,$5.99,delivered
6549,Alice Smith,20-08-2024,Lamp,Home,6,39,Delivered
6550,Leo  DEN,12/20/2024,Clock,Home,5,20,processing
6551,Bob  LA,09/22/2024,Blender,Home,8,44,delivered
6552,Frank  DAL,10-13-2024,Dumbbell,Sports,1,39.99,cancelled
6553,Rose  DAL,11-11-2024,Webcam,Electronics,1,$59.99,delivered
6554,Hank  BOS,02-23-2024,Monitor,Electronics,5,$299.99,shipped
6555,Diana Prince,10-09-2024,Jump Rope,Sports,1,10,processing
ORD-6556,Tina  BOS,09-03-2024,Calculator,Office,3,24.99,processing
6557,Sam  SEA,07-21-2024,Dumbbell,Sports,10,39.99,returned
6558,Nate  NYC,04-10-2024,Binder,Office,9,5,cancelled
6559,Mia  PDX,27-08-2024,Jump Rope,Sports,8,9.99,processing
6560,Ivy  MIA,01/22/24,Pen Set,Office,6,12.99,RETURNED
6561,Frank  DAL,01-08-2024,Socks,Clothing,8,$9.99,processing
6562,Quinn  SF,03-08-2024,Chair,Office,4,199.99,shipped
6563,Frank  DAL,09-06-2024,Stapler,Office,6,$15.99,cancelled
6564,Diana  NYC,04/29/2024,"""Dress""",Clothing,7,49,pending
6565,Olivia  LA,02/26/2024,Water Bottle,Sports,8,14,processing
6566,Nate  NYC,05/26/24,Dress,Clothing,6,49,Pending
6567,Hank  BOS,09-07-2024,Water Bottle,Sports,10,14.99,Pending
6568,Mia  PDX,08-04-2024,Dumbbell,Sports,8,39,delivered
6569,Tina  BOS,17-01-2024,"""Yoga Mat""",Sports,1,29.99,shipped
6570,Diana  NYC,23-11-2024,Dumbbell,Sports,4,39,returned
6571,Paul  CHI,01/29/2024,Monitor,Electronics,3,300,returned
6572,Hank  BOS,08-07-2024,Jacket,Clothing,5,90,RETURNED
6573,Jack  PHX,30-03-2024,Toaster,Home,8,29.99,Delivered
6574,Olivia  LA,12-10-2024,Tablet,Electronics,7,349,shipped
6575,Sam  SEA,21-04-2024,TShirt,Clothing,7,25,Pending
6576,Rose  DAL,06-11-2024,Belt,Clothing,9,$29.99,cancelled
6577,Rose  DAL,02-09-2024,Coffee Maker,Home,3,59.99,returned
6578,Mia  PDX,01-18-2024,Yoga Mat,Sports,8,29.99,Pending
6579,Karen  ATL,03-07-2024,Charger,Electronics,6,14,Delivered
6580,Paul  CHI,01/15/24,Dumbbell,Sports,9,40,pending
6581,Eve  SF,10-03-2024,Desk Lamp,Office,10,34.99,processing
6582,Diana Prince,09-19-2024,Rug,Home,7,89,delivered
6583,Diana  NYC,20-04-2024,Running Shoes,Sports,10,89.99,RETURNED
6584,Paul  CHI,12/31/2024,Jump Rope,Sports,5,9.99,Pending
6585,Tina  BOS,11-15-2024,Smartphone,Electronics,6,699.99,delivered
ORD-6586,Ivy  MIA,02/16/2024,Lamp,Home,9,40,Delivered
6587,Mia  PDX,25-01-2024,Desk Lamp,Office,1,34.99,RETURNED
6588,Rose  DAL,29-08-2024,Resistance Band,Sports,3,13,delivered
6589,Frank  DAL,27-03-2024,Jeans,Clothing,3,59,Delivered
6590,Sam  SEA,22-10-2024,Notebook,Office,1,8,processing
6591,Ivy  MIA,14-08-2024,Clock,Home,10,19,processing
6592,Alice  NYC,24-07-2024,Pen Set,Office,9,12.99,pending
6593,Paul  CHI,08-23-2024,Notebook,Office,10,8.99,shipped
6594,Frank  DAL,21-04-2024,Tablet,Electronics,9,349.99,returned
6595,Leo  DEN,14-07-2024,Keyboard,Electronics,10,45,delivered
6596,Karen  ATL,04-01-2024,"""Chair""",Office,5,199.99,processing
6597,Karen  ATL,07-01-2024,Keyboard,Electronics,10,$45.00,returned
6598,Jack  PHX,05-04-2024,Running Shoes,Sports,7,89.99,delivered
6599,Ivy  MIA,06/21/24,"""Tablet""",Electronics,5,$349.99,shipped
6600,Grace  SEA,04-10-2024,Hat,Clothing,2,19.99,RETURNED
6601,Charlie  CHI,01-04-2024,Calculator,Office,7,24.99,RETURNED
6602,Rose  DAL,06-12-2024,Water Bottle,Sports,6,14.99,shipped
6603,Paul  CHI,11/21/24,Yoga Mat,Sports,7,29.99,Pending
6604,Diana  NYC,04-09-2024,Resistance Band,Sports,5,12,returned
6605,Olivia  LA,15-12-2024,Chair,Office,5,199,delivered
6606,Quinn  SF,06-08-2024,Whiteboard,Office,9,$49.99,RETURNED
6607,Jack  PHX,02-12-2024,Jacket,Clothing,6,90,RETURNED
6608,Eve  SF,23-03-2024,Mouse,Electronics,6,25,Pending
ORD-6609,Tina  BOS,08/18/2024,"""Smartphone""",Electronics,6,$699.99,pending
6610,Rose  DAL,31-12-2024,Pillow,Home,7,25,delivered
6611,Mia  PDX,20-06-2024,Dumbbell,Sports,4,39,processing
6612,Quinn  SF,05-07-2024,Sneakers,Clothing,5,75,RETURNED
6613,Quinn  SF,20-07-2024,Running Shoes,Sports,3,89.99,Pending
ORD-6614,Ivy  MIA,03/18/2024,"""Blender""",Home,1,44.99,returned
6615,Alice Smith,10/14/24,Hat,Clothing,2,19,processing
6616,Mia  PDX,21-12-2024,Pen Set,Office,3,12,Pending
6617,Eve  SF,02-01-2024,Jump Rope,Sports,3,10,pending
6618,Sam  SEA,21-03-2024,Socks,Clothing,6,9.99,returned
6619,Olivia  LA,11-06-2024,Blender,Home,5,$44.99,cancelled
6620,Diana  NYC,12-08-2024,Tablet,Electronics,1,349.99,Delivered
6621,Alice  NYC,06/14/24,Binder,Office,2,5,shipped
6622,Grace  SEA,05/19/2024,Sneakers,Clothing,6,$75.00,shipped
6623,Diana  NYC,06/27/24,Pen Set,Office,4,12,Delivered
6624,Ivy  MIA,04-05-2024,Rug,Home,10,89.99,shipped
6625,Grace  SEA,26-09-2024,Belt,Clothing,1,$29.99,Pending
6626,Leo  DEN,12-09-2024,"""Notebook""",Office,2,8.99,returned
6627,Sam  SEA,07-06-2024,Stapler,Office,6,15.99,delivered
6628,Sam  SEA,11-05-2024,"""Calculator""",Office,10,25,returned
6629,Eve  SF,06-10-2024,Laptop,Electronics,4,799.99,delivered
ORD-6630,Charlie  CHI,03/13/24,Coffee Maker,Home,3,59.99,delivered
6631,Nate  NYC,01/31/2024,Water Bottle,Sports,2,14.99,Delivered
6632,Karen  ATL,03-13-2024,Whiteboard,Office,9,49,pending
6633,Karen  ATL,14-07-2024,Pen Set,Office,1,13,cancelled
6634,Eve  SF,05-08-2024,Coffee Maker,Home,1,59,shipped
6635,Hank  BOS,07-12-2024,Running Shoes,Sports,9,89.99,returned
6636,Leo  DEN,06-05-2024,Headphones,Electronics,1,89.99,cancelled
6637,Olivia  LA,04/19/2024,Pillow,Home,6,25,pending
6638,Jack  PHX,06-03-2024,Jacket,Clothing,7,$89.99,delivered
6639,Grace  SEA,01-02-2024,Belt,Clothing,3,$29.99,Delivered
6640,Nate  NYC,09/28/24,Lamp,Home,1,$39.99,RETURNED
6641,Charlie  CHI,01/23/24,TShirt,Clothing,8,25,delivered
6642,Ivy  MIA,01/28/2024,Webcam,Electronics,10,59.99,cancelled
6643,Bob  LA,07/25/2024,"""Coffee Maker""",Home,9,59,Delivered
6644,Mia  PDX,04-04-2024,Running Shoes,Sports,3,90,shipped
6645,Leo  DEN,03/13/2024,Binder,Office,5,6,pending
6646,Karen  ATL,28-12-2024,Dumbbell,Sports,6,$39.99,shipped
6647,Ivy  MIA,09-11-2024,"""Jacket""",Clothing,7,N/A,pending
6648,Diana  NYC,01-12-2024,Resistance Band,Sports,5,$12.99,RETURNED
6649,Paul  CHI,10-28-2024,Jeans,Clothing,1,60,processing
6650,Grace  SEA,04-14-2024,Jeans,Clothing,6,60,shipped
6651,Jack  PHX,01-10-2024,Rug,Home,7,90,processing
6652,Nate  NYC,04-02-2024,Binder,Office,10,5.99,processing
6653,Hank  BOS,22-02-2024,Belt,Clothing,6,29.99,Delivered
6654,Eve  SF,07/28/24,Running Shoes,Sports,9,89,delivered
6655,Alice  NYC,07-05-2024,Mouse,Electronics,6,25,delivered
6656,Jack  PHX,07/14/24,Yoga Mat,Sports,7,29.99,returned
6657,Quinn  SF,03-05-2024,"""Tablet""",Electronics,9,349,shipped
6658,Charlie  CHI,27-03-2024,Pillow,Home,6,24,pending
6659,Bob  LA,11-08-2024,Mouse,Electronics,8,25,RETURNED
6660,Karen  ATL,01-06-2024,Toaster,Home,2,29.99,returned
6661,Alice  NYC,22-12-2024,Jacket,Clothing,2,89.99,cancelled
6662,Olivia  LA,13-04-2024,Jeans,Clothing,4,59.99,processing
6663,Bob  LA,03-11-2024,Desk Lamp,Office,2,34,delivered
6664,Ivy  MIA,25-09-2024,Pillow,Home,2,24.99,shipped
6665,Charlie  CHI,31-05-2024,Pillow,Home,6,25,cancelled
6666,Diana Prince,10/22/2024,Keyboard,Electronics,8,45,shipped
6667,Diana Prince,29-07-2024,Webcam,Electronics,1,59,shipped
6668,Rose  DAL,07/28/2024,Toaster,Home,5,$29.99,returned
6669,Jack  PHX,03-09-2024,Dress,Clothing,1,49,shipped
6670,Ivy  MIA,03-31-2024,Chair,Office,5,199.99,pending
6671,Paul  CHI,10-08-2024,"""Keyboard""",Electronics,1,45,pending
6672,Olivia  LA,12/30/2024,Chair,Office,6,199.99,delivered
6673,Paul  CHI,04-08-2024,Jeans,Clothing,1,59.99,Pending
6674,Ivy  MIA,26-03-2024,"""Blender""",Home,9,45,shipped
6675,Leo  DEN,17-04-2024,Sneakers,Clothing,4,75,shipped
6676,Jack  PHX,06/21/24,Pillow,Home,6,$24.99,pending
6677,Frank  DAL,04-08-2024,Blanket,Home,10,34.99,processing
6678,Diana Prince,06-20-2024,Coffee Maker,Home,8,59,pending
6679,Charlie  CHI,11-20-2024,"""TShirt""",Clothing,5,25,cancelled
6680,Ivy  MIA,11-23-2024,Monitor,Electronics,9,299,processing
6681,Grace  SEA,05-02-2024,Laptop,Electronics,6,799,cancelled
6682,Nate  NYC,14-11-2024,Hat,Clothing,9,19,returned
6683,Paul  CHI,10-06-2024,Pen Set,Office,5,13,cancelled
6684,Tina  BOS,06-08-2024,Pillow,Home,6,24.99,processing
6685,Quinn  SF,07-23-2024,Running Shoes,Sports,7,89,cancelled
6686,Frank  DAL,27-02-2024,"""Charger""",Electronics,6,15,processing
6687,Tina  BOS,02/28/24,Coffee Maker,Home,5,59.99,Delivered
6688,Nate  NYC,05-08-2024,Calculator,Office,2,$24.99,Delivered
6689,Alice  NYC,13-05-2024,Socks,Clothing,9,$9.99,Pending
6690,Sam  SEA,06/20/2024,Whiteboard,Office,6,49.99,pending
6691,Grace  SEA,17-10-2024,Jump Rope,Sports,1,10,shipped
6692,Leo  DEN,12-15-2024,Blender,Home,10,44.99,cancelled
6693,Jack  PHX,10-24-2024,Binder,Office,10,5,processing
6694,Leo  DEN,08-30-2024,Yoga Mat,Sports,10,$29.99,RETURNED
6695,Frank  DAL,12/18/2024,"""Dumbbell""",Sports,2,39,Pending
ORD-6696,Ivy  MIA,08-18-2024,Calculator,Office,7,24.99,pending
6697,Charlie  CHI,12-05-2024,USB Hub,Electronics,5,19.99,pending
6698,Tina  BOS,12/31/24,Smartphone,Electronics,8,699.99,RETURNED
6699,Sam  SEA,05/19/24,Blanket,Home,1,35,returned
6700,Sam  SEA,03-09-2024,Resistance Band,Sports,2,12.99,pending
6701,Jack  PHX,03-26-2024,"""Blanket""",Home,6,34.99,processing
6702,Quinn  SF,30-04-2024,"""Belt""",Clothing,2,29.99,shipped
6703,Hank  BOS,06-08-2024,Resistance Band,Sports,1,12.99,pending
6704,Bob  LA,12-07-2024,Keyboard,Electronics,6,45,shipped
6705,Mia  PDX,02-06-2024,Jeans,Clothing,1,59.99,processing
6706,Olivia  LA,11-02-2024,Stapler,Office,6,15,cancelled
6707,Bob  LA,23-04-2024,Blanket,Home,9,$34.99,processing
6708,Rose  DAL,02-08-2024,Rug,Home,2,89.99,processing
6709,Jack  PHX,07/13/24,Jeans,Clothing,5,59.99,RETURNED
6710,Grace  SEA,06-20-2024,USB Hub,Electronics,3,$19.99,Pending
6711,Grace  SEA,08/30/24,Monitor,Electronics,9,299.99,RETURNED
6712,Nate  NYC,14-09-2024,Resistance Band,Sports,6,13,delivered
6713,Bob  LA,08-11-2024,Binder,Office,7,5.99,processing
6714,Quinn  SF,08-04-2024,Binder,Office,2,5,RETURNED
6715,Nate  NYC,12-11-2024,Lamp,Home,3,40,RETURNED
6716,Tina  BOS,10-15-2024,Hat,Clothing,10,19.99,pending
6717,Alice Smith,12-08-2024,Running Shoes,Sports,2,90,pending
6718,Grace  SEA,12-11-2024,Dumbbell,Sports,9,39.99,shipped
6719,Charlie  CHI,12-19-2024,Notebook,Office,7,8.99,delivered
6720,Nate  NYC,19-12-2024,Binder,Office,7,$5.99,cancelled
6721,Rose  DAL,03-31-2024,Monitor,Electronics,3,$299.99,delivered
6722,Frank  DAL,04-05-2024,Belt,Clothing,10,29.99,Delivered
6723,Olivia  LA,04-28-2024,Belt,Clothing,2,$29.99,RETURNED
6724,Sam  SEA,01-04-2024,Belt,Clothing,6,29.99,pending
ORD-6725,Sam  SEA,04-29-2024,Dumbbell,Sports,1,39.99,shipped
6726,Jack  PHX,26-01-2024,Blanket,Home,9,35,Delivered
6727,Charlie  CHI,10-04-2024,Monitor,Electronics,9,$299.99,Pending
6728,Tina  BOS,10-07-2024,Hat,Clothing,2,$19.99,delivered
6729,Grace  SEA,11-04-2024,Dumbbell,Sports,7,39,returned
6730,Bob  LA,14-02-2024,Blender,Home,6,44,processing
6731,Diana  NYC,05-27-2024,USB Hub,Electronics,10,19.99,pending
6732,Hank  BOS,12/31/2024,Water Bottle,Sports,10,15,cancelled
6733,Eve  SF,04-01-2024,Smartphone,Electronics,9,699.99,pending
6734,Eve  SF,05-01-2024,Blanket,Home,8,34.99,returned
6735,Jack  PHX,17-05-2024,Smartphone,Electronics,4,700,pending
6736,Paul  CHI,06/18/2024,"""Chair""",Office,8,199.99,Delivered
6737,Paul  CHI,01/29/2024,Jacket,Clothing,4,89.99,returned
6738,Charlie  CHI,08/15/2024,Laptop,Electronics,4,799.99,pending
6739,Hank  BOS,14-03-2024,Laptop,Electronics,3,800,delivered
6740,Mia  PDX,30-05-2024,USB Hub,Electronics,7,19.99,returned
6741,Olivia  LA,07/31/24,Rug,Home,9,89.99,shipped
6742,Rose  DAL,03/28/2024,Hat,Clothing,1,20,shipped
6743,Rose  DAL,01/25/24,Mouse,Electronics,5,25,processing
6744,Eve  SF,06/25/24,Running Shoes,Sports,1,89,returned
6745,Rose  DAL,09/20/24,Pen Set,Office,3,12.99,delivered
6746,Nate  NYC,01/23/2024,Chair,Office,1,200,Delivered
6747,Sam  SEA,03-05-2024,Tablet,Electronics,1,350,Delivered
6748,Alice  NYC,04-24-2024,Clock,Home,3,19,pending
6749,Quinn  SF,10-09-2024,Pen Set,Office,4,13,pending
6750,Charlie  CHI,19-04-2024,"""Clock""",Home,3,$19.99,processing
6751,Karen  ATL,08-07-2024,USB Hub,Electronics,5,19.99,delivered
6752,Quinn  SF,07/13/24,Water Bottle,Sports,5,14.99,Delivered
6753,Ivy  MIA,18-03-2024,Pen Set,Office,9,12.99,RETURNED
6754,Olivia  LA,29-01-2024,Blanket,Home,4,$34.99,delivered
ORD-6755,Bob  LA,06-28-2024,Pen Set,Office,6,12.99,RETURNED
6756,Nate  NYC,11-01-2024,Socks,Clothing,9,9.99,Delivered
6757,Sam  SEA,04/19/24,Desk Lamp,Office,4,$34.99,pending
6758,Tina  BOS,07/25/2024,Water Bottle,Sports,6,15,RETURNED
6759,Bob  LA,04-07-2024,TShirt,Clothing,1,25,Delivered
6760,Sam  SEA,04-04-2024,Belt,Clothing,2,$29.99,Pending
ORD-6761,Rose  DAL,01/23/24,Pen Set,Office,2,$12.99,Delivered
6762,Olivia  LA,08/15/24,Dumbbell,Sports,1,39,Pending
6763,Diana  NYC,08-13-2024,Running Shoes,Sports,4,89.99,Delivered
6764,Sam  SEA,11-11-2024,Jeans,Clothing,4,$59.99,RETURNED
ORD-6765,Paul  CHI,05-10-2024,Hat,Clothing,3,$19.99,delivered
6766,Karen  ATL,26-04-2024,Lamp,Home,2,39.99,delivered
6767,Frank  DAL,08-09-2024,"""Blanket""",Home,9,34.99,shipped
6768,Quinn  SF,12-28-2024,Sneakers,Clothing,9,75,Pending
6769,Diana  NYC,07-02-2024,Dumbbell,Sports,9,40,cancelled
6770,Ivy  MIA,11/25/2024,Clock,Home,3,19,Pending
6771,Grace  SEA,28-11-2024,TShirt,Clothing,2,25,delivered
6772,Leo  DEN,15-11-2024,"""Sneakers""",Clothing,4,75,processing
6773,Sam  SEA,29-05-2024,Dumbbell,Sports,9,39,cancelled
6774,Paul  CHI,11-07-2024,Jeans,Clothing,1,$59.99,cancelled
6775,Bob  LA,25-11-2024,Monitor,Electronics,2,299.99,delivered
6776,Leo  DEN,05-09-2024,Rug,Home,7,$89.99,Delivered
6777,Jack  PHX,21-06-2024,Webcam,Electronics,5,59,delivered
6778,Eve  SF,19-02-2024,Dumbbell,Sports,9,39.99,returned
6779,Olivia  LA,09-08-2024,Jump Rope,Sports,9,9.99,pending
6780,Diana  NYC,05-06-2024,Socks,Clothing,3,9.99,processing
6781,Grace  SEA,04-12-2024,Water Bottle,Sports,4,$14.99,cancelled
6782,Eve  SF,21-12-2024,Chair,Office,3,199,delivered
6783,Leo  DEN,03-25-2024,Stapler,Office,9,15.99,cancelled
6784,Quinn  SF,12/15/24,Chair,Office,1,200,Delivered
6785,Quinn  SF,01/24/2024,Belt,Clothing,5,29.99,Delivered
6786,Paul  CHI,14-03-2024,Running Shoes,Sports,2,$89.99,delivered
6787,Charlie  CHI,08-12-2024,Blender,Home,6,45,cancelled
6788,Frank  DAL,05/28/2024,Whiteboard,Office,7,$49.99,returned
6789,Diana  NYC,29-01-2024,Calculator,Office,2,24.99,Delivered
6790,Eve  SF,20-11-2024,Hat,Clothing,3,19.99,returned
6791,Diana  NYC,11-06-2024,Dumbbell,Sports,8,40,Delivered
6792,Leo  DEN,10-01-2024,Running Shoes,Sports,3,90,Pending
6793,Hank  BOS,28-04-2024,Hat,Clothing,4,20,returned
6794,Jack  PHX,06/17/2024,"""Tablet""",Electronics,1,349.99,cancelled
6795,Ivy  MIA,01-26-2024,Water Bottle,Sports,4,14.99,Pending
6796,Karen  ATL,12-04-2024,Blanket,Home,5,34.99,Pending
6797,Karen  ATL,01-24-2024,"""USB Hub""",Electronics,4,20,processing
6798,Ivy  MIA,05/16/2024,Dumbbell,Sports,10,$39.99,Pending
6799,Tina  BOS,03/24/24,Desk Lamp,Office,6,34,RETURNED
6800,Nate  NYC,11-04-2024,Clock,Home,9,19.99,Pending
6801,Bob  LA,08-12-2024,Blender,Home,7,44,pending
6802,Diana  NYC,04-02-2024,Clock,Home,10,20,Delivered
6803,Frank  DAL,07/17/2024,Whiteboard,Office,4,49,shipped
6804,Nate  NYC,21-10-2024,Toaster,Home,5,$29.99,delivered
6805,Hank  BOS,10/24/24,Toaster,Home,4,29.99,shipped
6806,Grace  SEA,02/25/2024,Binder,Office,3,5.99,shipped
6807,Diana  NYC,01-09-2024,Hat,Clothing,10,19.99,cancelled
ORD-6808,Diana  NYC,24-09-2024,Calculator,Office,5,24,delivered
6809,Jack  PHX,10-26-2024,Calculator,Office,10,$24.99,Pending
6810,Diana  NYC,05-10-2024,Toaster,Home,10,29.99,pending
6811,Rose  DAL,19-08-2024,Pillow,Home,7,24,cancelled
6812,Mia  PDX,10-01-2024,Stapler,Office,7,15.99,RETURNED
6813,Ivy  MIA,04/28/2024,Jump Rope,Sports,4,9.99,delivered
6814,Olivia  LA,07-01-2024,"""Jacket""",Clothing,8,89.99,shipped
6815,Sam  SEA,10-07-2024,Running Shoes,Sports,9,$89.99,returned
6816,Ivy  MIA,03-15-2024,TShirt,Clothing,9,25,pending
6817,Jack  PHX,17-02-2024,Blender,Home,7,45,RETURNED
6818,Mia  PDX,06-01-2024,Hat,Clothing,8,19.99,processing
6819,Grace  SEA,01/13/2024,Dumbbell,Sports,9,40,returned
6820,Mia  PDX,12-10-2024,Tablet,Electronics,5,349.99,shipped
6821,Jack  PHX,13-12-2024,Socks,Clothing,5,9.99,delivered
6822,Karen  ATL,17-05-2024,TShirt,Clothing,3,25,RETURNED
6823,Sam  SEA,11-05-2024,Blanket,Home,2,34.99,Pending
6824,Bob  LA,18-10-2024,"""Laptop""",Electronics,2,799,shipped
6825,Bob  LA,06-06-2024,"""TShirt""",Clothing,4,25,cancelled
6826,Eve  SF,02-21-2024,Stapler,Office,10,16,Delivered
6827,Mia  PDX,03-07-2024,Keyboard,Electronics,1,$45.00,delivered
6828,Diana Prince,17-06-2024,Hat,Clothing,6,$19.99,returned
6829,Mia  PDX,06/14/24,Resistance Band,Sports,5,12.99,pending
6830,Quinn  SF,01-31-2024,Lamp,Home,8,$39.99,returned
6831,Grace  SEA,13-09-2024,Blender,Home,3,44.99,processing
6832,Jack  PHX,11-02-2024,Running Shoes,Sports,1,89,processing
6833,Sam  SEA,31-01-2024,"""Blender""",Home,5,44.99,returned
6834,Hank  BOS,07/16/2024,Binder,Office,10,5.99,processing
6835,Karen  ATL,09-04-2024,Monitor,Electronics,3,299,delivered
6836,Rose  DAL,06-23-2024,Pen Set,Office,9,12.99,Delivered
ORD-6837,Sam  SEA,04-13-2024,Monitor,Electronics,8,299,processing
6838,Alice Smith,30-11-2024,Headphones,Electronics,4,$89.99,Delivered
6839,Diana  NYC,01/18/2024,Stapler,Office,3,15.99,Pending
6840,Mia  PDX,02-04-2024,Sneakers,Clothing,8,75,cancelled
6841,Frank  DAL,27-08-2024,Headphones,Electronics,5,89,shipped
6842,Karen  ATL,08-21-2024,Pen Set,Office,7,12.99,returned
6843,Hank  BOS,30-08-2024,Water Bottle,Sports,3,15,returned
6844,Bob  LA,23-09-2024,"""TShirt""",Clothing,6,25,returned
6845,Eve  SF,05/14/24,Notebook,Office,8,9,cancelled
6846,Frank  DAL,10-09-2024,Mouse,Electronics,6,25,pending
6847,Quinn  SF,08/25/24,Dumbbell,Sports,4,$39.99,Delivered
ORD-6848,Bob  LA,13-11-2024,Water Bottle,Sports,8,$14.99,cancelled
6849,Eve  SF,07-08-2024,Dress,Clothing,3,49.99,shipped
6850,Eve  SF,05-03-2024,Whiteboard,Office,8,49.99,Pending
6851,Bob  LA,30-09-2024,Belt,Clothing,4,30,Pending
6852,Leo  DEN,06-11-2024,Keyboard,Electronics,1,45,RETURNED
6853,Frank  DAL,04/18/24,Laptop,Electronics,10,800,Pending
6854,Karen  ATL,08/15/24,Clock,Home,6,19.99,cancelled
6855,Diana  NYC,05-01-2024,Jacket,Clothing,9,89.99,pending
6856,Rose  DAL,12-06-2024,Stapler,Office,10,15,Delivered
6857,Bob  LA,11-03-2024,Whiteboard,Office,9,50,delivered
6858,Bob  LA,11-06-2024,Resistance Band,Sports,9,12.99,Delivered
6859,Rose  DAL,15-03-2024,Chair,Office,7,199.99,delivered
6860,Leo  DEN,10/16/2024,Webcam,Electronics,3,59.99,delivered
6861,Alice  NYC,09/14/24,Clock,Home,1,19.99,RETURNED
6862,Frank  DAL,08/17/24,Sneakers,Clothing,7,75,RETURNED
6863,Paul  CHI,22-12-2024,Desk Lamp,Office,2,$34.99,returned
6864,Eve  SF,17-09-2024,Jacket,Clothing,9,89.99,delivered
6865,Charlie  CHI,12-09-2024,Blanket,Home,2,N/A,returned
6866,Karen  ATL,01-08-2024,Chair,Office,9,200,Delivered
6867,Charlie  CHI,09-10-2024,USB Hub,Electronics,2,19.99,cancelled
ORD-6868,Paul  CHI,18-02-2024,"""Pillow""",Home,10,25,Pending
6869,Grace  SEA,11-12-2024,TShirt,Clothing,4,$25.00,delivered
6870,Alice Smith,01-12-2024,Tablet,Electronics,7,$349.99,cancelled
6871,Ivy  MIA,05-02-2024,Mouse,Electronics,1,25,pending
6872,Nate  NYC,30-05-2024,Rug,Home,6,89,processing
6873,Grace  SEA,18-02-2024,"""Jacket""",Clothing,5,89.99,processing
6874,Grace  SEA,08/29/24,Resistance Band,Sports,1,12.99,returned
6875,Mia  PDX,08-31-2024,Water Bottle,Sports,1,$14.99,pending
6876,Mia  PDX,21-03-2024,Jeans,Clothing,7,60,delivered
6877,Quinn  SF,07/29/2024,Jacket,Clothing,4,89.99,Pending
6878,Jack  PHX,09-08-2024,Clock,Home,3,$19.99,Delivered
6879,Sam  SEA,11-03-2024,Jacket,Clothing,4,$89.99,delivered
6880,Charlie  CHI,07/21/2024,Running Shoes,Sports,1,90,pending
6881,Ivy  MIA,07-02-2024,Webcam,Electronics,7,59.99,pending
6882,Nate  NYC,12-11-2024,Monitor,Electronics,4,299.99,pending
6883,Rose  DAL,02-11-2024,Socks,Clothing,3,9.99,Delivered
6884,Bob  LA,05-27-2024,Notebook,Office,5,8.99,Pending
6885,Eve  SF,01/14/24,Coffee Maker,Home,5,$59.99,shipped
6886,Olivia  LA,02-06-2024,Coffee Maker,Home,6,$59.99,shipped
6887,Grace  SEA,09-09-2024,Rug,Home,10,$89.99,shipped
6888,Frank  DAL,12/20/24,Dress,Clothing,9,50,pending
6889,Paul  CHI,08-06-2024,Keyboard,Electronics,9,$45.00,pending
6890,Sam  SEA,05/26/2024,Water Bottle,Sports,10,14.99,returned
6891,Bob  LA,07/24/24,Yoga Mat,Sports,8,30,delivered
6892,Bob  LA,14-09-2024,Pillow,Home,9,24,processing
6893,Mia  PDX,07/19/2024,"""Calculator""",Office,7,25,cancelled
6894,Rose  DAL,05/14/24,Pen Set,Office,1,13,RETURNED
6895,Quinn  SF,09-04-2024,Rug,Home,5,89,returned
6896,Sam  SEA,08-04-2024,TShirt,Clothing,3,$25.00,pending
6897,Alice  NYC,30-10-2024,Jeans,Clothing,8,59.99,Pending
6898,Grace  SEA,10/28/24,Socks,Clothing,2,$9.99,Delivered
6899,Sam  SEA,05/28/24,Socks,Clothing,6,$9.99,
ORD-6900,Bob  LA,25-11-2024,Pen Set,Office,1,12,Pending
6901,Rose  DAL,10/23/2024,Jump Rope,Sports,5,$9.99,returned
6902,Quinn  SF,01-29-2024,Jacket,Clothing,6,89,returned
6903,Rose  DAL,12-07-2024,Coffee Maker,Home,9,59.99,processing
6904,Charlie  CHI,12-02-2024,Resistance Band,Sports,6,12,returned
6905,Paul  CHI,07/15/24,Chair,Office,9,$199.99,returned
6906,Rose  DAL,10-29-2024,Rug,Home,5,90,Delivered
6907,Jack  PHX,07-10-2024,Dress,Clothing,7,49,RETURNED
6908,Nate  NYC,10/14/24,Mouse,Electronics,6,25,Pending
6909,Tina  BOS,07-08-2024,Notebook,Office,9,8,delivered
6910,Charlie  CHI,19-02-2024,Dumbbell,Sports,10,39,shipped
6911,Olivia  LA,09-11-2024,"""Running Shoes""",Sports,8,89.99,shipped
6912,Diana  NYC,21-07-2024,Water Bottle,Sports,10,15,pending
6913,Jack  PHX,05-16-2024,Lamp,Home,9,39.99,processing
6914,Jack  PHX,24-02-2024,TShirt,Clothing,9,25,RETURNED
6915,Sam  SEA,20-11-2024,Calculator,Office,2,25,shipped
6916,Tina  BOS,04-06-2024,Jeans,Clothing,7,59.99,pending
6917,Hank  BOS,12/30/2024,Rug,Home,2,89,Delivered
6918,Paul  CHI,07-06-2024,Water Bottle,Sports,8,14,Pending
6919,Paul  CHI,01/20/2024,Tablet,Electronics,4,350,Pending
6920,Sam  SEA,14-02-2024,Water Bottle,Sports,6,14.99,RETURNED
6921,Grace  SEA,03-01-2024,"""Chair""",Office,1,$199.99,returned
6922,Frank  DAL,09-15-2024,Rug,Home,3,89,cancelled
6923,Frank  DAL,09-21-2024,Belt,Clothing,10,29,Delivered
6924,Sam  SEA,08/30/2024,Keyboard,Electronics,1,45,shipped
6925,Olivia  LA,01-08-2024,Binder,Office,5,5,pending
6926,Rose  DAL,10-02-2024,Running Shoes,Sports,6,90,Delivered
6927,Paul  CHI,03/25/2024,"""Notebook""",Office,7,9,RETURNED
6928,Bob  LA,30-09-2024,Whiteboard,Office,9,49,pending
6929,Eve  SF,01-09-2024,Laptop,Electronics,6,799.99,Delivered
6930,Jack  PHX,05-26-2024,Mouse,Electronics,1,$25.00,delivered
6931,Rose  DAL,07-08-2024,Jeans,Clothing,1,60,processing
6932,Alice  NYC,03/13/24,Yoga Mat,Sports,10,29,returned
6933,Paul  CHI,25-04-2024,TShirt,Clothing,6,25,RETURNED
6934,Rose  DAL,12/16/24,USB Hub,Electronics,6,19.99,cancelled
6935,Nate  NYC,07-11-2024,Jacket,Clothing,1,89.99,delivered
6936,Hank  BOS,11-04-2024,Notebook,Office,7,$8.99,Delivered
6937,Grace  SEA,01-04-2024,"""Resistance Band""",Sports,5,12,pending
6938,Olivia  LA,05/25/24,Blanket,Home,5,35,shipped
6939,Mia  PDX,04-05-2024,Blender,Home,10,44,cancelled
6940,Hank  BOS,07/15/24,"""Socks""",Clothing,10,9,delivered
6941,Eve  SF,11-10-2024,Lamp,Home,9,39.99,pending
6942,Paul  CHI,09/25/2024,Pen Set,Office,10,$12.99,cancelled
6943,Bob  LA,06-12-2024,Whiteboard,Office,2,49,pending
6944,Charlie  CHI,14-10-2024,TShirt,Clothing,1,25,delivered
6945,Frank  DAL,28-06-2024,Mouse,Electronics,8,25,shipped
6946,Frank  DAL,21-09-2024,Hat,Clothing,1,$19.99,returned
6947,Sam  SEA,02-04-2024,Resistance Band,Sports,3,$12.99,pending
6948,Ivy  MIA,13-02-2024,Notebook,Office,7,8,pending
6949,Eve  SF,07/16/24,Water Bottle,Sports,5,14.99,processing
6950,Rose  DAL,28-02-2024,Pen Set,Office,3,12.99,pending
6951,Mia  PDX,11/22/24,Pen Set,Office,1,12.99,processing
6952,Olivia  LA,06-23-2024,Smartphone,Electronics,2,$699.99,processing
6953,Olivia  LA,08/25/24,Dress,Clothing,1,50,cancelled
6954,Sam  SEA,05-04-2024,Dumbbell,Sports,1,39,pending
6955,Ivy  MIA,08-12-2024,Running Shoes,Sports,2,89.99,returned
6956,Hank  BOS,17-02-2024,Hat,Clothing,7,19,shipped
6957,Paul  CHI,03/23/24,"""Dress""",Clothing,3,49,delivered
6958,Alice  NYC,06-04-2024,TShirt,Clothing,10,25,returned
6959,Hank  BOS,12-12-2024,Pen Set,Office,4,12.99,processing
6960,Hank  BOS,10/17/2024,Jeans,Clothing,8,$59.99,processing
6961,Frank  DAL,03-13-2024,Blender,Home,1,45,processing
6962,Mia  PDX,11-11-2024,"""Charger""",Electronics,8,14,Delivered
6963,Olivia  LA,17-03-2024,Charger,Electronics,9,15,cancelled
6964,Sam  SEA,02-04-2024,Monitor,Electronics,6,300,returned
6965,Olivia  LA,25-10-2024,Chair,Office,6,199.99,Delivered
6966,Frank  DAL,10-11-2024,Dress,Clothing,3,50,RETURNED
6967,Charlie  CHI,02/19/24,Resistance Band,Sports,2,12,processing
6968,Ivy  MIA,27-05-2024,Jeans,Clothing,10,59,delivered
6969,Olivia  LA,06-18-2024,Chair,Office,8,199,processing
6970,Rose  DAL,07-03-2024,Rug,Home,6,$89.99,shipped
6971,Diana Prince,18-10-2024,USB Hub,Electronics,10,19.99,Delivered
6972,Jack  PHX,12/13/24,Jeans,Clothing,2,60,Pending
6973,Diana  NYC,06/23/24,"""Tablet""",Electronics,5,350,Pending
6974,Sam  SEA,11-11-2024,TShirt,Clothing,7,25,returned
6975,Ivy  MIA,28-07-2024,Stapler,Office,3,16,returned
6976,Bob  LA,27-09-2024,Calculator,Office,10,24.99,RETURNED
6977,Rose  DAL,06/17/2024,Dumbbell,Sports,5,$39.99,RETURNED
6978,Diana Prince,09-07-2024,Jeans,Clothing,7,59.99,cancelled
6979,Frank  DAL,11-11-2024,Dumbbell,Sports,2,39,processing
6980,Grace  SEA,06-06-2024,Clock,Home,3,19.99,shipped
6981,Quinn  SF,15-11-2024,Stapler,Office,2,15,RETURNED
6982,Leo  DEN,16-05-2024,Jacket,Clothing,1,$89.99,Pending
6983,Mia  PDX,01-08-2024,Chair,Office,5,199.99,processing
ORD-6984,Sam  SEA,07/22/2024,Socks,Clothing,9,$9.99,cancelled
6985,Rose  DAL,10/17/2024,Smartphone,Electronics,2,$699.99,cancelled
6986,Frank  DAL,03-25-2024,Webcam,Electronics,6,59,processing
6987,Diana  NYC,10/24/24,Mouse,Electronics,7,25,cancelled
6988,Nate  NYC,07-03-2024,USB Hub,Electronics,9,19.99,processing
6989,Bob  LA,03-02-2024,Clock,Home,1,$19.99,processing
6990,Olivia  LA,09-06-2024,USB Hub,Electronics,3,19.99,Pending
6991,Hank  BOS,24-04-2024,Hat,Clothing,1,$19.99,pending
6992,Charlie  CHI,10-12-2024,Running Shoes,Sports,2,89.99,processing
6993,Hank  BOS,11-08-2024,"""Pen Set""",Office,8,12.99,RETURNED
ORD-6994,Quinn  SF,03-12-2024,Rug,Home,6,89,cancelled
6995,Ivy  MIA,05-16-2024,Rug,Home,9,90,Delivered
6996,Mia  PDX,12-05-2024,Whiteboard,Office,10,50,cancelled
6997,Paul  CHI,08/21/24,"""TShirt""",Clothing,1,25,Pending
6998,Eve  SF,03-05-2024,Socks,Clothing,1,9.99,returned
6999,Alice  NYC,27-01-2024,Mouse,Electronics,6,$25.00,processing
ORD-7000,Paul  CHI,08-01-2024,Pen Set,Office,6,12,shipped
7001,Bob  LA,11-02-2024,Belt,Clothing,8,30,cancelled
7002,Hank  BOS,03/19/2024,Chair,Office,3,$199.99,Delivered
7003,Mia  PDX,10/21/24,Charger,Electronics,10,14.99,pending
7004,Tina  BOS,05-10-2024,Yoga Mat,Sports,5,29.99,Delivered
7005,Jack  PHX,08-05-2024,Water Bottle,Sports,1,14.99,RETURNED
7006,Ivy  MIA,24-08-2024,Binder,Office,10,5,RETURNED
7007,Charlie  CHI,03-09-2024,"""Notebook""",Office,2,9,delivered
7008,Alice  NYC,05-18-2024,Notebook,Office,3,8.99,delivered
7009,Diana  NYC,03-30-2024,TShirt,Clothing,4,25,delivered
7010,Eve  SF,08/21/2024,Charger,Electronics,6,14,shipped
7011,Diana  NYC,25-04-2024,Belt,Clothing,1,29,shipped
7012,Grace  SEA,09-11-2024,Smartphone,Electronics,5,699.99,RETURNED
7013,Leo  DEN,06/14/2024,Socks,Clothing,4,10,RETURNED
7014,Ivy  MIA,05-02-2024,Desk Lamp,Office,1,35,shipped
7015,Jack  PHX,06-08-2024,Resistance Band,Sports,7,12.99,returned
7016,Jack  PHX,12-12-2024,Socks,Clothing,1,9.99,cancelled
7017,Paul  CHI,09/27/2024,Coffee Maker,Home,6,59.99,delivered
7018,Grace  SEA,17-11-2024,Jump Rope,Sports,6,9.99,pending
7019,Tina  BOS,07/29/2024,"""Belt""",Clothing,5,29,delivered
7020,Leo  DEN,02/20/2024,Pillow,Home,1,25,cancelled
7021,Alice Smith,04-03-2024,Whiteboard,Office,8,49.99,pending
ORD-7022,Sam  SEA,10-05-2024,Sneakers,Clothing,4,75,Delivered
ORD-7023,Diana Prince,22-01-2024,Whiteboard,Office,10,49.99,Pending
7024,Leo  DEN,08-11-2024,"""Desk Lamp""",Office,7,34,Delivered
7025,Nate  NYC,04-07-2024,Webcam,Electronics,8,59,delivered
7026,Karen  ATL,02-11-2024,Hat,Clothing,4,$19.99,cancelled
7027,Eve  SF,04-10-2024,Smartphone,Electronics,1,$699.99,shipped
7028,Rose  DAL,09/21/24,Tablet,Electronics,9,349.99,Pending
7029,Olivia  LA,06-01-2024,Rug,Home,9,89.99,cancelled
7030,Nate  NYC,12-05-2024,Resistance Band,Sports,9,12.99,shipped
7031,Jack  PHX,03-07-2024,Mouse,Electronics,5,25,cancelled
7032,Hank  BOS,12-02-2024,Resistance Band,Sports,5,12,processing
7033,Hank  BOS,01-07-2024,Belt,Clothing,6,29.99,RETURNED
ORD-7034,Leo  DEN,04-14-2024,Water Bottle,Sports,1,14.99,cancelled
7035,Alice Smith,01/31/24,Dumbbell,Sports,9,39,shipped
7036,Leo  DEN,11/16/2024,Whiteboard,Office,6,49.99,returned
7037,Olivia  LA,11-03-2024,Blender,Home,7,44,Delivered
7038,Paul  CHI,01-09-2024,Headphones,Electronics,2,89.99,delivered
7039,Frank  DAL,12-02-2024,Blanket,Home,4,35,shipped
7040,Quinn  SF,06-22-2024,Blanket,Home,3,34,returned
7041,Sam  SEA,02-07-2024,Webcam,Electronics,8,$59.99,RETURNED
ORD-7042,Grace  SEA,11-07-2024,Desk Lamp,Office,9,34.99,delivered
7043,Alice  NYC,18-08-2024,Dress,Clothing,2,$49.99,Pending
7044,Mia  PDX,05-10-2024,Socks,Clothing,6,9,Delivered
7045,Diana Prince,09-04-2024,Jump Rope,Sports,3,9.99,shipped
7046,Eve  SF,10-12-2024,"""Jump Rope""",Sports,5,9,returned
7047,Paul  CHI,12-08-2024,USB Hub,Electronics,5,19.99,returned
7048,Mia  PDX,06-06-2024,Running Shoes,Sports,8,89.99,Delivered
7049,Leo  DEN,01/24/2024,Pillow,Home,4,$24.99,processing
7050,Hank  BOS,06-10-2024,Dumbbell,Sports,3,39.99,pending
7051,Jack  PHX,17-04-2024,Dress,Clothing,5,49,Pending
7052,Ivy  MIA,06-02-2024,Pen Set,Office,2,12.99,pending
7053,Charlie  CHI,10-03-2024,Yoga Mat,Sports,10,30,returned
7054,Nate  NYC,12-02-2024,Resistance Band,Sports,1,12.99,pending
7055,Hank  BOS,12-29-2024,Mouse,Electronics,10,25,pending
7056,Ivy  MIA,28-08-2024,Whiteboard,Office,4,49.99,processing
7057,Bob  LA,28-01-2024,Monitor,Electronics,5,299,cancelled
7058,Diana Prince,12-08-2024,Stapler,Office,8,16,RETURNED
7059,Leo  DEN,01-03-2024,Tablet,Electronics,4,$349.99,Pending
7060,Ivy  MIA,07-09-2024,Rug,Home,9,89.99,returned
7061,Leo  DEN,05-08-2024,Tablet,Electronics,9,349,returned
7062,Nate  NYC,03-22-2024,Tablet,Electronics,5,349,pending
7063,Jack  PHX,15-07-2024,Charger,Electronics,6,14.99,Delivered
7064,Diana  NYC,22-09-2024,Webcam,Electronics,1,59.99,cancelled
7065,Alice  NYC,11-11-2024,Jump Rope,Sports,1,9,returned
7066,Sam  SEA,06/17/2024,Water Bottle,Sports,10,14,returned
7067,Diana  NYC,09/22/24,Coffee Maker,Home,9,59,RETURNED
ORD-7068,Ivy  MIA,13-06-2024,USB Hub,Electronics,2,19,shipped
7069,Sam  SEA,06/17/24,Rug,Home,9,89.99,Pending
7070,Alice Smith,08/27/2024,Jump Rope,Sports,9,10,Delivered
7071,Charlie  CHI,10-01-2024,Chair,Office,2,200,processing
7072,Rose  DAL,13-07-2024,Smartphone,Electronics,2,699.99,processing
7073,Ivy  MIA,10-11-2024,Smartphone,Electronics,2,700,Pending
7074,Olivia  LA,02-18-2024,Lamp,Home,3,$39.99,Delivered
7075,Mia  PDX,12-11-2024,Running Shoes,Sports,7,89.99,shipped
7076,Hank  BOS,08-04-2024,Jump Rope,Sports,1,9.99,Delivered
ORD-7077,Eve  SF,10-01-2024,Notebook,Office,9,8,cancelled
7078,Rose  DAL,01-02-2024,Calculator,Office,1,25,Pending
7079,Frank  DAL,06/27/2024,Toaster,Home,3,$29.99,RETURNED
7080,Nate  NYC,02-04-2024,Charger,Electronics,6,$14.99,pending
7081,Eve  SF,10/24/24,USB Hub,Electronics,6,20,RETURNED
7082,Paul  CHI,10-05-2024,Monitor,Electronics,4,299,delivered
7083,Quinn  SF,08/14/24,Toaster,Home,9,29.99,Delivered
7084,Nate  NYC,10/26/24,Jump Rope,Sports,10,9.99,Pending
ORD-7085,Grace  SEA,17-05-2024,Resistance Band,Sports,1,12.99,pending
ORD-7086,Quinn  SF,08/14/2024,Running Shoes,Sports,4,89.99,shipped
7087,Rose  DAL,12-07-2024,"""Clock""",Home,2,20,Delivered
7088,Ivy  MIA,10-20-2024,Laptop,Electronics,3,799.99,pending
7089,Grace  SEA,04-04-2024,Blanket,Home,1,34.99,Delivered
7090,Alice  NYC,10-06-2024,Dumbbell,Sports,9,39.99,cancelled
7091,Grace  SEA,11-24-2024,Blender,Home,9,44.99,delivered
7092,Jack  PHX,05-10-2024,Dumbbell,Sports,6,39.99,processing
7093,Rose  DAL,01-12-2024,Blanket,Home,5,34,Delivered
7094,Eve  SF,06/20/24,Hat,Clothing,5,$19.99,Delivered
7095,Olivia  LA,05-10-2024,Blanket,Home,6,34.99,delivered
7096,Nate  NYC,05-02-2024,Keyboard,Electronics,1,45,delivered
7097,Frank  DAL,19-12-2024,Pen Set,Office,2,12.99,delivered
7098,Frank  DAL,11-28-2024,Charger,Electronics,7,14.99,Pending
7099,Charlie  CHI,25-01-2024,Calculator,Office,1,$24.99,cancelled
7100,Jack  PHX,04-03-2024,Charger,Electronics,5,$14.99,RETURNED
7101,Jack  PHX,03/16/2024,Binder,Office,7,6,Pending
7102,Paul  CHI,12-11-2024,Calculator,Office,3,24,returned
7103,Rose  DAL,07-18-2024,USB Hub,Electronics,5,20,delivered
7104,Jack  PHX,07-12-2024,"""Calculator""",Office,10,24.99,shipped
7105,Eve  SF,05/22/24,Headphones,Electronics,2,89.99,shipped
7106,Charlie  CHI,10/30/24,Rug,Home,10,$89.99,shipped
7107,Quinn  SF,05-15-2024,Jump Rope,Sports,2,$9.99,Delivered
7108,Nate  NYC,21-12-2024,Stapler,Office,3,16,returned
7109,Jack  PHX,24-03-2024,Headphones,Electronics,10,90,returned
7110,Ivy  MIA,05-11-2024,Binder,Office,7,$5.99,returned
7111,Bob  LA,09-09-2024,TShirt,Clothing,4,25,shipped
7112,Tina  BOS,03-12-2024,Clock,Home,5,19,
7113,Olivia  LA,22-02-2024,"""Running Shoes""",Sports,5,89.99,Delivered
7114,Grace  SEA,04-12-2024,Jacket,Clothing,5,90,Delivered
7115,Jack  PHX,09-01-2024,Jeans,Clothing,2,59.99,processing
7116,Tina  BOS,10-14-2024,Webcam,Electronics,2,59.99,Pending
7117,Jack  PHX,26-04-2024,Webcam,Electronics,2,59.99,Pending
7118,Tina  BOS,05-10-2024,Laptop,Electronics,9,$799.99,delivered
7119,Paul  CHI,19-05-2024,"""Jump Rope""",Sports,4,10,
7120,Nate  NYC,03-30-2024,Keyboard,Electronics,10,45,delivered
7121,Rose  DAL,12/23/24,Notebook,Office,2,$8.99,RETURNED
7122,Sam  SEA,02-05-2024,Running Shoes,Sports,3,90,shipped
7123,Mia  PDX,02/14/24,Hat,Clothing,2,19.99,shipped
7124,Grace  SEA,10-02-2024,Monitor,Electronics,6,N/A,Pending
7125,Jack  PHX,01-12-2024,Yoga Mat,Sports,3,29.99,RETURNED
7126,Rose  DAL,10-10-2024,Mouse,Electronics,5,25,pending
ORD-7127,Diana  NYC,06-10-2024,Coffee Maker,Home,6,$59.99,RETURNED
7128,Grace  SEA,02-15-2024,Resistance Band,Sports,8,$12.99,returned
7129,Grace  SEA,13-07-2024,Keyboard,Electronics,5,45,pending
7130,Diana  NYC,21-05-2024,"""Toaster""",Home,4,29.99,delivered
7131,Alice Smith,06/24/2024,Binder,Office,3,5.99,Delivered
7132,Jack  PHX,02-01-2024,Lamp,Home,4,39,shipped
7133,Diana  NYC,14-11-2024,Socks,Clothing,4,9,returned
7134,Leo  DEN,07-07-2024,Laptop,Electronics,6,799,pending
7135,Karen  ATL,03-13-2024,Hat,Clothing,7,19.99,RETURNED
7136,Paul  CHI,12/25/2024,Notebook,Office,4,8.99,delivered
7137,Eve  SF,06-08-2024,Jump Rope,Sports,4,9,shipped
7138,Grace  SEA,04/14/2024,Toaster,Home,7,$29.99,shipped
7139,Paul  CHI,11-07-2024,"""Keyboard""",Electronics,4,45,cancelled
7140,Frank  DAL,02-03-2024,Jacket,Clothing,9,89.99,Pending
7141,Tina  BOS,02-12-2024,Coffee Maker,Home,3,59.99,Delivered
7142,Olivia  LA,21-06-2024,Blanket,Home,4,$34.99,processing
7143,Frank  DAL,28-04-2024,Dumbbell,Sports,5,$39.99,delivered
7144,Quinn  SF,07/18/24,Dumbbell,Sports,4,39.99,Pending
7145,Nate  NYC,26-10-2024,Sneakers,Clothing,10,$75.00,shipped
7146,Quinn  SF,08-02-2024,Blanket,Home,5,35,cancelled
7147,Rose  DAL,01-11-2024,Lamp,Home,8,39.99,processing
7148,Frank  DAL,07-03-2024,Blanket,Home,5,34.99,shipped
7149,Leo  DEN,26-04-2024,Charger,Electronics,5,14.99,Delivered
7150,Olivia  LA,06-07-2024,Yoga Mat,Sports,9,30,returned
7151,Olivia  LA,12/16/2024,Smartphone,Electronics,4,699.99,Pending
7152,Eve  SF,18-12-2024,Dumbbell,Sports,9,40,pending
7153,Diana  NYC,02-16-2024,Yoga Mat,Sports,6,29.99,processing
7154,Tina  BOS,22-11-2024,Keyboard,Electronics,8,45,shipped
7155,Nate  NYC,08/28/24,Hat,Clothing,9,$19.99,Delivered
7156,Frank  DAL,12-01-2024,Blender,Home,3,45,processing
7157,Eve  SF,18-11-2024,Socks,Clothing,4,9.99,RETURNED
7158,Nate  NYC,07-04-2024,Whiteboard,Office,1,50,shipped
7159,Leo  DEN,07-02-2024,Running Shoes,Sports,9,90,pending
7160,Tina  BOS,25-05-2024,Keyboard,Electronics,10,45,processing
7161,Karen  ATL,14-09-2024,Jacket,Clothing,6,90,pending
7162,Sam  SEA,08-17-2024,Resistance Band,Sports,10,12,cancelled
7163,Hank  BOS,11/16/24,Pillow,Home,1,24.99,shipped
7164,Leo  DEN,31-10-2024,Calculator,Office,4,$24.99,returned
7165,Nate  NYC,12-10-2024,Binder,Office,8,6,cancelled
7166,Paul  CHI,08-06-2024,Monitor,Electronics,4,299.99,pending
7167,Quinn  SF,11-01-2024,Tablet,Electronics,9,350,cancelled
7168,Charlie  CHI,04-05-2024,Water Bottle,Sports,6,$14.99,processing
7169,Mia  PDX,01-06-2024,Toaster,Home,7,29.99,Delivered
7170,Leo  DEN,30-04-2024,Dumbbell,Sports,8,39.99,returned
7171,Sam  SEA,05-11-2024,Water Bottle,Sports,1,14.99,delivered
7172,Ivy  MIA,27-05-2024,Blender,Home,6,$44.99,returned
7173,Karen  ATL,10-13-2024,Dress,Clothing,3,49,delivered
7174,Rose  DAL,06-28-2024,TShirt,Clothing,4,25,returned
7175,Nate  NYC,15-04-2024,Pen Set,Office,3,$12.99,RETURNED
7176,Bob  LA,21-04-2024,Resistance Band,Sports,8,12.99,Pending
7177,Olivia  LA,28-01-2024,Yoga Mat,Sports,1,29,delivered
7178,Jack  PHX,05/21/24,Mouse,Electronics,3,25,returned
7179,Ivy  MIA,08-04-2024,Yoga Mat,Sports,9,29.99,cancelled
7180,Grace  SEA,20-03-2024,Binder,Office,6,$5.99,returned
7181,Ivy  MIA,09-03-2024,Yoga Mat,Sports,9,29.99,RETURNED
7182,Hank  BOS,07/28/2024,Belt,Clothing,4,29.99,processing
7183,Alice  NYC,18-11-2024,Blanket,Home,7,34.99,shipped
7184,Tina  BOS,07-08-2024,Charger,Electronics,10,14.99,returned
7185,Hank  BOS,11-11-2024,Chair,Office,10,200,delivered
7186,Rose  DAL,04/29/24,Blanket,Home,1,$34.99,shipped
7187,Paul  CHI,11-10-2024,Binder,Office,1,$5.99,delivered
7188,Charlie  CHI,09/18/24,Rug,Home,2,89.99,processing
ORD-7189,Rose  DAL,23-01-2024,Belt,Clothing,2,29.99,shipped
7190,Ivy  MIA,27-06-2024,Chair,Office,4,$199.99,shipped
7191,Charlie  CHI,17-10-2024,Pen Set,Office,2,12.99,RETURNED
7192,Eve  SF,23-06-2024,Running Shoes,Sports,2,89,returned
7193,Nate  NYC,23-09-2024,"""Laptop""",Electronics,9,799.99,Pending
7194,Diana  NYC,07-07-2024,Clock,Home,3,19.99,Pending
7195,Grace  SEA,02-06-2024,Desk Lamp,Office,9,34.99,shipped
7196,Olivia  LA,01-05-2024,Charger,Electronics,10,14.99,shipped
7197,Charlie  CHI,03-12-2024,Socks,Clothing,4,9,cancelled
7198,Rose  DAL,01/21/24,Pen Set,Office,10,13,shipped
7199,Nate  NYC,09/24/2024,Toaster,Home,8,29.99,returned
7200,Quinn  SF,12-07-2024,Tablet,Electronics,1,350,RETURNED
7201,Rose  DAL,20-12-2024,Coffee Maker,Home,6,$59.99,shipped
7202,Nate  NYC,19-07-2024,Jacket,Clothing,5,89.99,delivered
7203,Paul  CHI,04/17/2024,Belt,Clothing,8,$29.99,delivered
7204,Diana  NYC,04-11-2024,USB Hub,Electronics,7,$19.99,Pending
7205,Frank  DAL,28-03-2024,Stapler,Office,1,16,processing
7206,Jack  PHX,06/18/2024,USB Hub,Electronics,9,19.99,cancelled
7207,Charlie  CHI,03-05-2024,Sneakers,Clothing,5,75,shipped
7208,Grace  SEA,25-05-2024,Jump Rope,Sports,6,9.99,Pending
7209,Alice  NYC,04/20/24,Chair,Office,2,199,Pending
7210,Mia  PDX,04-23-2024,Pen Set,Office,1,12.99,shipped
ORD-7211,Ivy  MIA,21-01-2024,Blanket,Home,2,$34.99,Pending
7212,Quinn  SF,10/13/2024,Jump Rope,Sports,1,$9.99,returned
7213,Bob  LA,03/17/24,"""Resistance Band""",Sports,3,13,shipped
7214,Alice  NYC,18-03-2024,Running Shoes,Sports,8,$89.99,Pending
7215,Mia  PDX,02-01-2024,Dress,Clothing,9,49,RETURNED
7216,Bob  LA,30-12-2024,Jump Rope,Sports,10,9.99,Pending
7217,Nate  NYC,02-03-2024,Dumbbell,Sports,3,39,RETURNED
7218,Charlie  CHI,09-15-2024,Water Bottle,Sports,10,14,shipped
7219,Alice  NYC,08/24/24,Blanket,Home,6,35,cancelled
7220,Karen  ATL,02-16-2024,Running Shoes,Sports,5,89.99,delivered
7221,Jack  PHX,10/17/24,Hat,Clothing,6,19,RETURNED
7222,Tina  BOS,12-09-2024,TShirt,Clothing,2,25,pending
7223,Alice Smith,08-10-2024,"""Rug""",Home,2,89.99,RETURNED
7224,Charlie  CHI,12/22/2024,Smartphone,Electronics,3,699.99,Pending
7225,Nate  NYC,02-06-2024,Headphones,Electronics,2,89.99,shipped
7226,Bob  LA,11/26/24,Blanket,Home,4,34,pending
7227,Jack  PHX,12-12-2024,Blender,Home,9,44.99,pending
7228,Karen  ATL,04/18/2024,Jeans,Clothing,10,$59.99,shipped
7229,Bob  LA,08/15/2024,Monitor,Electronics,9,299.99,RETURNED
7230,Hank  BOS,01-12-2024,Lamp,Home,5,39.99,Delivered
7231,Bob  LA,16-07-2024,Chair,Office,4,199,Delivered
7232,Grace  SEA,07-03-2024,Charger,Electronics,5,15,pending
7233,Karen  ATL,17-09-2024,Running Shoes,Sports,3,$89.99,returned
7234,Hank  BOS,08-08-2024,Jacket,Clothing,6,89.99,cancelled
7235,Grace  SEA,02/25/24,TShirt,Clothing,2,$25.00,returned
7236,Hank  BOS,09-18-2024,Hat,Clothing,10,19.99,returned
7237,Leo  DEN,02/23/2024,"""Jacket""",Clothing,2,89.99,delivered
7238,Rose  DAL,04-22-2024,Smartphone,Electronics,10,$699.99,delivered
ORD-7239,Charlie  CHI,08-04-2024,Yoga Mat,Sports,10,29.99,pending
7240,Quinn  SF,10-06-2024,Water Bottle,Sports,9,14.99,Delivered
ORD-7241,Karen  ATL,07-08-2024,Water Bottle,Sports,9,$14.99,processing
7242,Rose  DAL,09/13/24,Clock,Home,10,19,shipped
7243,Paul  CHI,03-22-2024,Dress,Clothing,5,50,RETURNED
7244,Quinn  SF,05-04-2024,Blanket,Home,1,34.99,delivered
7245,Sam  SEA,23-11-2024,Lamp,Home,3,$39.99,processing
7246,Bob  LA,07-24-2024,Rug,Home,9,$89.99,returned
7247,Tina  BOS,05/19/24,Water Bottle,Sports,9,14.99,cancelled
7248,Rose  DAL,10-17-2024,Chair,Office,7,199,pending
7249,Grace  SEA,30-08-2024,"""Calculator""",Office,2,24.99,Pending
7250,Charlie  CHI,22-09-2024,Chair,Office,7,200,delivered
7251,Tina  BOS,07/15/24,Calculator,Office,8,24.99,returned
7252,Alice  NYC,08-01-2024,Sneakers,Clothing,6,75,Pending
7253,Quinn  SF,01-12-2024,Stapler,Office,10,16,Delivered
7254,Nate  NYC,09/29/24,Chair,Office,7,199.99,shipped
7255,Olivia  LA,11-29-2024,Rug,Home,3,89,Pending
7256,Alice  NYC,23-04-2024,Resistance Band,Sports,4,12.99,RETURNED
7257,Bob  LA,09-04-2024,Binder,Office,5,$5.99,delivered
7258,Olivia  LA,04-15-2024,Whiteboard,Office,2,$49.99,Delivered
7259,Hank  BOS,14-11-2024,Toaster,Home,8,30,cancelled
7260,Quinn  SF,12/13/24,Notebook,Office,7,8.99,returned
7261,Quinn  SF,02-12-2024,Hat,Clothing,3,$19.99,shipped
7262,Quinn  SF,08-02-2024,Calculator,Office,9,25,delivered
7263,Jack  PHX,29-03-2024,Mouse,Electronics,7,25,pending
7264,Jack  PHX,13-08-2024,"""Resistance Band""",Sports,10,12,returned
7265,Charlie  CHI,04-09-2024,"""Belt""",Clothing,6,29.99,Delivered
7266,Rose  DAL,04/17/2024,Belt,Clothing,4,30,Delivered
7267,Leo  DEN,11/22/2024,Smartphone,Electronics,9,699,cancelled
7268,Ivy  MIA,08-06-2024,Belt,Clothing,8,29.99,pending
7269,Olivia  LA,14-01-2024,Jeans,Clothing,10,59.99,returned
7270,Grace  SEA,30-06-2024,Yoga Mat,Sports,2,30,pending
7271,Olivia  LA,12/13/24,Water Bottle,Sports,1,15,Delivered
7272,Karen  ATL,21-07-2024,Resistance Band,Sports,2,$12.99,cancelled
7273,Leo  DEN,19-08-2024,USB Hub,Electronics,9,19,RETURNED
7274,Quinn  SF,22-10-2024,Headphones,Electronics,1,89.99,processing
7275,Olivia  LA,03-12-2024,Mouse,Electronics,7,25,shipped
7276,Sam  SEA,11/22/24,Belt,Clothing,4,29,shipped
7277,Tina  BOS,11-18-2024,Water Bottle,Sports,9,14.99,delivered
7278,Sam  SEA,06-04-2024,Sneakers,Clothing,1,75,pending
7279,Quinn  SF,13-05-2024,Charger,Electronics,3,14,shipped
7280,Ivy  MIA,25-11-2024,Pillow,Home,3,$24.99,delivered
7281,Mia  PDX,10-11-2024,Resistance Band,Sports,5,12.99,RETURNED
7282,Ivy  MIA,03-17-2024,"""TShirt""",Clothing,9,25,Delivered
7283,Hank  BOS,12-12-2024,Headphones,Electronics,5,$89.99,processing
7284,Diana Prince,10-01-2024,Toaster,Home,10,$29.99,Delivered
7285,Sam  SEA,29-04-2024,Lamp,Home,9,40,RETURNED
7286,Diana Prince,10/19/2024,TShirt,Clothing,2,25,delivered
7287,Alice Smith,03/27/24,Jacket,Clothing,1,$89.99,cancelled
7288,Grace  SEA,11-11-2024,Laptop,Electronics,5,799.99,Delivered
7289,Eve  SF,11/17/2024,Socks,Clothing,1,9,cancelled
7290,Alice Smith,12/14/2024,Dumbbell,Sports,5,40,returned
7291,Mia  PDX,05/23/24,Smartphone,Electronics,8,699.99,cancelled
7292,Alice  NYC,03-04-2024,Blanket,Home,6,34.99,pending
7293,Jack  PHX,05-05-2024,"""Socks""",Clothing,1,$9.99,cancelled
7294,Frank  DAL,06-10-2024,Monitor,Electronics,3,299.99,returned
7295,Frank  DAL,11-12-2024,Notebook,Office,2,9,Pending
ORD-7296,Bob  LA,04-24-2024,Charger,Electronics,10,15,returned
7297,Tina  BOS,05-30-2024,Stapler,Office,9,15.99,RETURNED
7298,Tina  BOS,10-02-2024,Charger,Electronics,8,14.99,shipped
7299,Alice  NYC,27-06-2024,Running Shoes,Sports,2,89.99,cancelled
7300,Nate  NYC,06-03-2024,Mouse,Electronics,2,25,processing
7301,Alice  NYC,11-11-2024,Binder,Office,1,5.99,cancelled
7302,Paul  CHI,08-11-2024,Stapler,Office,10,$15.99,pending
7303,Eve  SF,18-02-2024,Binder,Office,8,5.99,shipped
7304,Charlie  CHI,05/18/24,Belt,Clothing,10,30,returned
7305,Leo  DEN,11-28-2024,Toaster,Home,4,$29.99,Delivered
7306,Sam  SEA,11-10-2024,Tablet,Electronics,1,349,processing
7307,Rose  DAL,12-21-2024,Charger,Electronics,1,$14.99,processing
7308,Jack  PHX,07/18/2024,Keyboard,Electronics,2,45,Delivered
7309,Bob  LA,09/22/24,Toaster,Home,9,30,delivered
7310,Jack  PHX,03-02-2024,Resistance Band,Sports,8,12.99,shipped
7311,Karen  ATL,09-04-2024,Blanket,Home,8,34.99,returned
7312,Sam  SEA,04-08-2024,Desk Lamp,Office,6,$34.99,Delivered
7313,Alice  NYC,11-29-2024,Hat,Clothing,9,19.99,cancelled
7314,Frank  DAL,25-11-2024,Smartphone,Electronics,3,699.99,Pending
7315,Tina  BOS,02-07-2024,Dress,Clothing,6,49.99,RETURNED
7316,Leo  DEN,18-01-2024,Blanket,Home,10,35,Delivered
7317,Jack  PHX,30-10-2024,Running Shoes,Sports,3,89.99,Delivered
7318,Ivy  MIA,20-02-2024,Keyboard,Electronics,4,45,Delivered
7319,Sam  SEA,03/13/2024,Stapler,Office,9,$15.99,RETURNED
7320,Olivia  LA,04/22/24,Stapler,Office,10,15,Delivered
7321,Karen  ATL,29-09-2024,Notebook,Office,5,8,Delivered
7322,Nate  NYC,06/21/2024,Dumbbell,Sports,2,39.99,pending
7323,Frank  DAL,03-22-2024,Resistance Band,Sports,5,12,returned
ORD-7324,Nate  NYC,24-04-2024,Lamp,Home,6,39,cancelled
ORD-7325,Jack  PHX,27-06-2024,Sneakers,Clothing,1,75,Delivered
7326,Leo  DEN,18-07-2024,Binder,Office,2,6,cancelled
7327,Eve  SF,22-08-2024,Hat,Clothing,6,19,returned
ORD-7328,Diana  NYC,25-08-2024,Lamp,Home,7,40,Delivered
7329,Grace  SEA,02/29/24,Whiteboard,Office,2,49,delivered
7330,Nate  NYC,26-10-2024,Pillow,Home,3,25,pending
7331,Jack  PHX,25-06-2024,Dumbbell,Sports,6,39.99,pending
7332,Grace  SEA,09-12-2024,Jump Rope,Sports,5,9.99,cancelled
7333,Nate  NYC,05-08-2024,"""Mouse""",Electronics,8,25,Pending
7334,Bob  LA,12/19/24,"""Whiteboard""",Office,6,49.99,Pending
7335,Leo  DEN,02/25/2024,Running Shoes,Sports,1,89,Delivered
7336,Rose  DAL,19-08-2024,"""Rug""",Home,9,90,Delivered
7337,Alice Smith,02-10-2024,Pillow,Home,5,$24.99,Pending
7338,Paul  CHI,28-07-2024,Running Shoes,Sports,8,$89.99,RETURNED
7339,Nate  NYC,22-03-2024,Yoga Mat,Sports,1,29,shipped
7340,Grace  SEA,23-12-2024,"""Rug""",Home,5,89,Pending
7341,Paul  CHI,07/21/24,"""Blanket""",Home,3,$34.99,pending
7342,Ivy  MIA,30-03-2024,Running Shoes,Sports,6,89,Delivered
7343,Charlie  CHI,11/21/24,Stapler,Office,5,15.99,delivered
7344,Karen  ATL,09/22/24,Blender,Home,4,$44.99,shipped
7345,Hank  BOS,05-01-2024,Webcam,Electronics,7,59,cancelled
7346,Bob  LA,12-12-2024,Pen Set,Office,4,12.99,delivered
ORD-7347,Mia  PDX,02-02-2024,Whiteboard,Office,10,49.99,cancelled
7348,Rose  DAL,04/19/2024,Water Bottle,Sports,9,14,delivered
7349,Bob  LA,07/26/24,Pen Set,Office,2,12,cancelled
7350,Mia  PDX,11/18/24,Whiteboard,Office,7,49.99,Delivered
7351,Alice  NYC,12/14/2024,Webcam,Electronics,8,60,processing
7352,Paul  CHI,13-09-2024,Notebook,Office,10,$8.99,returned
7353,Rose  DAL,08-12-2024,Belt,Clothing,4,30,Delivered
7354,Karen  ATL,24-06-2024,Running Shoes,Sports,10,89.99,cancelled
7355,Diana  NYC,24-12-2024,Jump Rope,Sports,2,10,shipped
7356,Frank  DAL,25-01-2024,Binder,Office,7,$5.99,returned
7357,Charlie  CHI,05-04-2024,Rug,Home,2,89,cancelled
7358,Rose  DAL,01/21/24,Pillow,Home,6,24,returned
7359,Bob  LA,11-08-2024,Dress,Clothing,7,$49.99,cancelled
ORD-7360,Mia  PDX,08/16/24,Dress,Clothing,4,50,pending
7361,Karen  ATL,08-05-2024,Dumbbell,Sports,4,39.99,Pending
7362,Quinn  SF,24-07-2024,"""Belt""",Clothing,5,30,RETURNED
7363,Hank  BOS,09-01-2024,Tablet,Electronics,10,349.99,delivered
7364,Sam  SEA,26-04-2024,Resistance Band,Sports,5,13,cancelled
ORD-7365,Paul  CHI,04-15-2024,Blender,Home,6,44,Pending
7366,Charlie  CHI,04-02-2024,Monitor,Electronics,4,299.99,delivered
7367,Mia  PDX,14-02-2024,Blanket,Home,1,34.99,delivered
7368,Alice Smith,08-11-2024,"""Stapler""",Office,3,15.99,processing
7369,Ivy  MIA,03-12-2024,Jump Rope,Sports,2,9.99,processing
7370,Hank  BOS,09-10-2024,Mouse,Electronics,4,25,RETURNED
7371,Hank  BOS,07/23/2024,Binder,Office,8,5,pending
7372,Bob  LA,19-08-2024,Pillow,Home,4,24.99,Delivered
7373,Ivy  MIA,10-12-2024,Notebook,Office,3,9,delivered
7374,Karen  ATL,03-10-2024,Stapler,Office,6,15.99,Delivered
7375,Bob  LA,29-10-2024,TShirt,Clothing,5,25,processing
7376,Hank  BOS,10-01-2024,Smartphone,Electronics,7,699.99,shipped
7377,Hank  BOS,01-05-2024,Socks,Clothing,8,9,Delivered
7378,Bob  LA,09/26/2024,Hat,Clothing,6,20,Delivered
7379,Grace  SEA,07-29-2024,Running Shoes,Sports,6,$89.99,Delivered
7380,Charlie  CHI,11/29/2024,Clock,Home,5,19,delivered
7381,Jack  PHX,10/24/24,Jacket,Clothing,3,90,Delivered
7382,Rose  DAL,04/13/24,"""Stapler""",Office,9,15.99,delivered
7383,Paul  CHI,02-03-2024,Water Bottle,Sports,5,14,Delivered
7384,Mia  PDX,11-12-2024,Blender,Home,8,44.99,Delivered
7385,Diana Prince,01-04-2024,Rug,Home,3,89,Pending
7386,Bob  LA,29-04-2024,Calculator,Office,7,25,shipped
7387,Nate  NYC,03/15/24,Hat,Clothing,1,$19.99,returned
7388,Frank  DAL,11-08-2024,"""Water Bottle""",Sports,5,14,processing
7389,Jack  PHX,31-10-2024,Smartphone,Electronics,2,699.99,processing
7390,Frank  DAL,11/19/24,Toaster,Home,9,29.99,processing
ORD-7391,Hank  BOS,04-11-2024,Webcam,Electronics,1,$59.99,processing
7392,Olivia  LA,05-19-2024,Jacket,Clothing,3,$89.99,shipped
7393,Rose  DAL,07/18/2024,Mouse,Electronics,6,25,shipped
7394,Quinn  SF,08/26/24,Headphones,Electronics,8,89,Pending
7395,Karen  ATL,29-11-2024,TShirt,Clothing,7,$25.00,processing
ORD-7396,Diana Prince,17-12-2024,Yoga Mat,Sports,9,$29.99,Delivered
7397,Eve  SF,12-04-2024,Smartphone,Electronics,4,700,processing
7398,Olivia  LA,06-10-2024,Socks,Clothing,1,9.99,Delivered
7399,Alice Smith,10-09-2024,Chair,Office,3,199.99,shipped
7400,Nate  NYC,08-06-2024,Hat,Clothing,9,19.99,cancelled
7401,Eve  SF,04-14-2024,Monitor,Electronics,4,299,pending
7402,Jack  PHX,05/26/2024,Yoga Mat,Sports,5,30,delivered
7403,Eve  SF,11-08-2024,Stapler,Office,4,16,returned
7404,Eve  SF,12/30/2024,Rug,Home,5,90,pending
ORD-7405,Nate  NYC,12-11-2024,TShirt,Clothing,6,$25.00,shipped
7406,Diana  NYC,03/18/24,Toaster,Home,7,30,pending
7407,Leo  DEN,11-08-2024,Chair,Office,7,$199.99,delivered
ORD-7408,Leo  DEN,08/13/24,Rug,Home,1,$89.99,shipped
7409,Bob  LA,09/16/2024,Whiteboard,Office,6,$49.99,pending
7410,Olivia  LA,11/27/24,"""Belt""",Clothing,2,29,processing
7411,Mia  PDX,09/13/2024,Tablet,Electronics,9,349.99,shipped
7412,Quinn  SF,04/30/2024,Pen Set,Office,7,$12.99,cancelled
7413,Ivy  MIA,25-06-2024,Blender,Home,8,44.99,pending
7414,Alice  NYC,05/29/24,Headphones,Electronics,2,89.99,Pending
7415,Nate  NYC,01-03-2024,Yoga Mat,Sports,4,29,Pending
7416,Charlie  CHI,01-28-2024,Binder,Office,10,5.99,shipped
7417,Frank  DAL,05-01-2024,Dumbbell,Sports,7,$39.99,Delivered
7418,Charlie  CHI,11-15-2024,Coffee Maker,Home,7,$59.99,Pending
7419,Frank  DAL,05-28-2024,"""Toaster""",Home,2,$29.99,returned
7420,Quinn  SF,07-20-2024,"""Pillow""",Home,10,24.99,processing
7421,Rose  DAL,06-17-2024,Charger,Electronics,9,14.99,RETURNED
7422,Grace  SEA,24-05-2024,Dumbbell,Sports,4,39,processing
7423,Quinn  SF,23-09-2024,Whiteboard,Office,2,49.99,processing
7424,Grace  SEA,09-22-2024,Tablet,Electronics,3,349.99,cancelled
7425,Olivia  LA,09-07-2024,Monitor,Electronics,8,299.99,Delivered
7426,Alice  NYC,03-04-2024,Chair,Office,6,$199.99,returned
7427,Nate  NYC,24-11-2024,Yoga Mat,Sports,1,$29.99,returned
7428,Diana Prince,09/20/2024,Blender,Home,9,44,Pending
7429,Leo  DEN,24-06-2024,"""Coffee Maker""",Home,6,60,Delivered
7430,Leo  DEN,06-25-2024,Belt,Clothing,7,29.99,shipped
7431,Jack  PHX,29-10-2024,Blender,Home,3,44,returned
7432,Hank  BOS,06/26/2024,"""TShirt""",Clothing,2,$25.00,RETURNED
7433,Jack  PHX,21-10-2024,Keyboard,Electronics,1,45,cancelled
7434,Tina  BOS,05/17/2024,"""Blanket""",Home,4,34,Pending
7435,Rose  DAL,05-03-2024,Pillow,Home,7,24.99,Pending
7436,Karen  ATL,10-06-2024,Running Shoes,Sports,4,89.99,Delivered
7437,Paul  CHI,06/19/2024,"""Webcam""",Electronics,6,59.99,Delivered
ORD-7438,Nate  NYC,06-01-2024,Socks,Clothing,3,9,returned
7439,Leo  DEN,17-11-2024,Yoga Mat,Sports,2,29.99,cancelled
7440,Rose  DAL,10-12-2024,Clock,Home,5,19.99,processing
7441,Paul  CHI,28-05-2024,"""Desk Lamp""",Office,2,35,returned
ORD-7442,Grace  SEA,16-07-2024,Resistance Band,Sports,9,$12.99,delivered
7443,Olivia  LA,09-10-2024,Smartphone,Electronics,9,$699.99,RETURNED
7444,Diana  NYC,27-01-2024,Resistance Band,Sports,3,$12.99,RETURNED
7445,Leo  DEN,06-11-2024,Water Bottle,Sports,2,14,Delivered
7446,Grace  SEA,12-01-2024,Charger,Electronics,3,$14.99,Delivered
7447,Alice  NYC,08-01-2024,Clock,Home,9,$19.99,Delivered
7448,Alice Smith,07-25-2024,Running Shoes,Sports,3,89.99,processing
7449,Frank  DAL,04/28/24,Running Shoes,Sports,9,89.99,RETURNED
7450,Frank  DAL,24-12-2024,Lamp,Home,9,39.99,shipped
ORD-7451,Frank  DAL,02-24-2024,Dumbbell,Sports,7,39.99,cancelled
7452,Hank  BOS,11/21/24,Stapler,Office,1,15.99,processing
7453,Frank  DAL,10/14/24,TShirt,Clothing,9,25,returned
7454,Frank  DAL,03-06-2024,Desk Lamp,Office,7,35,delivered
7455,Olivia  LA,12/26/24,Whiteboard,Office,1,50,delivered
7456,Sam  SEA,09/15/24,Running Shoes,Sports,2,90,processing
7457,Diana Prince,03-25-2024,"""Webcam""",Electronics,5,59.99,RETURNED
7458,Charlie  CHI,09-23-2024,Belt,Clothing,6,29.99,Pending
7459,Bob  LA,08-12-2024,Charger,Electronics,9,14.99,returned
7460,Hank  BOS,26-02-2024,"""Charger""",Electronics,5,15,returned
7461,Rose  DAL,01/22/2024,Tablet,Electronics,7,349.99,RETURNED
7462,Jack  PHX,27-08-2024,Socks,Clothing,2,$9.99,cancelled
7463,Frank  DAL,04-12-2024,Coffee Maker,Home,4,$59.99,shipped
7464,Sam  SEA,27-11-2024,Pillow,Home,7,$24.99,Delivered
7465,Leo  DEN,18-08-2024,Pen Set,Office,6,13,returned
7466,Alice  NYC,08/24/24,Lamp,Home,7,$39.99,delivered
7467,Mia  PDX,11-01-2024,Headphones,Electronics,1,$89.99,cancelled
ORD-7468,Leo  DEN,14-11-2024,Toaster,Home,2,30,processing
7469,Olivia  LA,01-01-2024,Water Bottle,Sports,7,14.99,processing
7470,Ivy  MIA,09/25/24,"""Whiteboard""",Office,8,50,
7471,Jack  PHX,23-07-2024,Jump Rope,Sports,10,$9.99,pending
7472,Grace  SEA,12-31-2024,Pen Set,Office,9,12.99,processing
7473,Hank  BOS,06-21-2024,Running Shoes,Sports,2,90,pending
7474,Paul  CHI,05-11-2024,Blender,Home,9,44.99,returned
7475,Mia  PDX,13-09-2024,Monitor,Electronics,4,299,returned
7476,Rose  DAL,03/25/2024,Water Bottle,Sports,9,14.99,cancelled
7477,Bob  LA,06-01-2024,Clock,Home,6,19.99,delivered
ORD-7478,Alice  NYC,26-12-2024,"""Socks""",Clothing,5,9,Pending
7479,Alice  NYC,07-08-2024,Yoga Mat,Sports,3,30,processing
7480,Tina  BOS,02/28/2024,"""Blanket""",Home,1,35,delivered
7481,Ivy  MIA,09-12-2024,Blender,Home,3,$44.99,shipped
7482,Bob  LA,02/29/2024,Webcam,Electronics,4,59.99,pending
7483,Quinn  SF,06-11-2024,"""Calculator""",Office,9,25,pending
7484,Hank  BOS,12-07-2024,Chair,Office,2,200,delivered
7485,Paul  CHI,04/23/2024,Laptop,Electronics,9,799.99,pending
ORD-7486,Eve  SF,14-03-2024,"""Keyboard""",Electronics,2,45,pending
7487,Nate  NYC,13-12-2024,Jump Rope,Sports,8,10,returned
7488,Quinn  SF,08-11-2024,Water Bottle,Sports,1,14.99,shipped
7489,Karen  ATL,10-28-2024,Water Bottle,Sports,10,15,cancelled
7490,Leo  DEN,04-11-2024,"""Smartphone""",Electronics,8,699.99,cancelled
7491,Olivia  LA,08-05-2024,Yoga Mat,Sports,4,29,shipped
7492,Leo  DEN,26-08-2024,Yoga Mat,Sports,9,$29.99,delivered
7493,Olivia  LA,03-10-2024,Whiteboard,Office,8,50,cancelled
7494,Paul  CHI,10-04-2024,Hat,Clothing,1,19.99,Delivered
7495,Ivy  MIA,10/31/24,Resistance Band,Sports,6,12.99,delivered
7496,Olivia  LA,09-07-2024,Binder,Office,4,6,delivered
7497,Quinn  SF,04/14/2024,Pillow,Home,1,24,Pending
7498,Jack  PHX,10-26-2024,Mouse,Electronics,7,25,processing
7499,Eve  SF,06-07-2024,Water Bottle,Sports,10,$14.99,shipped
7500,Mia  PDX,08-07-2024,"""Jeans""",Clothing,10,59.99,Delivered
7501,Charlie  CHI,06-20-2024,Calculator,Office,3,24,pending
7502,Diana  NYC,01-08-2024,Blanket,Home,7,35,processing
7503,Jack  PHX,05/16/2024,Yoga Mat,Sports,4,29,shipped
7504,Jack  PHX,06-02-2024,Blender,Home,2,$44.99,processing
7505,Olivia  LA,03-03-2024,Pen Set,Office,8,$12.99,returned
7506,Tina  BOS,12/25/24,Water Bottle,Sports,4,14.99,pending
7507,Quinn  SF,09-01-2024,Rug,Home,3,$89.99,returned
7508,Charlie  CHI,27-07-2024,Notebook,Office,4,$8.99,processing
7509,Sam  SEA,15-04-2024,Jump Rope,Sports,8,9.99,shipped
7510,Jack  PHX,18-06-2024,Dress,Clothing,2,49.99,Delivered
7511,Nate  NYC,05/13/24,Toaster,Home,7,29.99,pending
7512,Charlie  CHI,26-05-2024,"""Tablet""",Electronics,10,349.99,Delivered
7513,Rose  DAL,09-09-2024,Pillow,Home,3,25,delivered
ORD-7514,Sam  SEA,02-29-2024,Whiteboard,Office,5,49,delivered
7515,Hank  BOS,07/13/2024,USB Hub,Electronics,9,19.99,pending
7516,Hank  BOS,06-12-2024,Water Bottle,Sports,7,14,pending
7517,Sam  SEA,10/20/24,Jeans,Clothing,6,59.99,RETURNED
7518,Jack  PHX,03-04-2024,Running Shoes,Sports,5,89.99,Pending
7519,Diana Prince,24-07-2024,"""Resistance Band""",Sports,4,13,delivered
ORD-7520,Nate  NYC,05-02-2024,Pillow,Home,5,24,returned
7521,Mia  PDX,01/19/2024,Tablet,Electronics,9,350,pending
7522,Charlie  CHI,11-09-2024,Notebook,Office,7,9,RETURNED
7523,Tina  BOS,02-01-2024,Tablet,Electronics,3,350,returned
7524,Leo  DEN,28-02-2024,Running Shoes,Sports,8,89.99,returned
7525,Paul  CHI,04-09-2024,Mouse,Electronics,6,$25.00,shipped
7526,Eve  SF,09/14/24,Jacket,Clothing,3,$89.99,returned
7527,Paul  CHI,14-03-2024,Laptop,Electronics,5,$799.99,pending
7528,Ivy  MIA,12-07-2024,Belt,Clothing,4,30,pending
7529,Ivy  MIA,04-08-2024,Calculator,Office,3,$24.99,shipped
7530,Hank  BOS,01-23-2024,Dress,Clothing,3,49,pending
7531,Olivia  LA,19-04-2024,Tablet,Electronics,6,349.99,Delivered
7532,Charlie  CHI,09/20/24,TShirt,Clothing,9,25,pending
7533,Eve  SF,09-09-2024,Hat,Clothing,6,19.99,pending
7534,Quinn  SF,11-12-2024,Charger,Electronics,8,15,delivered
7535,Tina  BOS,12-02-2024,Hat,Clothing,9,20,RETURNED
7536,Tina  BOS,23-04-2024,Chair,Office,10,199,pending
7537,Grace  SEA,04-19-2024,Sneakers,Clothing,5,75,shipped
7538,Leo  DEN,04/28/2024,Pillow,Home,6,24.99,cancelled
7539,Charlie  CHI,09-05-2024,Lamp,Home,3,39,Pending
7540,Tina  BOS,09-02-2024,"""Calculator""",Office,8,24.99,RETURNED
7541,Charlie  CHI,06-07-2024,Sneakers,Clothing,4,$75.00,pending
7542,Leo  DEN,02/27/24,Monitor,Electronics,9,300,cancelled
ORD-7543,Charlie  CHI,12-04-2024,Belt,Clothing,3,29.99,pending
7544,Olivia  LA,07/22/2024,Dumbbell,Sports,7,39.99,Pending
7545,Rose  DAL,11/15/2024,Rug,Home,8,89.99,Pending
7546,Rose  DAL,19-08-2024,Pillow,Home,10,24.99,Pending
7547,Diana  NYC,02/14/24,Resistance Band,Sports,10,12.99,pending
7548,Quinn  SF,15-03-2024,Sneakers,Clothing,10,$75.00,RETURNED
7549,Tina  BOS,12-17-2024,Jump Rope,Sports,7,$9.99,delivered
7550,Charlie  CHI,03-28-2024,USB Hub,Electronics,4,$19.99,Pending
7551,Tina  BOS,07-02-2024,Smartphone,Electronics,5,699.99,returned
7552,Mia  PDX,04-08-2024,Binder,Office,10,$5.99,Pending
7553,Tina  BOS,01-08-2024,Hat,Clothing,1,19.99,Delivered
7554,Grace  SEA,29-09-2024,Coffee Maker,Home,,59.99,cancelled
7555,Charlie  CHI,04/18/2024,Calculator,Office,1,25,processing
7556,Tina  BOS,09-14-2024,TShirt,Clothing,5,$25.00,cancelled
7557,Diana  NYC,03/16/2024,Laptop,Electronics,10,799,cancelled
7558,Frank  DAL,03-01-2024,"""Laptop""",Electronics,6,799.99,delivered
7559,Tina  BOS,12-11-2024,Jump Rope,Sports,1,10,delivered
7560,Olivia  LA,01/17/24,Rug,Home,4,89.99,Delivered
7561,Charlie  CHI,06-16-2024,Stapler,Office,4,15,pending
7562,Ivy  MIA,03-09-2024,Toaster,Home,6,29.99,pending
7563,Eve  SF,05-12-2024,"""Lamp""",Home,5,40,cancelled
7564,Jack  PHX,11-02-2024,"""Hat""",Clothing,2,19,processing
7565,Mia  PDX,02-12-2024,Tablet,Electronics,3,$349.99,shipped
7566,Ivy  MIA,02-22-2024,Pillow,Home,8,24.99,processing
7567,Rose  DAL,03-05-2024,Socks,Clothing,9,9.99,cancelled
7568,Hank  BOS,12-02-2024,Binder,Office,5,$5.99,cancelled
7569,Eve  SF,03-13-2024,"""Pen Set""",Office,5,13,delivered
7570,Mia  PDX,11-19-2024,Clock,Home,7,19.99,RETURNED
7571,Paul  CHI,04/30/2024,Stapler,Office,9,16,processing
7572,Sam  SEA,05-11-2024,Yoga Mat,Sports,2,29,Delivered
7573,Quinn  SF,05/29/2024,Hat,Clothing,9,19,RETURNED
7574,Diana  NYC,16-12-2024,Rug,Home,5,89,processing
7575,Sam  SEA,09-08-2024,Blanket,Home,10,$34.99,delivered
7576,Frank  DAL,03-04-2024,Blanket,Home,5,34.99,Delivered
7577,Olivia  LA,01/21/24,Chair,Office,9,$199.99,returned
7578,Mia  PDX,30-04-2024,Stapler,Office,9,15.99,pending
7579,Frank  DAL,06-09-2024,Headphones,Electronics,6,$89.99,returned
7580,Bob  LA,10/20/2024,Toaster,Home,8,29,cancelled
7581,Bob  LA,25-01-2024,"""Monitor""",Electronics,4,$299.99,shipped
7582,Alice  NYC,04-02-2024,Keyboard,Electronics,6,$45.00,processing
7583,Bob  LA,23-03-2024,Jump Rope,Sports,1,9,returned
7584,Bob  LA,10-05-2024,Charger,Electronics,5,15,Pending
7585,Mia  PDX,06/14/24,Toaster,Home,1,29,Pending
7586,Eve  SF,20-01-2024,Chair,Office,4,199,pending
7587,Charlie  CHI,08-12-2024,Webcam,Electronics,9,59,shipped
7588,Alice Smith,07/27/2024,Jump Rope,Sports,6,9.99,cancelled
7589,Paul  CHI,11-26-2024,Jeans,Clothing,6,60,cancelled
ORD-7590,Mia  PDX,11/22/24,Belt,Clothing,1,$29.99,shipped
7591,Hank  BOS,16-02-2024,Rug,Home,1,$89.99,shipped
7592,Olivia  LA,23-01-2024,Headphones,Electronics,7,89.99,RETURNED
7593,Hank  BOS,05/17/2024,Resistance Band,Sports,4,13,returned
7594,Mia  PDX,11-08-2024,Yoga Mat,Sports,9,29,pending
7595,Frank  DAL,02/24/2024,Whiteboard,Office,8,50,Delivered
ORD-7596,Bob  LA,07-31-2024,Yoga Mat,Sports,1,$29.99,Delivered
7597,Charlie  CHI,03-04-2024,Blender,Home,10,$44.99,cancelled
7598,Grace  SEA,01-04-2024,TShirt,Clothing,4,$25.00,Delivered
7599,Leo  DEN,19-02-2024,USB Hub,Electronics,5,19,pending
7600,Nate  NYC,11/29/24,Pen Set,Office,8,13,shipped
7601,Sam  SEA,08-04-2024,Tablet,Electronics,10,349.99,processing
7602,Diana Prince,09-28-2024,Coffee Maker,Home,3,59.99,pending
7603,Rose  DAL,06-09-2024,Blender,Home,1,44,Pending
7604,Bob  LA,08/18/2024,Laptop,Electronics,2,799.99,shipped
7605,Nate  NYC,12-05-2024,Coffee Maker,Home,9,59,returned
7606,Mia  PDX,24-10-2024,Binder,Office,6,5,returned
7607,Leo  DEN,04-01-2024,TShirt,Clothing,2,25,processing
7608,Jack  PHX,08-04-2024,Clock,Home,2,$19.99,returned
7609,Rose  DAL,12/17/2024,Chair,Office,4,200,delivered
7610,Eve  SF,05/16/24,Toaster,Home,8,29.99,returned
7611,Frank  DAL,11-20-2024,"""Chair""",Office,4,199,Pending
7612,Grace  SEA,08/26/2024,Dress,Clothing,7,49.99,returned
7613,Frank  DAL,06-24-2024,Jeans,Clothing,4,59.99,pending
7614,Tina  BOS,10-02-2024,Headphones,Electronics,4,89.99,Delivered
7615,Sam  SEA,12-05-2024,Headphones,Electronics,10,89.99,cancelled
7616,Frank  DAL,06-07-2024,Webcam,Electronics,10,60,pending
7617,Ivy  MIA,01-10-2024,Keyboard,Electronics,10,$45.00,processing
7618,Ivy  MIA,27-09-2024,Tablet,Electronics,2,350,Pending
7619,Frank  DAL,09/29/2024,Laptop,Electronics,1,799.99,shipped
7620,Nate  NYC,10-19-2024,Running Shoes,Sports,4,$89.99,Delivered
7621,Diana  NYC,18-01-2024,"""Yoga Mat""",Sports,7,29.99,cancelled
7622,Quinn  SF,09-08-2024,Water Bottle,Sports,1,14,returned
7623,Rose  DAL,05-12-2024,USB Hub,Electronics,6,19.99,Pending
7624,Leo  DEN,12-02-2024,Laptop,Electronics,7,799,returned
7625,Olivia  LA,23-12-2024,Socks,Clothing,4,9.99,returned
7626,Rose  DAL,16-09-2024,Yoga Mat,Sports,3,29.99,pending
7627,Hank  BOS,03-15-2024,Headphones,Electronics,5,89.99,Delivered
7628,Rose  DAL,02/29/2024,Blender,Home,7,44.99,RETURNED
7629,Bob  LA,08/14/2024,Charger,Electronics,8,$14.99,Pending
7630,Leo  DEN,03/25/2024,Blender,Home,6,44,delivered
7631,Charlie  CHI,15-07-2024,Water Bottle,Sports,2,14,cancelled
7632,Eve  SF,07-04-2024,Socks,Clothing,1,9,cancelled
7633,Diana  NYC,02-25-2024,"""Laptop""",Electronics,10,799.99,processing
7634,Ivy  MIA,01-01-2024,Blender,Home,2,44.99,RETURNED
7635,Alice  NYC,30-01-2024,Laptop,Electronics,2,$799.99,RETURNED
7636,Sam  SEA,24-09-2024,Lamp,Home,7,$39.99,RETURNED
7637,Ivy  MIA,04-08-2024,Yoga Mat,Sports,7,$29.99,delivered
7638,Olivia  LA,01/19/2024,Belt,Clothing,6,29,returned
7639,Rose  DAL,19-04-2024,Tablet,Electronics,9,$349.99,processing
7640,Charlie  CHI,17-08-2024,Binder,Office,6,6,cancelled
7641,Bob  LA,06-07-2024,Rug,Home,10,89,shipped
7642,Charlie  CHI,03-08-2024,Yoga Mat,Sports,6,30,returned
7643,Leo  DEN,05-08-2024,Water Bottle,Sports,5,14,returned
7644,Karen  ATL,28-03-2024,Rug,Home,5,89.99,pending
ORD-7645,Karen  ATL,01-15-2024,Sneakers,Clothing,3,75,cancelled
7646,Quinn  SF,04-09-2024,Keyboard,Electronics,10,45,shipped
7647,Karen  ATL,06-01-2024,Laptop,Electronics,4,799.99,Delivered
7648,Sam  SEA,05/13/2024,"""Jump Rope""",Sports,8,9,returned
ORD-7649,Quinn  SF,29-10-2024,Whiteboard,Office,2,49.99,shipped
7650,Frank  DAL,11-07-2024,"""Yoga Mat""",Sports,7,29.99,Delivered
7651,Rose  DAL,18-07-2024,Rug,Home,8,90,cancelled
7652,Olivia  LA,09-04-2024,"""Toaster""",Home,10,$29.99,delivered
7653,Bob  LA,03/31/2024,Running Shoes,Sports,7,90,shipped
7654,Jack  PHX,08-23-2024,Rug,Home,6,89.99,returned
7655,Grace  SEA,20-05-2024,Dumbbell,Sports,7,39,Pending
7656,Jack  PHX,10-07-2024,Jeans,Clothing,9,59.99,returned
7657,Quinn  SF,08-08-2024,Jacket,Clothing,1,90,processing
7658,Mia  PDX,09/27/24,"""Blanket""",Home,3,35,returned
7659,Tina  BOS,01-12-2024,Blender,Home,8,44.99,Delivered
7660,Karen  ATL,07-02-2024,Belt,Clothing,2,29.99,shipped
7661,Alice  NYC,19-01-2024,"""Hat""",Clothing,4,$19.99,delivered
7662,Mia  PDX,02/18/2024,Jacket,Clothing,3,89.99,shipped
7663,Charlie  CHI,07/17/24,"""Monitor""",Electronics,4,299,Pending
7664,Diana  NYC,09/25/24,Water Bottle,Sports,10,14,Pending
ORD-7665,Mia  PDX,27-07-2024,Pen Set,Office,9,$12.99,shipped
7666,Olivia  LA,02-07-2024,Jeans,Clothing,3,59,returned
7667,Diana  NYC,08-22-2024,Coffee Maker,Home,7,$59.99,returned
7668,Paul  CHI,08-08-2024,Stapler,Office,5,$15.99,processing
ORD-7669,Charlie  CHI,06/27/24,"""Jump Rope""",Sports,5,9.99,pending
7670,Diana Prince,24-02-2024,Clock,Home,8,19.99,Delivered
7671,Quinn  SF,09-09-2024,Webcam,Electronics,10,$59.99,returned
7672,Eve  SF,02-09-2024,Resistance Band,Sports,10,12.99,shipped
7673,Sam  SEA,01-03-2024,Water Bottle,Sports,5,$14.99,returned
7674,Eve  SF,03-10-2024,Blender,Home,10,44.99,pending
7675,Karen  ATL,08-09-2024,Desk Lamp,Office,9,$34.99,shipped
7676,Frank  DAL,08-14-2024,Stapler,Office,7,15,delivered
7677,Eve  SF,02-05-2024,Stapler,Office,10,16,delivered
7678,Olivia  LA,11-08-2024,Toaster,Home,8,29,shipped
7679,Jack  PHX,02-10-2024,Webcam,Electronics,2,$59.99,Pending
7680,Bob  LA,04-06-2024,Running Shoes,Sports,3,89.99,returned
7681,Leo  DEN,09/23/24,Charger,Electronics,2,15,Pending
7682,Bob  LA,04-21-2024,Whiteboard,Office,4,49,Pending
ORD-7683,Hank  BOS,03-19-2024,Webcam,Electronics,5,$59.99,Pending
7684,Frank  DAL,29-01-2024,Binder,Office,3,6,processing
7685,Olivia  LA,09-04-2024,Running Shoes,Sports,6,89.99,pending
7686,Alice  NYC,01/22/24,Laptop,Electronics,7,800,Pending
7687,Jack  PHX,05/26/24,Water Bottle,Sports,6,$14.99,processing
7688,Ivy  MIA,18-06-2024,Whiteboard,Office,1,49,Pending
7689,Sam  SEA,18-10-2024,"""Jacket""",Clothing,9,89.99,Delivered
7690,Ivy  MIA,28-05-2024,Headphones,Electronics,7,90,returned
7691,Charlie  CHI,18-03-2024,"""Coffee Maker""",Home,3,$59.99,RETURNED
7692,Nate  NYC,06-03-2024,Resistance Band,Sports,7,$12.99,Delivered
7693,Diana  NYC,12-12-2024,"""Running Shoes""",Sports,5,89.99,processing
7694,Mia  PDX,03/18/24,Water Bottle,Sports,7,14.99,returned
7695,Hank  BOS,02-16-2024,Clock,Home,8,20,pending
7696,Paul  CHI,02-10-2024,Headphones,Electronics,8,89.99,Delivered
7697,Hank  BOS,07-27-2024,"""Headphones""",Electronics,1,89.99,processing
7698,Hank  BOS,01/17/2024,Calculator,Office,3,24,cancelled
7699,Tina  BOS,27-04-2024,Jeans,Clothing,10,60,cancelled
7700,Jack  PHX,08-05-2024,Rug,Home,3,89.99,RETURNED
7701,Bob  LA,18-06-2024,Yoga Mat,Sports,9,29.99,returned
7702,Charlie  CHI,07-11-2024,"""TShirt""",Clothing,1,$25.00,RETURNED
7703,Ivy  MIA,02-03-2024,Clock,Home,2,20,Delivered
7704,Eve  SF,09/18/24,Water Bottle,Sports,7,14.99,delivered
7705,Ivy  MIA,13-09-2024,Stapler,Office,6,15.99,Delivered
7706,Mia  PDX,02-24-2024,Monitor,Electronics,9,299.99,pending
7707,Jack  PHX,09/15/24,Water Bottle,Sports,7,14,pending
7708,Leo  DEN,16-08-2024,Jump Rope,Sports,10,9.99,pending
7709,Leo  DEN,03-12-2024,Coffee Maker,Home,6,59,Delivered
ORD-7710,Grace  SEA,12/27/24,TShirt,Clothing,9,25,Pending
7711,Tina  BOS,02-16-2024,Sneakers,Clothing,6,75,Pending
7712,Diana Prince,03-04-2024,Monitor,Electronics,10,$299.99,delivered
7713,Tina  BOS,16-12-2024,"""Coffee Maker""",Home,8,59,shipped
7714,Leo  DEN,16-12-2024,Binder,Office,4,5.99,shipped
7715,Nate  NYC,18-09-2024,Yoga Mat,Sports,6,29,delivered
ORD-7716,Diana  NYC,01-02-2024,Yoga Mat,Sports,10,29.99,Pending
7717,Grace  SEA,02/19/24,Rug,Home,3,90,cancelled
7718,Hank  BOS,21-05-2024,Coffee Maker,Home,1,$59.99,shipped
7719,Nate  NYC,02/15/24,Clock,Home,7,20,processing
7720,Tina  BOS,10-11-2024,Laptop,Electronics,3,799.99,shipped
7721,Jack  PHX,01-19-2024,Jump Rope,Sports,6,9,Delivered
7722,Jack  PHX,01-28-2024,Tablet,Electronics,2,349.99,RETURNED
7723,Bob  LA,05-23-2024,Dumbbell,Sports,5,39.99,shipped
7724,Leo  DEN,10/15/2024,Hat,Clothing,6,$19.99,pending
7725,Grace  SEA,12-11-2024,Running Shoes,Sports,4,90,returned
7726,Eve  SF,08-08-2024,Pen Set,Office,6,12.99,cancelled
7727,Alice  NYC,05/21/2024,USB Hub,Electronics,6,19.99,pending
7728,Rose  DAL,05-06-2024,Socks,Clothing,4,9.99,delivered
7729,Eve  SF,30-08-2024,Dress,Clothing,2,49.99,returned
7730,Grace  SEA,03/21/24,Pillow,Home,8,25,returned
7731,Diana  NYC,01-05-2024,Running Shoes,Sports,7,89.99,delivered
7732,Paul  CHI,01-13-2024,Socks,Clothing,4,9.99,processing
7733,Rose  DAL,03-13-2024,Pillow,Home,5,24.99,delivered
7734,Paul  CHI,09-07-2024,Clock,Home,4,19,Pending
7735,Eve  SF,08-10-2024,Pillow,Home,6,24.99,cancelled
7736,Charlie  CHI,10-02-2024,Headphones,Electronics,4,89.99,RETURNED
7737,Bob  LA,05-08-2024,Blanket,Home,5,34,pending
7738,Sam  SEA,11/18/24,"""Belt""",Clothing,10,$29.99,shipped
7739,Charlie  CHI,04-06-2024,Binder,Office,8,5.99,processing
7740,Karen  ATL,08-10-2024,Keyboard,Electronics,2,45,Delivered
7741,Alice  NYC,08/17/24,Resistance Band,Sports,7,12.99,returned
7742,Charlie  CHI,05-12-2024,Smartphone,Electronics,8,700,delivered
7743,Ivy  MIA,24-03-2024,Jeans,Clothing,3,$59.99,Delivered
7744,Frank  DAL,01-18-2024,Toaster,Home,5,30,processing
7745,Grace  SEA,04-03-2024,Blanket,Home,10,35,pending
7746,Grace  SEA,08/14/24,Blanket,Home,3,34,Pending
7747,Ivy  MIA,09-03-2024,Pen Set,Office,5,12,delivered
7748,Hank  BOS,10/19/2024,Whiteboard,Office,9,50,returned
7749,Quinn  SF,16-12-2024,Monitor,Electronics,8,299,Delivered
7750,Sam  SEA,03-04-2024,Jump Rope,Sports,10,9.99,cancelled
7751,Rose  DAL,21-02-2024,Jeans,Clothing,2,59,Pending
7752,Charlie  CHI,03/16/2024,Water Bottle,Sports,2,14.99,processing
7753,Hank  BOS,02/18/24,Keyboard,Electronics,3,45,delivered
7754,Jack  PHX,02-08-2024,Resistance Band,Sports,9,12,RETURNED
7755,Jack  PHX,29-07-2024,"""TShirt""",Clothing,7,25,processing
7756,Charlie  CHI,03-15-2024,Sneakers,Clothing,7,$75.00,cancelled
ORD-7757,Grace  SEA,07-03-2024,Lamp,Home,5,39,pending
7758,Jack  PHX,07-07-2024,"""Jump Rope""",Sports,4,$9.99,returned
7759,Tina  BOS,07-05-2024,Clock,Home,10,$19.99,cancelled
7760,Bob  LA,18-01-2024,Rug,Home,3,90,delivered
7761,Bob  LA,09-19-2024,"""Jump Rope""",Sports,6,9.99,pending
7762,Eve  SF,09-10-2024,Jump Rope,Sports,4,9.99,RETURNED
7763,Quinn  SF,03-10-2024,Pillow,Home,6,$24.99,shipped
7764,Mia  PDX,16-10-2024,Monitor,Electronics,4,299,shipped
7765,Rose  DAL,10/22/2024,Hat,Clothing,2,19.99,Delivered
7766,Leo  DEN,09-26-2024,Keyboard,Electronics,6,45,pending
7767,Tina  BOS,22-04-2024,Running Shoes,Sports,1,89.99,delivered
7768,Mia  PDX,05/18/2024,Desk Lamp,Office,5,34.99,shipped
7769,Olivia  LA,03-03-2024,Whiteboard,Office,10,50,processing
7770,Quinn  SF,12/26/24,Smartphone,Electronics,9,699.99,cancelled
7771,Olivia  LA,30-06-2024,Chair,Office,2,199,pending
7772,Hank  BOS,11-03-2024,Keyboard,Electronics,6,45,delivered
7773,Grace  SEA,07/28/24,Running Shoes,Sports,4,89,pending
7774,Quinn  SF,09-13-2024,Sneakers,Clothing,2,75,Pending
7775,Grace  SEA,07-08-2024,Dumbbell,Sports,6,39.99,Delivered
7776,Mia  PDX,03-05-2024,Running Shoes,Sports,9,$89.99,pending
7777,Diana  NYC,30-05-2024,"""Lamp""",Home,1,39.99,returned
7778,Quinn  SF,10/26/24,"""Lamp""",Home,4,39.99,Delivered
7779,Nate  NYC,07-18-2024,TShirt,Clothing,7,25,processing
7780,Jack  PHX,12/19/24,Laptop,Electronics,8,799.99,pending
7781,Tina  BOS,11-08-2024,Tablet,Electronics,6,349.99,processing
7782,Tina  BOS,05/25/24,"""Belt""",Clothing,10,29.99,processing
7783,Leo  DEN,12-11-2024,Sneakers,Clothing,4,75,returned
7784,Frank  DAL,01/31/2024,Monitor,Electronics,5,299,Delivered
7785,Tina  BOS,07-06-2024,"""Monitor""",Electronics,5,300,delivered
7786,Grace  SEA,10-10-2024,TShirt,Clothing,8,25,pending
7787,Eve  SF,16-11-2024,"""Monitor""",Electronics,9,$299.99,returned
7788,Nate  NYC,16-03-2024,Dress,Clothing,7,49.99,shipped
7789,Rose  DAL,01-15-2024,Keyboard,Electronics,2,45,delivered
7790,Tina  BOS,05/29/24,Binder,Office,2,5.99,pending
7791,Leo  DEN,23-03-2024,Smartphone,Electronics,5,699.99,Pending
7792,Paul  CHI,05-07-2024,Keyboard,Electronics,9,45,pending
7793,Leo  DEN,14-12-2024,Sneakers,Clothing,2,75,processing
7794,Mia  PDX,04-07-2024,Headphones,Electronics,8,89,RETURNED
7795,Alice  NYC,21-04-2024,Jeans,Clothing,2,59,delivered
7796,Charlie  CHI,05/14/24,Laptop,Electronics,2,799.99,delivered
7797,Mia  PDX,01/13/2024,Whiteboard,Office,3,49.99,Delivered
7798,Eve  SF,06-06-2024,Whiteboard,Office,2,49.99,RETURNED
7799,Olivia  LA,09-22-2024,Sneakers,Clothing,8,75,pending
7800,Frank  DAL,11-01-2024,Hat,Clothing,8,19.99,RETURNED
7801,Jack  PHX,28-12-2024,Pen Set,Office,2,$12.99,processing
7802,Charlie  CHI,05/15/2024,Webcam,Electronics,6,$59.99,cancelled
7803,Quinn  SF,10-11-2024,TShirt,Clothing,7,25,delivered
7804,Charlie  CHI,01/26/2024,Jeans,Clothing,7,59.99,delivered
ORD-7805,Diana Prince,28-08-2024,Hat,Clothing,7,19.99,processing
7806,Jack  PHX,20-04-2024,Jeans,Clothing,4,59.99,processing
7807,Leo  DEN,09-06-2024,Yoga Mat,Sports,8,30,shipped
7808,Karen  ATL,31-12-2024,Binder,Office,3,$5.99,Pending
7809,Hank  BOS,09-11-2024,Running Shoes,Sports,9,89.99,delivered
7810,Grace  SEA,11-02-2024,Hat,Clothing,4,19.99,Pending
7811,Jack  PHX,05-02-2024,Notebook,Office,6,$8.99,cancelled
7812,Bob  LA,12-21-2024,Resistance Band,Sports,4,$12.99,Delivered
7813,Diana  NYC,06-11-2024,Socks,Clothing,10,9.99,shipped
7814,Hank  BOS,03/31/2024,Jeans,Clothing,10,59,returned
7815,Quinn  SF,04/27/24,"""Jump Rope""",Sports,4,10,delivered
7816,Rose  DAL,28-12-2024,Pillow,Home,10,24.99,shipped
ORD-7817,Rose  DAL,03-18-2024,"""Coffee Maker""",Home,6,60,shipped
7818,Leo  DEN,12-21-2024,"""Toaster""",Home,1,30,Pending
7819,Quinn  SF,22-04-2024,Yoga Mat,Sports,7,30,cancelled
7820,Frank  DAL,03/24/2024,Water Bottle,Sports,8,14.99,Delivered
7821,Ivy  MIA,02-25-2024,Webcam,Electronics,1,59.99,shipped
7822,Olivia  LA,09-11-2024,Rug,Home,7,$89.99,Delivered
7823,Ivy  MIA,13-05-2024,Charger,Electronics,7,14,delivered
7824,Nate  NYC,10-08-2024,Dumbbell,Sports,6,$39.99,RETURNED
ORD-7825,Olivia  LA,02-26-2024,Rug,Home,9,89.99,delivered
7826,Leo  DEN,06-12-2024,Whiteboard,Office,4,49.99,delivered
7827,Ivy  MIA,05-01-2024,Dumbbell,Sports,3,39,RETURNED
7828,Grace  SEA,04-09-2024,Running Shoes,Sports,5,$89.99,Delivered
7829,Eve  SF,19-01-2024,"""TShirt""",Clothing,8,25,cancelled
7830,Charlie  CHI,10-05-2024,Smartphone,Electronics,10,$699.99,RETURNED
7831,Grace  SEA,13-10-2024,Calculator,Office,2,$24.99,delivered
7832,Quinn  SF,04-01-2024,Webcam,Electronics,9,59,returned
7833,Diana  NYC,02/22/2024,Pillow,Home,4,25,RETURNED
7834,Nate  NYC,10-17-2024,Sneakers,Clothing,1,75,processing
7835,Rose  DAL,04-14-2024,Sneakers,Clothing,9,75,RETURNED
7836,Bob  LA,04-11-2024,Dumbbell,Sports,10,39.99,processing
7837,Quinn  SF,06-09-2024,"""Whiteboard""",Office,6,49,Pending
7838,Frank  DAL,08/25/24,Laptop,Electronics,7,800,Delivered
7839,Paul  CHI,02/25/2024,TShirt,Clothing,9,25,pending
7840,Ivy  MIA,11-04-2024,Sneakers,Clothing,8,75,cancelled
7841,Ivy  MIA,20-08-2024,Mouse,Electronics,1,$25.00,delivered
7842,Sam  SEA,18-06-2024,Tablet,Electronics,8,349.99,shipped
7843,Alice  NYC,03-26-2024,Belt,Clothing,4,29,RETURNED
7844,Quinn  SF,02-07-2024,Yoga Mat,Sports,3,$29.99,cancelled
7845,Quinn  SF,26-07-2024,Running Shoes,Sports,2,89.99,delivered
7846,Alice  NYC,09-10-2024,Pen Set,Office,10,13,Delivered
7847,Nate  NYC,07/18/2024,Running Shoes,Sports,6,$89.99,processing
7848,Charlie  CHI,07-05-2024,Desk Lamp,Office,5,34.99,Delivered
7849,Jack  PHX,08/29/2024,TShirt,Clothing,2,25,cancelled
7850,Mia  PDX,20-08-2024,TShirt,Clothing,3,25,RETURNED
7851,Hank  BOS,10-02-2024,Socks,Clothing,10,9.99,processing
7852,Frank  DAL,09-03-2024,Stapler,Office,8,$15.99,pending
7853,Grace  SEA,07/13/2024,Water Bottle,Sports,8,14.99,returned
7854,Rose  DAL,15-01-2024,Pen Set,Office,9,12.99,pending
7855,Karen  ATL,06-07-2024,Calculator,Office,9,$24.99,pending
ORD-7856,Diana  NYC,07-06-2024,Socks,Clothing,7,9.99,Delivered
7857,Karen  ATL,12-02-2024,Water Bottle,Sports,5,$14.99,pending
7858,Tina  BOS,21-01-2024,Tablet,Electronics,6,350,RETURNED
7859,Hank  BOS,11-29-2024,Laptop,Electronics,7,800,cancelled
7860,Jack  PHX,05-01-2024,Headphones,Electronics,5,89,pending
7861,Jack  PHX,09-04-2024,Notebook,Office,4,8,Delivered
7862,Rose  DAL,12/18/2024,TShirt,Clothing,9,N/A,shipped
7863,Charlie  CHI,04-12-2024,Jacket,Clothing,5,90,Delivered
7864,Alice Smith,30-11-2024,"""Keyboard""",Electronics,8,45,processing
7865,Leo  DEN,29-03-2024,Rug,Home,9,89.99,shipped
7866,Ivy  MIA,13-03-2024,Dress,Clothing,8,50,processing
7867,Diana  NYC,19-08-2024,Mouse,Electronics,6,25,delivered
7868,Charlie  CHI,07-08-2024,Yoga Mat,Sports,4,29,delivered
7869,Tina  BOS,04/17/2024,Yoga Mat,Sports,1,29.99,delivered
7870,Quinn  SF,14-08-2024,Charger,Electronics,1,15,RETURNED
7871,Karen  ATL,06/20/24,Notebook,Office,9,8.99,cancelled
7872,Frank  DAL,01-09-2024,"""Dumbbell""",Sports,2,39.99,Delivered
7873,Sam  SEA,09-12-2024,Headphones,Electronics,1,89.99,processing
7874,Eve  SF,05-11-2024,Binder,Office,5,$5.99,Pending
7875,Eve  SF,30-08-2024,Sneakers,Clothing,6,75,cancelled
7876,Tina  BOS,27-04-2024,Calculator,Office,4,24.99,delivered
7877,Leo  DEN,29-08-2024,Pen Set,Office,10,12.99,Delivered
7878,Sam  SEA,03-04-2024,TShirt,Clothing,3,$25.00,cancelled
7879,Olivia  LA,09/13/2024,Monitor,Electronics,3,299.99,shipped
ORD-7880,Frank  DAL,01-02-2024,"""Coffee Maker""",Home,6,$59.99,returned
7881,Quinn  SF,17-12-2024,USB Hub,Electronics,8,19,RETURNED
7882,Eve  SF,15-04-2024,Pillow,Home,8,24,Delivered
7883,Olivia  LA,05-16-2024,Toaster,Home,9,29.99,Pending
7884,Olivia  LA,11/28/2024,Stapler,Office,9,15.99,Pending
7885,Charlie  CHI,30-08-2024,"""Smartphone""",Electronics,9,699.99,RETURNED
7886,Eve  SF,05-08-2024,Desk Lamp,Office,1,34.99,delivered
7887,Grace  SEA,05-02-2024,Toaster,Home,5,29.99,pending
7888,Bob  LA,22-12-2024,Resistance Band,Sports,2,$12.99,Delivered
7889,Hank  BOS,01-11-2024,"""Calculator""",Office,9,24.99,pending
ORD-7890,Hank  BOS,27-06-2024,"""Mouse""",Electronics,2,25,Delivered
7891,Paul  CHI,13-02-2024,Calculator,Office,4,24.99,returned
7892,Ivy  MIA,04-03-2024,Yoga Mat,Sports,8,29.99,pending
7893,Grace  SEA,20-12-2024,Pillow,Home,4,24.99,shipped
7894,Bob  LA,05-04-2024,Toaster,Home,7,29.99,processing
7895,Quinn  SF,07-08-2024,Jeans,Clothing,7,$59.99,RETURNED
7896,Grace  SEA,14-04-2024,Water Bottle,Sports,3,15,delivered
7897,Grace  SEA,07-28-2024,Hat,Clothing,10,$19.99,Delivered
ORD-7898,Rose  DAL,06/21/2024,Pen Set,Office,6,13,Pending
7899,Tina  BOS,18-07-2024,Clock,Home,3,19.99,RETURNED
ORD-7900,Nate  NYC,22-06-2024,Yoga Mat,Sports,4,30,returned
7901,Diana  NYC,29-03-2024,USB Hub,Electronics,6,19.99,Delivered
7902,Eve  SF,03/18/24,Binder,Office,3,5.99,shipped
7903,Paul  CHI,06-02-2024,Clock,Home,2,$19.99,Delivered
7904,Olivia  LA,12/27/2024,Rug,Home,4,89,Pending
7905,Hank  BOS,06/29/2024,Blender,Home,1,45,shipped
7906,Nate  NYC,07/21/2024,Notebook,Office,6,8.99,pending
7907,Charlie  CHI,04-12-2024,Running Shoes,Sports,2,90,Pending
7908,Frank  DAL,07-26-2024,Belt,Clothing,2,$29.99,Delivered
7909,Alice  NYC,04-11-2024,Binder,Office,10,$5.99,cancelled
7910,Bob  LA,04/13/24,Rug,Home,3,89,Delivered
7911,Hank  BOS,25-09-2024,Monitor,Electronics,10,299,returned
7912,Charlie  CHI,09-09-2024,Mouse,Electronics,1,25,cancelled
7913,Rose  DAL,07/31/24,Belt,Clothing,5,29,returned
7914,Rose  DAL,06-04-2024,Running Shoes,Sports,4,89.99,delivered
7915,Charlie  CHI,07-12-2024,"""Stapler""",Office,5,15.99,Pending
7916,Paul  CHI,06-29-2024,Charger,Electronics,7,15,cancelled
7917,Olivia  LA,07/23/24,Laptop,Electronics,5,799,cancelled
7918,Paul  CHI,05/15/24,Socks,Clothing,10,9,Delivered
7919,Charlie  CHI,10-09-2024,Calculator,Office,10,24.99,pending
7920,Eve  SF,02-06-2024,Running Shoes,Sports,3,90,delivered
7921,Quinn  SF,01/29/24,Whiteboard,Office,7,49,Delivered
7922,Rose  DAL,14-10-2024,Keyboard,Electronics,9,45,delivered
7923,Diana  NYC,01/19/24,USB Hub,Electronics,7,19.99,delivered
7924,Bob  LA,10-11-2024,Socks,Clothing,3,9,delivered
7925,Karen  ATL,03-12-2024,Smartphone,Electronics,4,699.99,returned
7926,Mia  PDX,14-05-2024,Jump Rope,Sports,10,10,Delivered
7927,Alice  NYC,04-11-2024,Toaster,Home,2,29.99,RETURNED
7928,Rose  DAL,16-06-2024,Desk Lamp,Office,4,$34.99,pending
7929,Diana  NYC,04/30/24,Tablet,Electronics,9,349,processing
7930,Frank  DAL,15-07-2024,Lamp,Home,8,39.99,cancelled
7931,Tina  BOS,22-09-2024,Jump Rope,Sports,9,9.99,Pending
7932,Eve  SF,08/31/2024,Pillow,Home,5,24.99,Pending
7933,Quinn  SF,05-25-2024,Webcam,Electronics,2,59.99,Pending
7934,Diana  NYC,09-30-2024,Jacket,Clothing,1,90,RETURNED
7935,Karen  ATL,06-26-2024,"""Resistance Band""",Sports,9,$12.99,Pending
7936,Olivia  LA,29-12-2024,Dumbbell,Sports,1,39,delivered
7937,Leo  DEN,26-03-2024,Yoga Mat,Sports,8,29.99,returned
7938,Rose  DAL,07-11-2024,Charger,Electronics,7,14.99,cancelled
7939,Hank  BOS,22-12-2024,Hat,Clothing,4,19,Delivered
7940,Bob  LA,02-15-2024,Running Shoes,Sports,2,89.99,delivered
7941,Eve  SF,07-09-2024,Jacket,Clothing,4,89.99,returned
7942,Hank  BOS,05/22/24,Dumbbell,Sports,4,$39.99,RETURNED
7943,Hank  BOS,08-07-2024,Toaster,Home,3,29,Delivered
7944,Sam  SEA,17-08-2024,Rug,Home,10,89.99,pending
7945,Nate  NYC,09/27/24,Running Shoes,Sports,3,$89.99,delivered
7946,Hank  BOS,05/26/24,"""USB Hub""",Electronics,4,19.99,shipped
7947,Hank  BOS,02/16/2024,Sneakers,Clothing,4,75,Delivered
7948,Ivy  MIA,03-21-2024,Water Bottle,Sports,2,15,processing
7949,Rose  DAL,12/30/24,"""Socks""",Clothing,7,9,cancelled
7950,Hank  BOS,02-05-2024,"""Charger""",Electronics,4,14.99,Pending
7951,Hank  BOS,22-10-2024,Webcam,Electronics,4,N/A,processing
7952,Grace  SEA,03-01-2024,"""Lamp""",Home,10,39.99,processing
7953,Jack  PHX,06/19/2024,Resistance Band,Sports,7,13,delivered
7954,Bob  LA,02-04-2024,Clock,Home,10,19.99,Delivered
7955,Bob  LA,27-02-2024,USB Hub,Electronics,2,$19.99,Delivered
7956,Nate  NYC,06-10-2024,Dress,Clothing,7,49.99,shipped
7957,Karen  ATL,12/28/24,Hat,Clothing,10,19,shipped
7958,Jack  PHX,11-10-2024,Jeans,Clothing,1,59.99,returned
7959,Tina  BOS,05-05-2024,Belt,Clothing,10,30,pending
7960,Alice  NYC,28-03-2024,Coffee Maker,Home,4,60,shipped
7961,Mia  PDX,07/22/24,TShirt,Clothing,1,$25.00,delivered
ORD-7962,Ivy  MIA,10/15/2024,Webcam,Electronics,1,59.99,RETURNED
7963,Tina  BOS,08-02-2024,Running Shoes,Sports,7,90,shipped
7964,Olivia  LA,05/14/24,TShirt,Clothing,4,25,RETURNED
7965,Frank  DAL,17-03-2024,Blanket,Home,8,35,processing
7966,Tina  BOS,02/15/2024,Calculator,Office,7,25,processing
7967,Leo  DEN,11/25/2024,"""USB Hub""",Electronics,4,$19.99,processing
7968,Ivy  MIA,23-02-2024,Water Bottle,Sports,10,15,pending
7969,Hank  BOS,01-06-2024,Stapler,Office,3,15.99,pending
7970,Diana  NYC,11-30-2024,Keyboard,Electronics,1,45,processing
7971,Jack  PHX,06-10-2024,Coffee Maker,Home,9,$59.99,Delivered
7972,Alice  NYC,07/15/24,Lamp,Home,7,39.99,cancelled
7973,Eve  SF,04-08-2024,Blender,Home,3,44,processing
7974,Eve  SF,04-06-2024,Sneakers,Clothing,9,75,Pending
7975,Olivia  LA,02-04-2024,Chair,Office,6,199,shipped
7976,Jack  PHX,08-04-2024,Chair,Office,2,200,returned
7977,Charlie  CHI,02/18/2024,"""Dumbbell""",Sports,4,$39.99,returned
7978,Paul  CHI,01-06-2024,Pen Set,Office,7,12.99,shipped
ORD-7979,Bob  LA,24-11-2024,"""Lamp""",Home,5,39.99,Delivered
7980,Bob  LA,28-03-2024,Chair,Office,3,199.99,pending
7981,Frank  DAL,05/25/2024,"""Resistance Band""",Sports,7,12,shipped
7982,Ivy  MIA,10-09-2024,Jacket,Clothing,10,90,processing
7983,Diana  NYC,10-23-2024,Sneakers,Clothing,6,75,cancelled
7984,Rose  DAL,29-10-2024,Jeans,Clothing,2,59,Pending
7985,Leo  DEN,07-06-2024,Running Shoes,Sports,10,$89.99,Pending
7986,Paul  CHI,17-02-2024,Clock,Home,2,$19.99,Delivered
7987,Nate  NYC,08-09-2024,Toaster,Home,7,29.99,Delivered
7988,Sam  SEA,10-03-2024,Calculator,Office,3,24,RETURNED
7989,Paul  CHI,02-04-2024,Resistance Band,Sports,8,13,Delivered
7990,Hank  BOS,16-10-2024,Hat,Clothing,4,19.99,delivered
7991,Jack  PHX,17-12-2024,Blender,Home,10,44.99,shipped
7992,Charlie  CHI,10-02-2024,Whiteboard,Office,10,49,delivered
7993,Olivia  LA,13-03-2024,Pen Set,Office,5,12.99,Delivered
7994,Karen  ATL,03-30-2024,Socks,Clothing,10,$9.99,shipped
7995,Paul  CHI,18-09-2024,Webcam,Electronics,3,59.99,Delivered
7996,Hank  BOS,27-08-2024,Blender,Home,10,44.99,cancelled
7997,Tina  BOS,09/21/24,Jacket,Clothing,10,89.99,RETURNED
7998,Ivy  MIA,27-09-2024,Laptop,Electronics,7,799.99,cancelled
7999,Alice  NYC,07-28-2024,Water Bottle,Sports,1,15,cancelled
8000,Ivy  MIA,08/14/24,Water Bottle,Sports,9,$14.99,pending
8001,Rose  DAL,06-10-2024,Pillow,Home,10,24,pending
8002,Jack  PHX,07/31/2024,Blanket,Home,9,34.99,pending
8003,Ivy  MIA,04/21/24,Yoga Mat,Sports,8,29,shipped
8004,Jack  PHX,09-01-2024,Belt,Clothing,5,$29.99,processing
ORD-8005,Ivy  MIA,30-01-2024,Pen Set,Office,7,13,processing
8006,Sam  SEA,25-01-2024,Jeans,Clothing,5,59,Delivered
8007,Rose  DAL,09-04-2024,Lamp,Home,5,39.99,pending
8008,Jack  PHX,03-11-2024,Resistance Band,Sports,4,$12.99,returned
8009,Paul  CHI,16-10-2024,Smartphone,Electronics,9,699.99,delivered
8010,Ivy  MIA,18-04-2024,Clock,Home,10,$19.99,shipped
8011,Hank  BOS,12-10-2024,Jump Rope,Sports,10,9.99,Pending
8012,Quinn  SF,12/19/24,Running Shoes,Sports,3,$89.99,returned
8013,Paul  CHI,04-05-2024,Blanket,Home,9,$34.99,Pending
8014,Quinn  SF,12/13/2024,Jacket,Clothing,1,89,shipped
8015,Paul  CHI,06-09-2024,Jump Rope,Sports,10,9.99,shipped
8016,Bob  LA,08-04-2024,Hat,Clothing,1,20,Pending
8017,Eve  SF,03-07-2024,Webcam,Electronics,7,59.99,Delivered
8018,Charlie  CHI,12-05-2024,Hat,Clothing,4,19.99,Delivered
8019,Sam  SEA,03-01-2024,Dumbbell,Sports,6,39.99,RETURNED
8020,Quinn  SF,06-14-2024,TShirt,Clothing,4,25,returned
8021,Rose  DAL,02-01-2024,Blender,Home,10,$44.99,processing
8022,Jack  PHX,09/23/24,Calculator,Office,1,24.99,Pending
8023,Eve  SF,06-06-2024,TShirt,Clothing,6,25,Pending
8024,Ivy  MIA,01-01-2024,Notebook,Office,4,8,RETURNED
8025,Diana  NYC,12-16-2024,Notebook,Office,9,9,returned
8026,Paul  CHI,04-05-2024,Water Bottle,Sports,3,14.99,Delivered
8027,Nate  NYC,04-07-2024,Jump Rope,Sports,2,9,shipped
8028,Alice  NYC,01-07-2024,Rug,Home,5,89.99,processing
ORD-8029,Jack  PHX,06/25/2024,Rug,Home,6,$89.99,Pending
8030,Charlie  CHI,07-02-2024,Smartphone,Electronics,8,699,delivered
8031,Leo  DEN,01-31-2024,Dress,Clothing,,49.99,processing
8032,Charlie  CHI,06-11-2024,Desk Lamp,Office,1,35,pending
8033,Sam  SEA,08/23/2024,Laptop,Electronics,6,799.99,shipped
8034,Eve  SF,09-09-2024,Tablet,Electronics,7,349,Delivered
8035,Charlie  CHI,13-04-2024,TShirt,Clothing,2,25,processing
8036,Ivy  MIA,10-07-2024,Pillow,Home,7,24.99,returned
8037,Karen  ATL,08-26-2024,Running Shoes,Sports,8,$89.99,processing
8038,Rose  DAL,07-13-2024,Jump Rope,Sports,5,9,cancelled
8039,Frank  DAL,07/27/24,Coffee Maker,Home,10,60,processing
8040,Paul  CHI,08-03-2024,"""Blanket""",Home,2,35,Delivered
8041,Sam  SEA,03/16/2024,Sneakers,Clothing,4,$75.00,delivered
8042,Frank  DAL,01-06-2024,"""Resistance Band""",Sports,2,$12.99,pending
8043,Bob  LA,17-07-2024,Clock,Home,9,19,RETURNED
8044,Nate  NYC,11-15-2024,Rug,Home,1,$89.99,shipped
ORD-8045,Tina  BOS,01-01-2024,Sneakers,Clothing,8,75,cancelled
8046,Grace  SEA,09-07-2024,Coffee Maker,Home,5,59,RETURNED
8047,Rose  DAL,01-27-2024,Resistance Band,Sports,3,12,pending
8048,Frank  DAL,06-05-2024,"""Resistance Band""",Sports,7,12.99,shipped
8049,Leo  DEN,06-04-2024,Rug,Home,4,89.99,processing
8050,Eve  SF,13-08-2024,Jump Rope,Sports,3,9,Delivered
8051,Olivia  LA,10-29-2024,Belt,Clothing,1,29.99,Delivered
8052,Olivia  LA,05-05-2024,Calculator,Office,7,$24.99,returned
8053,Charlie  CHI,08/21/24,Pen Set,Office,1,12.99,Pending
8054,Quinn  SF,02-04-2024,"""Tablet""",Electronics,8,349,RETURNED
8055,Eve  SF,05-03-2024,USB Hub,Electronics,5,20,Delivered
8056,Jack  PHX,04/13/2024,Toaster,Home,8,30,processing
8057,Sam  SEA,11-09-2024,"""TShirt""",Clothing,9,$25.00,cancelled
ORD-8058,Tina  BOS,30-09-2024,Socks,Clothing,10,9,RETURNED
8059,Nate  NYC,06/30/24,USB Hub,Electronics,9,19,returned
8060,Alice Smith,12-10-2024,Whiteboard,Office,9,49.99,Pending
ORD-8061,Alice  NYC,06-04-2024,Clock,Home,3,19.99,delivered
8062,Ivy  MIA,11-07-2024,TShirt,Clothing,7,$25.00,cancelled
8063,Eve  SF,11-04-2024,Hat,Clothing,2,19.99,shipped
8064,Olivia  LA,12-08-2024,"""Charger""",Electronics,7,$14.99,returned
8065,Charlie  CHI,22-02-2024,Laptop,Electronics,8,$799.99,cancelled
8066,Bob  LA,01-31-2024,Socks,Clothing,2,9,delivered
8067,Leo  DEN,08/18/2024,Notebook,Office,2,8.99,delivered
8068,Bob  LA,26-06-2024,Dress,Clothing,3,50,cancelled
8069,Ivy  MIA,12-12-2024,Jacket,Clothing,2,$89.99,cancelled
8070,Eve  SF,11/18/24,Sneakers,Clothing,4,75,cancelled
ORD-8071,Paul  CHI,01-06-2024,Yoga Mat,Sports,8,30,cancelled
8072,Quinn  SF,12-10-2024,Tablet,Electronics,9,349.99,Pending
8073,Paul  CHI,11-22-2024,Desk Lamp,Office,4,35,cancelled
8074,Olivia  LA,09/16/24,"""Belt""",Clothing,2,29.99,cancelled
8075,Mia  PDX,08-03-2024,Hat,Clothing,6,19.99,RETURNED
8076,Hank  BOS,30-04-2024,Pen Set,Office,2,12,processing
ORD-8077,Jack  PHX,27-03-2024,Calculator,Office,4,24,cancelled
8078,Ivy  MIA,08-13-2024,Hat,Clothing,1,$19.99,pending
ORD-8079,Mia  PDX,11/21/2024,Dumbbell,Sports,8,$39.99,shipped
8080,Frank  DAL,02-11-2024,Laptop,Electronics,8,800,delivered
8081,Sam  SEA,29-06-2024,Notebook,Office,10,8,shipped
8082,Rose  DAL,12-11-2024,Binder,Office,6,5.99,returned
8083,Olivia  LA,14-10-2024,Monitor,Electronics,10,$299.99,Delivered
8084,Frank  DAL,02-17-2024,Jump Rope,Sports,4,$9.99,cancelled
8085,Bob  LA,04-07-2024,Stapler,Office,7,15.99,pending
8086,Alice  NYC,13-01-2024,Water Bottle,Sports,1,$14.99,RETURNED
ORD-8087,Alice  NYC,02-12-2024,Socks,Clothing,10,$9.99,Pending
8088,Frank  DAL,06-03-2024,Headphones,Electronics,8,90,shipped
8089,Alice  NYC,04/30/24,Binder,Office,8,5,delivered
8090,Paul  CHI,06-11-2024,Jacket,Clothing,8,$89.99,Pending
8091,Ivy  MIA,03/15/24,Monitor,Electronics,2,300,cancelled
8092,Leo  DEN,05-02-2024,"""Jump Rope""",Sports,5,$9.99,delivered
8093,Sam  SEA,05-03-2024,Blanket,Home,10,35,shipped
8094,Sam  SEA,16-09-2024,"""Dress""",Clothing,9,49.99,Pending
8095,Quinn  SF,26-01-2024,Jump Rope,Sports,3,9.99,returned
8096,Rose  DAL,17-10-2024,Pen Set,Office,6,13,Delivered
8097,Paul  CHI,01-08-2024,Jacket,Clothing,9,89,RETURNED
ORD-8098,Rose  DAL,07-12-2024,Resistance Band,Sports,3,$12.99,Delivered
8099,Charlie  CHI,02-05-2024,"""Running Shoes""",Sports,7,89.99,RETURNED
8100,Grace  SEA,04-04-2024,Toaster,Home,5,29,RETURNED
8101,Diana  NYC,03-12-2024,Clock,Home,4,20,returned
8102,Eve  SF,08/27/24,Jump Rope,Sports,10,$9.99,RETURNED
8103,Ivy  MIA,25-04-2024,"""Binder""",Office,4,6,delivered
ORD-8104,Quinn  SF,22-12-2024,Calculator,Office,1,24,Delivered
8105,Charlie  CHI,11/22/24,Coffee Maker,Home,9,59,delivered
8106,Olivia  LA,01-28-2024,Laptop,Electronics,5,799.99,cancelled
8107,Leo  DEN,02-01-2024,Water Bottle,Sports,9,14.99,processing
8108,Diana Prince,02-07-2024,Chair,Office,6,200,pending
8109,Frank  DAL,11/13/24,Water Bottle,Sports,1,14,cancelled
8110,Frank  DAL,03/14/24,Tablet,Electronics,10,350,processing
8111,Olivia  LA,04-09-2024,Sneakers,Clothing,10,75,Pending
8112,Nate  NYC,24-04-2024,Jump Rope,Sports,9,9,processing
8113,Quinn  SF,09/24/2024,Running Shoes,Sports,2,89.99,shipped
8114,Jack  PHX,04-11-2024,Smartphone,Electronics,1,699,shipped
8115,Olivia  LA,25-03-2024,Toaster,Home,8,$29.99,processing
ORD-8116,Nate  NYC,20-12-2024,Dumbbell,Sports,1,39,pending
8117,Frank  DAL,06-06-2024,Dumbbell,Sports,1,39,RETURNED
8118,Nate  NYC,06/24/2024,Pen Set,Office,3,13,returned
8119,Hank  BOS,03/27/24,Headphones,Electronics,2,90,RETURNED
8120,Karen  ATL,22-04-2024,Whiteboard,Office,2,50,cancelled
8121,Eve  SF,10-28-2024,Smartphone,Electronics,7,699.99,delivered
8122,Bob  LA,10-05-2024,Webcam,Electronics,10,$59.99,Delivered
8123,Eve  SF,16-08-2024,Stapler,Office,7,15.99,returned
8124,Paul  CHI,09-09-2024,Sneakers,Clothing,10,75,cancelled
8125,Eve  SF,10-27-2024,Sneakers,Clothing,8,75,returned
8126,Diana  NYC,07/20/24,Webcam,Electronics,6,59.99,delivered
8127,Paul  CHI,05/27/24,Toaster,Home,10,29.99,pending
8128,Bob  LA,03/28/24,Jump Rope,Sports,2,10,returned
8129,Tina  BOS,03-04-2024,Water Bottle,Sports,9,14,Pending
8130,Charlie  CHI,08-12-2024,Hat,Clothing,7,20,RETURNED
8131,Jack  PHX,22-09-2024,"""Rug""",Home,7,$89.99,cancelled
8132,Paul  CHI,08/28/24,Dumbbell,Sports,2,39.99,returned
8133,Grace  SEA,03-01-2024,Pillow,Home,5,$24.99,cancelled
8134,Charlie  CHI,07-06-2024,Coffee Maker,Home,5,60,processing
ORD-8135,Grace  SEA,23-10-2024,Running Shoes,Sports,1,90,returned
8136,Bob  LA,02-06-2024,Belt,Clothing,2,29,RETURNED
8137,Frank  DAL,05/24/24,"""Clock""",Home,7,20,cancelled
ORD-8138,Karen  ATL,10-26-2024,Blender,Home,1,44,Pending
8139,Leo  DEN,01/20/2024,Water Bottle,Sports,8,15,processing
8140,Karen  ATL,09/26/2024,Chair,Office,2,$199.99,pending
8141,Frank  DAL,04-15-2024,Whiteboard,Office,4,49,processing
8142,Mia  PDX,23-01-2024,Clock,Home,9,19.99,cancelled
8143,Charlie  CHI,01-11-2024,USB Hub,Electronics,1,20,delivered
8144,Mia  PDX,27-02-2024,Headphones,Electronics,9,89,delivered
8145,Hank  BOS,04-03-2024,Jacket,Clothing,1,89.99,delivered
8146,Diana Prince,06/27/24,Resistance Band,Sports,7,12.99,processing
8147,Ivy  MIA,11-04-2024,Sneakers,Clothing,5,75,Pending
8148,Alice  NYC,03-16-2024,Monitor,Electronics,9,$299.99,processing
8149,Frank  DAL,10-03-2024,Desk Lamp,Office,6,34,delivered
8150,Eve  SF,08-15-2024,Notebook,Office,9,8.99,delivered
8151,Mia  PDX,15-09-2024,Clock,Home,8,19.99,returned
8152,Alice  NYC,21-01-2024,Desk Lamp,Office,3,34.99,Pending
8153,Tina  BOS,12-08-2024,Resistance Band,Sports,7,13,processing
8154,Sam  SEA,02-03-2024,Hat,Clothing,1,19,shipped
8155,Alice Smith,05-11-2024,Yoga Mat,Sports,5,29.99,processing
8156,Charlie  CHI,07-03-2024,Jeans,Clothing,1,59.99,
8157,Grace  SEA,04-04-2024,Jump Rope,Sports,9,10,RETURNED
8158,Ivy  MIA,19-08-2024,Tablet,Electronics,5,$349.99,delivered
8159,Quinn  SF,09/18/24,Jacket,Clothing,8,89.99,Pending
8160,Hank  BOS,07-04-2024,Stapler,Office,7,15.99,delivered
8161,Frank  DAL,11-10-2024,Yoga Mat,Sports,1,29.99,RETURNED
8162,Rose  DAL,23-05-2024,Smartphone,Electronics,4,$699.99,RETURNED
8163,Jack  PHX,03-21-2024,Stapler,Office,6,15.99,processing
8164,Sam  SEA,02/22/24,Running Shoes,Sports,9,$89.99,Pending
8165,Mia  PDX,26-12-2024,"""Stapler""",Office,1,15.99,cancelled
8166,Bob  LA,26-11-2024,Socks,Clothing,8,9.99,Delivered
8167,Charlie  CHI,03-04-2024,Dumbbell,Sports,4,39.99,RETURNED
8168,Rose  DAL,07-09-2024,Calculator,Office,4,24.99,pending
8169,Mia  PDX,07-10-2024,"""Whiteboard""",Office,7,$49.99,returned
8170,Hank  BOS,12-06-2024,Desk Lamp,Office,6,34.99,returned
8171,Frank  DAL,10-12-2024,Coffee Maker,Home,8,59.99,cancelled
8172,Mia  PDX,09-04-2024,Mouse,Electronics,3,25,shipped
8173,Rose  DAL,09-10-2024,Mouse,Electronics,5,25,delivered
8174,Sam  SEA,26-03-2024,"""Chair""",Office,1,199.99,RETURNED
8175,Olivia  LA,01-12-2024,Calculator,Office,2,$24.99,pending
8176,Alice  NYC,22-01-2024,Pillow,Home,6,25,cancelled
8177,Ivy  MIA,07-03-2024,Mouse,Electronics,8,25,Pending
8178,Tina  BOS,13-07-2024,Sneakers,Clothing,10,75,processing
8179,Charlie  CHI,02/23/2024,Headphones,Electronics,5,89.99,cancelled
8180,Frank  DAL,28-03-2024,USB Hub,Electronics,2,20,delivered
8181,Charlie  CHI,11-01-2024,Resistance Band,Sports,10,13,shipped
8182,Bob  LA,19-08-2024,Toaster,Home,1,29.99,RETURNED
8183,Olivia  LA,04-11-2024,Running Shoes,Sports,10,$89.99,cancelled
8184,Alice  NYC,08-09-2024,"""Calculator""",Office,1,24,RETURNED
8185,Mia  PDX,02-06-2024,Belt,Clothing,9,$29.99,pending
8186,Karen  ATL,12/27/2024,Jacket,Clothing,2,89.99,processing
8187,Alice Smith,06-02-2024,Dress,Clothing,5,50,Pending
8188,Paul  CHI,08/31/2024,Notebook,Office,5,8.99,RETURNED
8189,Karen  ATL,05-04-2024,Belt,Clothing,4,29.99,returned
8190,Diana  NYC,10-03-2024,Lamp,Home,10,40,Pending
8191,Sam  SEA,31-01-2024,Belt,Clothing,9,29,pending
8192,Tina  BOS,04-05-2024,TShirt,Clothing,7,25,delivered
8193,Quinn  SF,20-09-2024,Jeans,Clothing,10,59,shipped
8194,Eve  SF,04/17/2024,Jacket,Clothing,2,89.99,pending
8195,Quinn  SF,09-07-2024,Webcam,Electronics,1,$59.99,returned
8196,Sam  SEA,06-01-2024,Resistance Band,Sports,3,12.99,Pending
8197,Tina  BOS,21-06-2024,Coffee Maker,Home,4,60,pending
8198,Leo  DEN,10/18/24,Blanket,Home,2,34,RETURNED
8199,Leo  DEN,14-06-2024,Pen Set,Office,1,13,delivered
8200,Jack  PHX,12-01-2024,Toaster,Home,5,29.99,processing
8201,Nate  NYC,07-01-2024,Smartphone,Electronics,8,699.99,Delivered
8202,Rose  DAL,03/19/24,Laptop,Electronics,9,799.99,cancelled
8203,Leo  DEN,28-02-2024,Clock,Home,6,$19.99,cancelled
8204,Frank  DAL,18-08-2024,Chair,Office,6,199.99,RETURNED
8205,Quinn  SF,11-15-2024,"""Resistance Band""",Sports,6,13,processing
8206,Paul  CHI,11-09-2024,Headphones,Electronics,9,89.99,pending
8207,Frank  DAL,01-06-2024,Belt,Clothing,7,29.99,Delivered
8208,Hank  BOS,05/15/24,Jeans,Clothing,3,59.99,shipped
8209,Sam  SEA,12/19/2024,Jump Rope,Sports,8,9.99,Delivered
8210,Alice  NYC,01-27-2024,Socks,Clothing,5,9.99,cancelled
8211,Diana Prince,03/16/24,Hat,Clothing,6,19,shipped
8212,Charlie  CHI,05-01-2024,Clock,Home,7,$19.99,Pending
8213,Eve  SF,01-29-2024,Mouse,Electronics,2,25,delivered
8214,Grace  SEA,04-01-2024,Jump Rope,Sports,4,10,Delivered
8215,Leo  DEN,04-05-2024,Binder,Office,4,$5.99,returned
8216,Rose  DAL,13-02-2024,TShirt,Clothing,2,25,shipped
8217,Charlie  CHI,08/21/2024,Dumbbell,Sports,8,39.99,RETURNED
8218,Quinn  SF,03/20/24,Water Bottle,Sports,7,14.99,shipped
8219,Jack  PHX,18-08-2024,Chair,Office,7,200,cancelled
8220,Paul  CHI,04-20-2024,Stapler,Office,9,15.99,processing
8221,Diana  NYC,06/29/2024,Mouse,Electronics,10,25,Delivered
8222,Karen  ATL,08/16/24,Socks,Clothing,5,9.99,Delivered
8223,Sam  SEA,12-09-2024,Laptop,Electronics,6,$799.99,delivered
8224,Ivy  MIA,11-20-2024,Whiteboard,Office,4,49.99,delivered
8225,Frank  DAL,04-04-2024,Keyboard,Electronics,5,45,pending
8226,Hank  BOS,04/21/2024,Laptop,Electronics,2,799.99,returned
8227,Frank  DAL,06/28/2024,Belt,Clothing,7,29.99,Delivered
8228,Leo  DEN,04-02-2024,Smartphone,Electronics,8,700,cancelled
8229,Karen  ATL,09-08-2024,Monitor,Electronics,8,300,cancelled
8230,Alice  NYC,06-06-2024,"""Smartphone""",Electronics,9,700,Pending
8231,Olivia  LA,09-02-2024,Pen Set,Office,4,12.99,RETURNED
8232,Paul  CHI,06-11-2024,Dress,Clothing,7,49.99,pending
8233,Paul  CHI,25-12-2024,Binder,Office,3,5,pending
8234,Bob  LA,03-03-2024,Monitor,Electronics,2,299,pending
8235,Diana  NYC,30-12-2024,"""Tablet""",Electronics,1,350,processing
8236,Paul  CHI,01-02-2024,Notebook,Office,2,8,delivered
8237,Hank  BOS,04-03-2024,Coffee Maker,Home,7,$59.99,pending
8238,Quinn  SF,02-12-2024,Tablet,Electronics,10,349,Pending
8239,Ivy  MIA,05/16/2024,Rug,Home,1,89,RETURNED
8240,Quinn  SF,06/23/24,Chair,Office,3,200,Delivered
8241,Quinn  SF,29-05-2024,Whiteboard,Office,7,49.99,returned
8242,Karen  ATL,25-02-2024,Rug,Home,8,$89.99,RETURNED
8243,Ivy  MIA,18-03-2024,Pillow,Home,2,24.99,processing
8244,Rose  DAL,01-06-2024,Notebook,Office,7,$8.99,processing
8245,Nate  NYC,27-05-2024,Water Bottle,Sports,2,14.99,Pending
8246,Rose  DAL,15-04-2024,Dress,Clothing,5,$49.99,pending
8247,Quinn  SF,17-04-2024,Laptop,Electronics,6,799.99,pending
8248,Frank  DAL,17-11-2024,Blender,Home,2,44.99,delivered
8249,Ivy  MIA,26-06-2024,Water Bottle,Sports,7,14.99,shipped
ORD-8250,Frank  DAL,05-03-2024,Toaster,Home,8,$29.99,delivered
8251,Diana Prince,03/20/2024,Dumbbell,Sports,10,40,shipped
8252,Rose  DAL,02-05-2024,Sneakers,Clothing,6,$75.00,processing
8253,Leo  DEN,07/19/24,Sneakers,Clothing,9,75,shipped
8254,Charlie  CHI,14-06-2024,Resistance Band,Sports,6,13,returned
8255,Tina  BOS,11/20/24,Headphones,Electronics,6,89.99,Delivered
8256,Eve  SF,10-24-2024,Jump Rope,Sports,9,9.99,cancelled
ORD-8257,Karen  ATL,16-09-2024,Rug,Home,6,$89.99,Delivered
8258,Ivy  MIA,09/18/24,Toaster,Home,8,$29.99,pending
8259,Olivia  LA,11-07-2024,"""Headphones""",Electronics,1,90,delivered
8260,Tina  BOS,21-06-2024,Pillow,Home,9,24.99,RETURNED
8261,Leo  DEN,12/20/24,USB Hub,Electronics,3,19.99,returned
8262,Bob  LA,03-09-2024,Jump Rope,Sports,9,10,returned
8263,Diana  NYC,05-06-2024,Chair,Office,4,$199.99,returned
8264,Paul  CHI,01/24/24,Jump Rope,Sports,7,9.99,shipped
8265,Mia  PDX,02-01-2024,Webcam,Electronics,4,59,cancelled
8266,Tina  BOS,02-02-2024,Resistance Band,Sports,7,13,cancelled
8267,Nate  NYC,02-08-2024,Coffee Maker,Home,6,$59.99,delivered
8268,Frank  DAL,06-01-2024,Keyboard,Electronics,9,45,shipped
8269,Bob  LA,08-03-2024,TShirt,Clothing,6,25,delivered
8270,Sam  SEA,21-09-2024,Notebook,Office,8,8,Pending
8271,Tina  BOS,05-09-2024,Whiteboard,Office,4,$49.99,processing
8272,Karen  ATL,12-06-2024,"""Yoga Mat""",Sports,3,29.99,shipped
8273,Mia  PDX,06/22/2024,Tablet,Electronics,6,349.99,Pending
8274,Paul  CHI,10-06-2024,Sneakers,Clothing,2,$75.00,Delivered
8275,Hank  BOS,07/19/2024,Coffee Maker,Home,6,$59.99,Pending
8276,Paul  CHI,04-06-2024,Yoga Mat,Sports,10,29.99,Delivered
8277,Tina  BOS,04/21/2024,Belt,Clothing,2,29,processing
8278,Diana  NYC,03-01-2024,Toaster,Home,3,30,RETURNED
8279,Quinn  SF,22-11-2024,Desk Lamp,Office,7,34.99,cancelled
8280,Diana  NYC,18-01-2024,Smartphone,Electronics,5,$699.99,delivered
8281,Tina  BOS,27-12-2024,Running Shoes,Sports,1,89.99,processing
8282,Ivy  MIA,20-02-2024,Socks,Clothing,1,9,shipped
8283,Grace  SEA,02-05-2024,TShirt,Clothing,2,25,processing
8284,Karen  ATL,01-07-2024,Water Bottle,Sports,9,14.99,pending
8285,Frank  DAL,12-02-2024,Tablet,Electronics,3,349.99,RETURNED
8286,Jack  PHX,05-08-2024,Keyboard,Electronics,7,45,delivered
8287,Jack  PHX,02-05-2024,Desk Lamp,Office,2,35,RETURNED
8288,Hank  BOS,21-01-2024,USB Hub,Electronics,4,20,returned
8289,Bob  LA,05-04-2024,Toaster,Home,6,$29.99,returned
8290,Hank  BOS,11-02-2024,USB Hub,Electronics,7,$19.99,Pending
8291,Rose  DAL,05-30-2024,Lamp,Home,2,40,cancelled
8292,Eve  SF,03-06-2024,"""Binder""",Office,4,$5.99,Delivered
8293,Quinn  SF,28-06-2024,Toaster,Home,2,29.99,returned
8294,Bob  LA,10-04-2024,Calculator,Office,10,24,processing
8295,Jack  PHX,11-28-2024,Water Bottle,Sports,8,14.99,cancelled
8296,Hank  BOS,01-16-2024,Resistance Band,Sports,8,$12.99,delivered
8297,Karen  ATL,12-05-2024,Headphones,Electronics,2,89.99,processing
8298,Hank  BOS,04/18/2024,Running Shoes,Sports,4,89.99,Pending
8299,Jack  PHX,11-06-2024,Socks,Clothing,3,10,shipped
8300,Diana Prince,06/19/24,Pen Set,Office,3,12.99,delivered
8301,Alice  NYC,01-14-2024,USB Hub,Electronics,1,20,shipped
8302,Mia  PDX,11-09-2024,Smartphone,Electronics,1,699,Delivered
8303,Quinn  SF,11-07-2024,Headphones,Electronics,3,89.99,returned
8304,Mia  PDX,05-02-2024,"""Chair""",Office,6,199.99,Pending
8305,Charlie  CHI,07/16/2024,Charger,Electronics,8,15,returned
8306,Hank  BOS,04/23/24,Webcam,Electronics,3,59.99,Delivered
8307,Tina  BOS,07-06-2024,Running Shoes,Sports,3,$89.99,Pending
8308,Paul  CHI,02/23/2024,Hat,Clothing,5,19,cancelled
8309,Nate  NYC,01-03-2024,Belt,Clothing,8,$29.99,shipped
8310,Ivy  MIA,12-18-2024,Hat,Clothing,1,19.99,RETURNED
8311,Jack  PHX,07-06-2024,Binder,Office,8,5,shipped
8312,Paul  CHI,14-04-2024,Desk Lamp,Office,2,$34.99,RETURNED
8313,Nate  NYC,07-02-2024,Headphones,Electronics,1,89.99,delivered
8314,Rose  DAL,12-10-2024,"""Monitor""",Electronics,3,$299.99,cancelled
8315,Grace  SEA,10/30/24,Whiteboard,Office,4,49.99,Pending
8316,Karen  ATL,03-06-2024,"""Chair""",Office,7,199,Pending
8317,Charlie  CHI,01/26/24,Tablet,Electronics,3,$349.99,pending
8318,Grace  SEA,18-06-2024,Stapler,Office,5,16,delivered
8319,Frank  DAL,30-12-2024,Dumbbell,Sports,1,$39.99,Delivered
8320,Bob  LA,08/30/2024,Webcam,Electronics,10,59,delivered
8321,Nate  NYC,28-02-2024,Water Bottle,Sports,3,$14.99,Pending
8322,Quinn  SF,10-24-2024,Hat,Clothing,10,19,Delivered
8323,Karen  ATL,13-02-2024,Socks,Clothing,3,$9.99,pending
8324,Mia  PDX,06-12-2024,Blanket,Home,6,34,returned
8325,Bob  LA,01-04-2024,Chair,Office,6,199.99,RETURNED
8326,Paul  CHI,03/16/24,Jump Rope,Sports,1,9.99,cancelled
8327,Quinn  SF,12/31/24,Tablet,Electronics,10,349,shipped
8328,Hank  BOS,07-07-2024,Socks,Clothing,10,9.99,shipped
8329,Frank  DAL,16-02-2024,Sneakers,Clothing,7,75,RETURNED
8330,Mia  PDX,01/31/2024,Resistance Band,Sports,4,$12.99,returned
8331,Eve  SF,02-10-2024,Dumbbell,Sports,1,39,Delivered
8332,Mia  PDX,04-10-2024,Toaster,Home,6,29,pending
8333,Grace  SEA,10-02-2024,Jump Rope,Sports,8,9,Pending
8334,Grace  SEA,01/21/24,Charger,Electronics,4,14,processing
8335,Frank  DAL,27-05-2024,Monitor,Electronics,7,299.99,Delivered
8336,Charlie  CHI,11-12-2024,Webcam,Electronics,8,59,returned
8337,Bob  LA,10-13-2024,Water Bottle,Sports,6,14.99,returned
8338,Diana  NYC,07/28/24,Rug,Home,4,89.99,processing
8339,Alice  NYC,04-09-2024,Notebook,Office,4,8.99,RETURNED
8340,Karen  ATL,04-02-2024,Running Shoes,Sports,10,89,RETURNED
8341,Alice Smith,03-29-2024,Blanket,Home,1,34.99,RETURNED
8342,Hank  BOS,22-01-2024,Clock,Home,8,19.99,delivered
8343,Charlie  CHI,07-05-2024,Monitor,Electronics,4,$299.99,Delivered
8344,Paul  CHI,07/23/24,Whiteboard,Office,7,50,pending
8345,Jack  PHX,25-03-2024,Jeans,Clothing,4,59.99,RETURNED
8346,Mia  PDX,05/22/2024,Sneakers,Clothing,8,$75.00,Delivered
8347,Nate  NYC,08/22/2024,Charger,Electronics,7,14.99,cancelled
8348,Charlie  CHI,11/17/24,Webcam,Electronics,8,59.99,processing
8349,Nate  NYC,12/27/2024,Desk Lamp,Office,6,34.99,RETURNED
8350,Charlie  CHI,10-12-2024,"""Jacket""",Clothing,10,$89.99,RETURNED
8351,Eve  SF,03/28/2024,"""Jump Rope""",Sports,2,10,delivered
8352,Nate  NYC,02-12-2024,Water Bottle,Sports,6,14,cancelled
8353,Frank  DAL,03/28/2024,Running Shoes,Sports,5,89.99,Pending
8354,Quinn  SF,04-04-2024,Resistance Band,Sports,1,12.99,Pending
8355,Tina  BOS,05-23-2024,Laptop,Electronics,8,799,Delivered
8356,Jack  PHX,04-08-2024,Dumbbell,Sports,2,N/A,RETURNED
8357,Frank  DAL,08-12-2024,Yoga Mat,Sports,9,$29.99,shipped
8358,Diana Prince,01-10-2024,"""Running Shoes""",Sports,7,89,pending
8359,Hank  BOS,31-01-2024,Notebook,Office,3,9,delivered
8360,Grace  SEA,02-28-2024,Tablet,Electronics,10,349,shipped
8361,Tina  BOS,05-19-2024,"""Blanket""",Home,8,34.99,delivered
8362,Nate  NYC,07-05-2024,Calculator,Office,7,$24.99,Delivered
8363,Charlie  CHI,04-05-2024,Hat,Clothing,2,20,Delivered
8364,Diana  NYC,03-24-2024,Webcam,Electronics,10,59.99,returned
8365,Eve  SF,01-05-2024,Dumbbell,Sports,3,40,Delivered
8366,Paul  CHI,03-12-2024,Sneakers,Clothing,2,75,pending
8367,Eve  SF,10/18/24,Chair,Office,1,$199.99,cancelled
8368,Eve  SF,10/15/24,Monitor,Electronics,3,299.99,Pending
8369,Quinn  SF,06/18/24,Blanket,Home,9,35,pending
8370,Quinn  SF,09-17-2024,Jeans,Clothing,1,60,delivered
8371,Mia  PDX,11-09-2024,Binder,Office,6,5.99,cancelled
8372,Diana  NYC,23-08-2024,Jump Rope,Sports,4,9,cancelled
8373,Tina  BOS,04-08-2024,Notebook,Office,6,$8.99,Delivered
8374,Hank  BOS,26-09-2024,Socks,Clothing,7,9.99,Delivered
8375,Quinn  SF,12-05-2024,Socks,Clothing,8,9.99,shipped
8376,Alice  NYC,05-07-2024,Rug,Home,5,89.99,shipped
8377,Mia  PDX,06-10-2024,Hat,Clothing,9,20,pending
ORD-8378,Bob  LA,07-21-2024,Smartphone,Electronics,7,699.99,shipped
8379,Karen  ATL,05/19/24,Binder,Office,2,6,Delivered
8380,Hank  BOS,01-11-2024,"""Water Bottle""",Sports,5,15,Delivered
8381,Rose  DAL,11/21/24,Pen Set,Office,1,12.99,returned
8382,Sam  SEA,22-02-2024,Headphones,Electronics,3,89.99,Delivered
8383,Quinn  SF,18-06-2024,Smartphone,Electronics,7,$699.99,returned
8384,Eve  SF,10-09-2024,Chair,Office,7,200,Delivered
ORD-8385,Rose  DAL,03/17/24,Chair,Office,8,$199.99,RETURNED
8386,Charlie  CHI,11-08-2024,Keyboard,Electronics,5,45,shipped
8387,Nate  NYC,07-24-2024,"""Dumbbell""",Sports,10,39,shipped
8388,Leo  DEN,06-04-2024,Blanket,Home,2,34.99,Pending
8389,Charlie  CHI,11-06-2024,Socks,Clothing,3,$9.99,processing
8390,Sam  SEA,06/23/2024,Water Bottle,Sports,4,14,cancelled
8391,Olivia  LA,06/16/2024,Lamp,Home,4,39.99,Pending
8392,Alice  NYC,21-06-2024,Dress,Clothing,8,49.99,delivered
8393,Ivy  MIA,21-04-2024,Sneakers,Clothing,2,$75.00,Delivered
8394,Frank  DAL,08-21-2024,"""Jump Rope""",Sports,10,9,delivered
8395,Ivy  MIA,31-08-2024,Webcam,Electronics,1,$59.99,delivered
8396,Nate  NYC,17-09-2024,Calculator,Office,5,24,returned
8397,Eve  SF,07/24/2024,Belt,Clothing,6,29,RETURNED
8398,Eve  SF,12-01-2024,Desk Lamp,Office,10,34.99,delivered
8399,Jack  PHX,26-09-2024,Clock,Home,2,19,shipped
ORD-8400,Ivy  MIA,02-12-2024,Water Bottle,Sports,6,14.99,delivered
8401,Alice Smith,02/24/24,Socks,Clothing,4,10,delivered
8402,Paul  CHI,04/23/24,"""Rug""",Home,5,90,delivered
8403,Olivia  LA,12-05-2024,Pen Set,Office,8,13,returned
8404,Rose  DAL,09/26/24,TShirt,Clothing,5,$25.00,returned
ORD-8405,Bob  LA,02-24-2024,Lamp,Home,8,40,Pending
8406,Frank  DAL,02-07-2024,Clock,Home,9,19,Delivered
8407,Alice  NYC,10-14-2024,Calculator,Office,1,$24.99,RETURNED
8408,Nate  NYC,02-10-2024,Stapler,Office,6,$15.99,processing
8409,Alice Smith,02-02-2024,Pen Set,Office,2,12,RETURNED
8410,Nate  NYC,02/24/2024,TShirt,Clothing,5,25,RETURNED
8411,Olivia  LA,04-02-2024,Monitor,Electronics,4,300,Pending
8412,Jack  PHX,14-06-2024,Lamp,Home,9,39.99,shipped
8413,Alice  NYC,18-07-2024,Dumbbell,Sports,5,39.99,cancelled
8414,Frank  DAL,05-12-2024,Water Bottle,Sports,2,14,pending
8415,Jack  PHX,07-04-2024,Tablet,Electronics,3,350,Delivered
ORD-8416,Quinn  SF,01-08-2024,Smartphone,Electronics,10,699.99,returned
8417,Diana Prince,01-07-2024,Pillow,Home,10,24.99,delivered
8418,Hank  BOS,19-01-2024,Desk Lamp,Office,4,34.99,delivered
8419,Paul  CHI,31-10-2024,Smartphone,Electronics,8,$699.99,delivered
8420,Karen  ATL,09-05-2024,Stapler,Office,3,16,Delivered
8421,Grace  SEA,09-08-2024,Blanket,Home,6,34,processing
8422,Jack  PHX,03-23-2024,Jeans,Clothing,4,59.99,cancelled
8423,Grace  SEA,07/15/2024,Mouse,Electronics,4,25,pending
8424,Olivia  LA,05-27-2024,Socks,Clothing,2,9.99,Pending
8425,Paul  CHI,03-17-2024,Toaster,Home,9,29.99,RETURNED
8426,Grace  SEA,06-06-2024,Running Shoes,Sports,5,90,delivered
8427,Quinn  SF,08-08-2024,Pillow,Home,8,24.99,processing
8428,Paul  CHI,06-07-2024,Smartphone,Electronics,10,699,delivered
8429,Alice Smith,06-01-2024,Socks,Clothing,5,9.99,shipped
8430,Ivy  MIA,02-13-2024,Laptop,Electronics,4,800,shipped
8431,Hank  BOS,03-17-2024,Running Shoes,Sports,10,89.99,returned
8432,Rose  DAL,06/14/2024,Clock,Home,6,19.99,returned
8433,Frank  DAL,27-10-2024,Jeans,Clothing,8,59,delivered
8434,Hank  BOS,17-03-2024,Dress,Clothing,9,49,Delivered
8435,Charlie  CHI,29-09-2024,Webcam,Electronics,1,59.99,delivered
8436,Hank  BOS,07/26/24,"""Charger""",Electronics,8,14.99,returned
ORD-8437,Ivy  MIA,02-12-2024,Rug,Home,4,90,delivered
8438,Eve  SF,07-11-2024,Belt,Clothing,7,30,pending
8439,Leo  DEN,10/15/2024,Blanket,Home,3,34.99,cancelled
8440,Rose  DAL,05-10-2024,"""Desk Lamp""",Office,7,34.99,shipped
8441,Charlie  CHI,08/22/24,Socks,Clothing,2,9.99,Delivered
8442,Alice  NYC,19-11-2024,Stapler,Office,8,16,shipped
8443,Diana  NYC,03-04-2024,Mouse,Electronics,7,25,returned
ORD-8444,Nate  NYC,07/24/2024,Notebook,Office,9,9,returned
8445,Sam  SEA,08-06-2024,"""Pen Set""",Office,4,$12.99,cancelled
8446,Grace  SEA,09-08-2024,Blanket,Home,3,34.99,processing
8447,Leo  DEN,12-06-2024,Blender,Home,7,44,RETURNED
8448,Olivia  LA,07/14/2024,Yoga Mat,Sports,4,29.99,pending
8449,Charlie  CHI,14-12-2024,Belt,Clothing,2,29.99,processing
8450,Karen  ATL,03-01-2024,Desk Lamp,Office,3,34.99,returned
8451,Frank  DAL,23-01-2024,Jeans,Clothing,5,59,Delivered
8452,Grace  SEA,04-08-2024,Socks,Clothing,6,10,Delivered
8453,Grace  SEA,11/29/24,"""Jacket""",Clothing,8,89.99,delivered
8454,Alice  NYC,01/27/2024,Resistance Band,Sports,10,13,returned
8455,Olivia  LA,23-01-2024,Hat,Clothing,6,19.99,cancelled
8456,Charlie  CHI,09-01-2024,Dress,Clothing,6,49,Delivered
8457,Jack  PHX,21-05-2024,Charger,Electronics,2,14,RETURNED
ORD-8458,Paul  CHI,02-15-2024,Mouse,Electronics,2,25,delivered
8459,Grace  SEA,11/26/2024,Water Bottle,Sports,2,$14.99,pending
8460,Eve  SF,08-12-2024,Hat,Clothing,2,20,shipped
8461,Jack  PHX,19-01-2024,Belt,Clothing,9,30,delivered
8462,Jack  PHX,16-04-2024,Stapler,Office,1,$15.99,delivered
8463,Hank  BOS,05/16/2024,Laptop,Electronics,2,$799.99,cancelled
ORD-8464,Leo  DEN,07-08-2024,"""Jacket""",Clothing,3,89.99,returned
8465,Rose  DAL,17-07-2024,Charger,Electronics,6,14.99,RETURNED
8466,Hank  BOS,20-02-2024,Headphones,Electronics,1,89.99,RETURNED
8467,Rose  DAL,14-05-2024,Toaster,Home,8,30,delivered
8468,Ivy  MIA,05/15/2024,Stapler,Office,10,15.99,processing
8469,Mia  PDX,07/21/2024,Yoga Mat,Sports,1,29,Delivered
8470,Nate  NYC,03-05-2024,"""Water Bottle""",Sports,2,15,RETURNED
ORD-8471,Nate  NYC,26-09-2024,Chair,Office,7,199,cancelled
8472,Jack  PHX,11-10-2024,Lamp,Home,9,39.99,cancelled
8473,Jack  PHX,02/15/24,Sneakers,Clothing,9,75,pending
8474,Ivy  MIA,07-07-2024,USB Hub,Electronics,10,19.99,delivered
8475,Nate  NYC,11/25/24,Resistance Band,Sports,4,$12.99,shipped
8476,Mia  PDX,09-07-2024,Pillow,Home,9,$24.99,delivered
8477,Quinn  SF,31-12-2024,Blender,Home,10,44,processing
8478,Quinn  SF,12-09-2024,Laptop,Electronics,1,799.99,delivered
8479,Rose  DAL,12-07-2024,Hat,Clothing,1,19.99,returned
8480,Rose  DAL,03-13-2024,Resistance Band,Sports,9,13,delivered
8481,Mia  PDX,01-25-2024,Tablet,Electronics,9,349,RETURNED
8482,Hank  BOS,01/28/2024,"""Yoga Mat""",Sports,7,29.99,shipped
8483,Olivia  LA,28-10-2024,Jump Rope,Sports,8,9,Delivered
8484,Ivy  MIA,08-01-2024,Smartphone,Electronics,3,699.99,processing
8485,Eve  SF,03/22/2024,USB Hub,Electronics,7,19.99,Pending
8486,Quinn  SF,13-09-2024,Pen Set,Office,10,12,processing
8487,Ivy  MIA,06/16/2024,Water Bottle,Sports,10,$14.99,processing
8488,Olivia  LA,04-03-2024,Pen Set,Office,6,13,shipped
8489,Nate  NYC,10-16-2024,Water Bottle,Sports,3,14.99,RETURNED
8490,Leo  DEN,10/27/2024,Pen Set,Office,6,12.99,cancelled
8491,Grace  SEA,02/22/2024,Resistance Band,Sports,4,$12.99,cancelled
8492,Leo  DEN,07-07-2024,TShirt,Clothing,9,25,processing
8493,Hank  BOS,23-02-2024,Yoga Mat,Sports,2,29.99,Delivered
8494,Charlie  CHI,08-12-2024,Clock,Home,7,19,returned
8495,Olivia  LA,21-08-2024,Dress,Clothing,1,49.99,processing
8496,Hank  BOS,12-06-2024,Dumbbell,Sports,8,40,RETURNED
8497,Bob  LA,11/19/24,Chair,Office,9,200,delivered
8498,Nate  NYC,06-06-2024,Tablet,Electronics,10,349.99,Pending
8499,Ivy  MIA,18-09-2024,Webcam,Electronics,6,59.99,cancelled
8500,Alice  NYC,29-12-2024,Binder,Office,4,5.99,returned
8501,Paul  CHI,14-02-2024,"""Water Bottle""",Sports,4,14.99,returned
8502,Eve  SF,03/26/24,USB Hub,Electronics,7,19.99,shipped
8503,Nate  NYC,06-01-2024,"""Clock""",Home,6,19,delivered
8504,Bob  LA,03-01-2024,"""Laptop""",Electronics,3,799,pending
8505,Diana Prince,09-02-2024,Yoga Mat,Sports,9,29.99,delivered
8506,Jack  PHX,26-12-2024,Hat,Clothing,7,$19.99,RETURNED
8507,Karen  ATL,16-03-2024,Notebook,Office,10,9,pending
8508,Frank  DAL,30-07-2024,Socks,Clothing,1,9,cancelled
8509,Grace  SEA,18-12-2024,Blender,Home,9,$44.99,delivered
8510,Karen  ATL,03/18/24,Blanket,Home,7,34,Delivered
8511,Sam  SEA,11/26/24,Running Shoes,Sports,5,89,Pending
8512,Sam  SEA,10-10-2024,Blender,Home,6,44,Pending
8513,Charlie  CHI,14-02-2024,Pen Set,Office,6,12.99,RETURNED
8514,Alice Smith,22-08-2024,Mouse,Electronics,4,$25.00,returned
8515,Frank  DAL,04/17/2024,Blender,Home,9,44.99,RETURNED
8516,Bob  LA,31-12-2024,Mouse,Electronics,10,25,Delivered
8517,Leo  DEN,01-08-2024,Stapler,Office,4,15,Delivered
8518,Mia  PDX,01-02-2024,Resistance Band,Sports,5,13,delivered
8519,Sam  SEA,29-02-2024,Dumbbell,Sports,9,$39.99,Delivered
8520,Sam  SEA,07-11-2024,Pillow,Home,9,$24.99,shipped
8521,Karen  ATL,06-20-2024,Resistance Band,Sports,9,12.99,Delivered
8522,Charlie  CHI,05/27/2024,Hat,Clothing,9,19,cancelled
8523,Ivy  MIA,07-04-2024,Coffee Maker,Home,6,60,processing
8524,Frank  DAL,09/14/2024,Notebook,Office,8,8.99,RETURNED
8525,Paul  CHI,09-11-2024,Desk Lamp,Office,3,34,pending
ORD-8526,Olivia  LA,10/21/2024,Water Bottle,Sports,1,14,returned
8527,Leo  DEN,10/24/2024,Jeans,Clothing,10,$59.99,cancelled
8528,Quinn  SF,24-04-2024,Dress,Clothing,8,$49.99,cancelled
8529,Eve  SF,02-07-2024,Jump Rope,Sports,10,9.99,Delivered
ORD-8530,Paul  CHI,09/26/24,Pillow,Home,7,24.99,RETURNED
8531,Olivia  LA,02-08-2024,Mouse,Electronics,5,25,shipped
8532,Alice  NYC,06-23-2024,"""Monitor""",Electronics,1,$299.99,shipped
8533,Diana  NYC,06-05-2024,Hat,Clothing,5,19.99,shipped
8534,Quinn  SF,03/16/2024,Hat,Clothing,1,19.99,processing
8535,Leo  DEN,07/25/24,Dumbbell,Sports,2,40,shipped
8536,Frank  DAL,04/17/2024,"""Coffee Maker""",Home,10,59.99,processing
8537,Eve  SF,13-07-2024,Sneakers,Clothing,7,75,processing
8538,Ivy  MIA,14-02-2024,Water Bottle,Sports,10,$14.99,cancelled
8539,Eve  SF,08-25-2024,Toaster,Home,9,29.99,shipped
8540,Karen  ATL,07-09-2024,Binder,Office,3,5.99,cancelled
ORD-8541,Jack  PHX,10/25/24,"""Webcam""",Electronics,5,59.99,RETURNED
8542,Grace  SEA,07-09-2024,"""Whiteboard""",Office,8,$49.99,pending
8543,Mia  PDX,04-02-2024,Dumbbell,Sports,3,39,RETURNED
8544,Ivy  MIA,08/19/24,Running Shoes,Sports,3,89.99,delivered
8545,Grace  SEA,04-16-2024,Monitor,Electronics,10,$299.99,cancelled
8546,Quinn  SF,27-08-2024,Chair,Office,3,$199.99,delivered
8547,Olivia  LA,28-05-2024,"""Rug""",Home,8,89,pending
8548,Olivia  LA,11-09-2024,Blender,Home,6,44.99,cancelled
8549,Charlie  CHI,17-09-2024,Resistance Band,Sports,2,12.99,delivered
8550,Eve  SF,29-06-2024,Mouse,Electronics,7,$25.00,Delivered
ORD-8551,Tina  BOS,16-07-2024,Binder,Office,8,6,RETURNED
8552,Olivia  LA,21-06-2024,Charger,Electronics,5,$14.99,processing
8553,Karen  ATL,03-07-2024,Jump Rope,Sports,2,9.99,Delivered
8554,Leo  DEN,05-11-2024,Headphones,Electronics,6,$89.99,RETURNED
8555,Eve  SF,08-03-2024,"""Resistance Band""",Sports,4,$12.99,pending
8556,Jack  PHX,08-18-2024,Webcam,Electronics,7,59.99,cancelled
8557,Frank  DAL,02/13/24,Resistance Band,Sports,7,12.99,shipped
8558,Grace  SEA,07-05-2024,Hat,Clothing,6,$19.99,returned
8559,Sam  SEA,03/22/24,Calculator,Office,2,24,Delivered
8560,Rose  DAL,01/15/2024,Socks,Clothing,6,9.99,cancelled
8561,Mia  PDX,05/13/2024,TShirt,Clothing,9,25,delivered
8562,Frank  DAL,01/22/24,Belt,Clothing,7,29.99,returned
8563,Nate  NYC,01/14/2024,Pillow,Home,2,24.99,Delivered
8564,Karen  ATL,09/22/24,Running Shoes,Sports,10,$89.99,pending
8565,Diana  NYC,07-10-2024,Rug,Home,7,90,Pending
8566,Karen  ATL,08/14/24,Mouse,Electronics,3,25,shipped
8567,Alice Smith,01-04-2024,Mouse,Electronics,8,25,cancelled
8568,Alice  NYC,11-11-2024,Tablet,Electronics,6,349.99,returned
8569,Paul  CHI,10-02-2024,USB Hub,Electronics,5,19.99,pending
8570,Karen  ATL,03-12-2024,Whiteboard,Office,10,49,delivered
8571,Tina  BOS,08-07-2024,Belt,Clothing,10,30,Pending
8572,Tina  BOS,24-02-2024,Dumbbell,Sports,6,39.99,processing
8573,Bob  LA,21-05-2024,"""Belt""",Clothing,4,N/A,RETURNED
8574,Paul  CHI,07-04-2024,Webcam,Electronics,8,$59.99,RETURNED
8575,Grace  SEA,06-12-2024,Calculator,Office,1,24.99,Pending
8576,Alice  NYC,06/21/2024,Water Bottle,Sports,10,$14.99,processing
8577,Paul  CHI,06/14/2024,Calculator,Office,7,24,returned
8578,Ivy  MIA,05/14/2024,Jacket,Clothing,2,$89.99,returned
8579,Frank  DAL,03-11-2024,Socks,Clothing,2,10,RETURNED
8580,Rose  DAL,05-12-2024,Pillow,Home,3,24.99,Pending
8581,Sam  SEA,10-01-2024,Stapler,Office,9,16,processing
ORD-8582,Bob  LA,07-23-2024,USB Hub,Electronics,9,19,Delivered
8583,Eve  SF,08-28-2024,"""TShirt""",Clothing,10,$25.00,cancelled
8584,Eve  SF,13-03-2024,Dumbbell,Sports,8,39.99,shipped
8585,Rose  DAL,04/28/24,Blender,Home,8,44,shipped
8586,Mia  PDX,07/20/24,Rug,Home,1,$89.99,processing
8587,Hank  BOS,12-01-2024,Toaster,Home,10,29.99,cancelled
8588,Charlie  CHI,01-27-2024,Blender,Home,4,44.99,delivered
8589,Mia  PDX,23-10-2024,Webcam,Electronics,7,59.99,Delivered
8590,Rose  DAL,10-06-2024,Running Shoes,Sports,4,89.99,delivered
8591,Eve  SF,01-04-2024,Webcam,Electronics,4,$59.99,cancelled
8592,Diana  NYC,27-05-2024,Toaster,Home,8,29.99,cancelled
8593,Charlie  CHI,09/23/24,Resistance Band,Sports,1,13,Pending
8594,Grace  SEA,07-09-2024,Socks,Clothing,1,9.99,Pending
8595,Sam  SEA,09-12-2024,Hat,Clothing,1,$19.99,Pending
8596,Bob  LA,16-10-2024,Belt,Clothing,4,29.99,Pending
8597,Sam  SEA,03/22/2024,Monitor,Electronics,5,299.99,cancelled
8598,Charlie  CHI,12/15/2024,Binder,Office,6,5.99,pending
8599,Alice  NYC,02/18/2024,Calculator,Office,4,24.99,pending
8600,Alice  NYC,11-24-2024,Stapler,Office,9,$15.99,RETURNED
8601,Eve  SF,24-04-2024,"""Charger""",Electronics,5,14,pending
8602,Frank  DAL,01/14/24,Jump Rope,Sports,1,9.99,RETURNED
8603,Charlie  CHI,01-10-2024,Binder,Office,1,5,shipped
8604,Ivy  MIA,07-05-2024,Resistance Band,Sports,6,$12.99,processing
8605,Frank  DAL,05-02-2024,Keyboard,Electronics,10,45,Pending
8606,Diana  NYC,09-12-2024,Blanket,Home,3,$34.99,cancelled
8607,Nate  NYC,19-11-2024,Blanket,Home,9,35,RETURNED
8608,Alice Smith,12/25/24,Notebook,Office,9,8.99,RETURNED
8609,Olivia  LA,05-06-2024,"""Lamp""",Home,7,39.99,shipped
8610,Leo  DEN,24-11-2024,Jump Rope,Sports,4,9.99,cancelled
8611,Eve  SF,07-11-2024,Jeans,Clothing,6,59,Delivered
8612,Hank  BOS,20-01-2024,Blender,Home,7,$44.99,returned
8613,Olivia  LA,08/31/2024,Coffee Maker,Home,10,59.99,delivered
8614,Charlie  CHI,12-04-2024,USB Hub,Electronics,10,19.99,returned
8615,Karen  ATL,03-08-2024,Dress,Clothing,8,50,shipped
8616,Quinn  SF,08-04-2024,Belt,Clothing,8,29.99,RETURNED
8617,Mia  PDX,23-04-2024,Water Bottle,Sports,2,15,Delivered
8618,Sam  SEA,01-06-2024,Blender,Home,6,44.99,processing
8619,Paul  CHI,09/27/2024,Laptop,Electronics,6,799.99,pending
8620,Mia  PDX,02/28/24,Desk Lamp,Office,5,34.99,pending
8621,Charlie  CHI,03/17/2024,Jeans,Clothing,10,$59.99,cancelled
8622,Tina  BOS,03/17/2024,Toaster,Home,4,$29.99,cancelled
8623,Hank  BOS,04-10-2024,Laptop,Electronics,4,$799.99,pending
ORD-8624,Ivy  MIA,06-04-2024,Toaster,Home,2,29,Pending
8625,Mia  PDX,20-08-2024,Running Shoes,Sports,3,90,delivered
ORD-8626,Frank  DAL,12-01-2024,Belt,Clothing,10,29.99,RETURNED
8627,Rose  DAL,08/22/2024,Hat,Clothing,10,$19.99,pending
8628,Tina  BOS,28-05-2024,Desk Lamp,Office,4,34,cancelled
8629,Bob  LA,01-10-2024,Hat,Clothing,10,19.99,Pending
8630,Eve  SF,15-03-2024,Lamp,Home,4,39.99,processing
8631,Rose  DAL,04-06-2024,Belt,Clothing,7,30,shipped
8632,Rose  DAL,11-08-2024,Pen Set,Office,3,$12.99,returned
8633,Leo  DEN,12-16-2024,"""Smartphone""",Electronics,8,$699.99,Delivered
8634,Karen  ATL,03/15/24,Headphones,Electronics,3,90,RETURNED
8635,Paul  CHI,02-28-2024,Resistance Band,Sports,8,12,returned
8636,Rose  DAL,05/28/24,Pillow,Home,10,25,delivered
8637,Frank  DAL,10/13/2024,Keyboard,Electronics,7,45,Pending
8638,Diana Prince,04-07-2024,Webcam,Electronics,3,59,cancelled
8639,Frank  DAL,10/27/24,"""Laptop""",Electronics,1,$799.99,returned
8640,Rose  DAL,01-02-2024,Dumbbell,Sports,3,39.99,processing
8641,Quinn  SF,08/26/2024,Webcam,Electronics,5,59.99,pending
8642,Jack  PHX,31-10-2024,USB Hub,Electronics,5,$19.99,RETURNED
8643,Hank  BOS,11-06-2024,Charger,Electronics,10,14.99,pending
8644,Frank  DAL,12/28/2024,Webcam,Electronics,4,$59.99,cancelled
8645,Leo  DEN,04-19-2024,Lamp,Home,10,39,Delivered
8646,Jack  PHX,02-11-2024,"""Rug""",Home,8,$89.99,processing
8647,Frank  DAL,02/20/24,"""Yoga Mat""",Sports,5,$29.99,returned
8648,Bob  LA,05-05-2024,USB Hub,Electronics,1,20,pending
8649,Tina  BOS,05-16-2024,Notebook,Office,1,9,cancelled
8650,Leo  DEN,30-04-2024,Webcam,Electronics,9,59.99,pending
8651,Quinn  SF,10/21/24,Headphones,Electronics,,89.99,RETURNED
8652,Sam  SEA,09-10-2024,Resistance Band,Sports,6,13,processing
8653,Mia  PDX,10-11-2024,Smartphone,Electronics,7,$699.99,Pending
8654,Grace  SEA,10/21/24,Dress,Clothing,5,49.99,shipped
8655,Grace  SEA,03-07-2024,Jump Rope,Sports,3,9.99,Delivered
8656,Alice  NYC,12-17-2024,Chair,Office,7,$199.99,returned
8657,Olivia  LA,01/22/2024,Toaster,Home,7,29.99,Delivered
8658,Paul  CHI,10/25/2024,Tablet,Electronics,10,349.99,Pending
8659,Frank  DAL,11/25/2024,Blanket,Home,4,34.99,processing
8660,Eve  SF,12-20-2024,"""Resistance Band""",Sports,10,12,RETURNED
8661,Karen  ATL,05-11-2024,Monitor,Electronics,6,$299.99,cancelled
8662,Grace  SEA,04-12-2024,"""Stapler""",Office,9,16,RETURNED
8663,Ivy  MIA,02-10-2024,Charger,Electronics,7,$14.99,shipped
8664,Hank  BOS,05-04-2024,Calculator,Office,6,25,processing
8665,Mia  PDX,12/21/24,Charger,Electronics,5,14,returned
8666,Rose  DAL,30-06-2024,Tablet,Electronics,6,$349.99,processing
8667,Mia  PDX,02/26/24,Notebook,Office,6,9,delivered
8668,Rose  DAL,31-05-2024,TShirt,Clothing,2,25,returned
8669,Karen  ATL,04/15/24,Coffee Maker,Home,8,59.99,returned
8670,Sam  SEA,02-08-2024,"""Belt""",Clothing,1,$29.99,Pending
8671,Alice  NYC,06/28/2024,Belt,Clothing,9,29.99,Delivered
8672,Karen  ATL,11/28/2024,USB Hub,Electronics,6,20,returned
8673,Ivy  MIA,11/22/24,Notebook,Office,2,8,RETURNED
ORD-8674,Mia  PDX,01-14-2024,Jeans,Clothing,4,59.99,delivered
8675,Leo  DEN,06-09-2024,TShirt,Clothing,3,$25.00,Pending
8676,Quinn  SF,14-02-2024,Running Shoes,Sports,4,89.99,Pending
8677,Quinn  SF,02-03-2024,Blanket,Home,5,35,returned
8678,Charlie  CHI,09-12-2024,USB Hub,Electronics,3,19.99,Delivered
8679,Nate  NYC,01-12-2024,"""Jacket""",Clothing,4,89.99,returned
8680,Eve  SF,02/22/24,Stapler,Office,10,15.99,pending
ORD-8681,Karen  ATL,03-18-2024,Mouse,Electronics,5,25,Pending
8682,Eve  SF,11-01-2024,Pillow,Home,3,$24.99,shipped
8683,Hank  BOS,06-05-2024,Charger,Electronics,6,15,cancelled
8684,Mia  PDX,01-29-2024,Water Bottle,Sports,5,14.99,delivered
8685,Nate  NYC,01-20-2024,"""Pillow""",Home,1,24.99,processing
8686,Karen  ATL,05-16-2024,Clock,Home,2,$19.99,processing
8687,Grace  SEA,16-02-2024,Desk Lamp,Office,5,34,pending
8688,Alice  NYC,10/18/24,Socks,Clothing,2,10,Pending
8689,Charlie  CHI,01-11-2024,Jump Rope,Sports,7,9.99,pending
8690,Eve  SF,27-08-2024,Water Bottle,Sports,2,$14.99,pending
8691,Tina  BOS,12-03-2024,Whiteboard,Office,9,50,cancelled
8692,Grace  SEA,18-08-2024,Binder,Office,4,5.99,processing
8693,Frank  DAL,09/19/2024,Rug,Home,3,89,processing
8694,Alice  NYC,06/29/24,Keyboard,Electronics,10,45,delivered
8695,Nate  NYC,01-12-2024,Chair,Office,6,$199.99,delivered
ORD-8696,Karen  ATL,21-04-2024,Keyboard,Electronics,6,$45.00,processing
8697,Rose  DAL,15-10-2024,Monitor,Electronics,1,300,shipped
8698,Eve  SF,08/20/24,Socks,Clothing,9,$9.99,processing
8699,Rose  DAL,03/27/2024,Calculator,Office,10,$24.99,Pending
8700,Rose  DAL,12-16-2024,Calculator,Office,1,24,returned
8701,Nate  NYC,06-29-2024,Running Shoes,Sports,10,89.99,delivered
8702,Hank  BOS,05-06-2024,Charger,Electronics,1,14,RETURNED
8703,Bob  LA,08-27-2024,Laptop,Electronics,5,799.99,cancelled
8704,Paul  CHI,04-12-2024,Laptop,Electronics,1,799.99,returned
8705,Quinn  SF,10-05-2024,Resistance Band,Sports,10,12.99,cancelled
8706,Mia  PDX,01/26/24,Pillow,Home,9,24.99,returned
8707,Alice  NYC,16-11-2024,Jacket,Clothing,9,89.99,returned
8708,Charlie  CHI,17-01-2024,Dress,Clothing,9,49,returned
ORD-8709,Paul  CHI,14-09-2024,Notebook,Office,6,8,processing
8710,Paul  CHI,11-18-2024,Yoga Mat,Sports,1,29.99,processing
8711,Rose  DAL,05-07-2024,Clock,Home,10,19.99,pending
8712,Paul  CHI,24-02-2024,Chair,Office,10,199,shipped
8713,Olivia  LA,02-17-2024,Jacket,Clothing,5,89.99,cancelled
ORD-8714,Eve  SF,28-05-2024,Chair,Office,1,200,cancelled
8715,Eve  SF,06/27/24,Desk Lamp,Office,7,34,processing
8716,Sam  SEA,01-24-2024,"""Jump Rope""",Sports,7,10,processing
ORD-8717,Nate  NYC,03/21/24,Running Shoes,Sports,3,89,delivered
8718,Rose  DAL,18-06-2024,Jump Rope,Sports,10,9.99,returned
8719,Frank  DAL,12/26/24,Dumbbell,Sports,3,$39.99,processing
8720,Olivia  LA,02-15-2024,Coffee Maker,Home,8,59,Delivered
8721,Bob  LA,08-29-2024,Webcam,Electronics,3,59.99,shipped
8722,Tina  BOS,11/18/24,Jump Rope,Sports,10,10,returned
8723,Tina  BOS,26-04-2024,Dumbbell,Sports,3,39.99,shipped
8724,Quinn  SF,03-25-2024,Binder,Office,1,5.99,RETURNED
8725,Paul  CHI,05/18/24,Desk Lamp,Office,6,$34.99,shipped
8726,Paul  CHI,04-05-2024,Water Bottle,Sports,10,14.99,processing
8727,Diana  NYC,07-11-2024,"""Stapler""",Office,9,16,Delivered
8728,Olivia  LA,11-16-2024,Chair,Office,7,$199.99,Delivered
8729,Diana  NYC,03-02-2024,Keyboard,Electronics,3,45,cancelled
8730,Ivy  MIA,01/30/24,TShirt,Clothing,5,25,RETURNED
8731,Olivia  LA,02-10-2024,Binder,Office,3,5,pending
8732,Rose  DAL,08/22/24,Notebook,Office,10,8,processing
8733,Grace  SEA,15-10-2024,Running Shoes,Sports,1,89,cancelled
8734,Grace  SEA,12-12-2024,Water Bottle,Sports,10,14.99,shipped
8735,Karen  ATL,07-04-2024,Running Shoes,Sports,6,89.99,pending
8736,Diana  NYC,08/19/24,Laptop,Electronics,10,799,Delivered
8737,Grace  SEA,09-15-2024,Pen Set,Office,9,12.99,pending
8738,Tina  BOS,12/19/2024,Laptop,Electronics,6,800,processing
8739,Diana Prince,08-11-2024,Yoga Mat,Sports,2,29,processing
8740,Tina  BOS,20-02-2024,Keyboard,Electronics,5,45,cancelled
8741,Jack  PHX,12-17-2024,Mouse,Electronics,5,25,cancelled
ORD-8742,Tina  BOS,17-06-2024,"""Yoga Mat""",Sports,8,29.99,
8743,Nate  NYC,10/26/2024,Clock,Home,9,19,Pending
8744,Grace  SEA,09-11-2024,Clock,Home,7,19.99,pending
8745,Paul  CHI,12-11-2024,Desk Lamp,Office,6,34,processing
8746,Bob  LA,01-03-2024,Dumbbell,Sports,1,40,RETURNED
ORD-8747,Grace  SEA,15-07-2024,"""Socks""",Clothing,4,9,delivered
8748,Quinn  SF,02-11-2024,Notebook,Office,5,8,Pending
8749,Tina  BOS,08-17-2024,Jeans,Clothing,4,59,cancelled
8750,Bob  LA,25-08-2024,Laptop,Electronics,6,799.99,returned
8751,Diana Prince,07-11-2024,"""Pillow""",Home,9,24.99,Delivered
8752,Charlie  CHI,18-06-2024,Notebook,Office,8,$8.99,shipped
8753,Frank  DAL,07/17/24,Jump Rope,Sports,5,$9.99,pending
8754,Grace  SEA,09-04-2024,Jump Rope,Sports,3,10,processing
8755,Eve  SF,12-04-2024,Smartphone,Electronics,7,$699.99,Pending
8756,Sam  SEA,14-03-2024,Monitor,Electronics,6,299.99,processing
8757,Karen  ATL,08/16/24,Stapler,Office,7,15.99,processing
8758,Mia  PDX,10/23/2024,Socks,Clothing,8,$9.99,processing
8759,Leo  DEN,04-01-2024,Belt,Clothing,3,29.99,returned
8760,Charlie  CHI,06/20/2024,Desk Lamp,Office,7,34.99,delivered
8761,Nate  NYC,03/25/24,Mouse,Electronics,7,25,returned
8762,Diana  NYC,05-01-2024,Chair,Office,8,$199.99,shipped
8763,Quinn  SF,09/16/24,Desk Lamp,Office,7,34.99,pending
8764,Bob  LA,02-16-2024,Socks,Clothing,8,9.99,shipped
8765,Frank  DAL,01-12-2024,Headphones,Electronics,6,89,RETURNED
8766,Diana Prince,10-01-2024,Binder,Office,6,5.99,pending
8767,Diana Prince,12-08-2024,Chair,Office,8,199,Delivered
8768,Ivy  MIA,09/13/24,"""Webcam""",Electronics,4,59,Delivered
8769,Leo  DEN,22-04-2024,Chair,Office,6,$199.99,RETURNED
8770,Tina  BOS,16-03-2024,Jump Rope,Sports,6,10,returned
8771,Quinn  SF,03-27-2024,Webcam,Electronics,10,59.99,cancelled
8772,Mia  PDX,24-04-2024,Toaster,Home,5,29.99,Delivered
ORD-8773,Tina  BOS,10-07-2024,Toaster,Home,5,29.99,delivered
8774,Hank  BOS,31-10-2024,Charger,Electronics,8,$14.99,shipped
8775,Frank  DAL,06/16/2024,Blender,Home,3,44.99,delivered
8776,Nate  NYC,02/28/24,Running Shoes,Sports,4,90,pending
8777,Alice Smith,12-03-2024,TShirt,Clothing,2,$25.00,cancelled
8778,Rose  DAL,28-09-2024,Jump Rope,Sports,7,9,shipped
8779,Ivy  MIA,04-03-2024,Webcam,Electronics,10,59.99,returned
8780,Ivy  MIA,29-01-2024,Coffee Maker,Home,7,59.99,cancelled
8781,Jack  PHX,13-05-2024,Chair,Office,7,199.99,pending
8782,Charlie  CHI,04/16/24,Coffee Maker,Home,1,60,cancelled
8783,Charlie  CHI,11-01-2024,Smartphone,Electronics,1,700,Delivered
8784,Ivy  MIA,03-18-2024,Pillow,Home,9,24.99,processing
8785,Charlie  CHI,11-24-2024,Calculator,Office,6,24,RETURNED
8786,Karen  ATL,11-04-2024,Pen Set,Office,2,12.99,shipped
8787,Bob  LA,12-01-2024,Toaster,Home,4,29.99,delivered
8788,Alice  NYC,11-10-2024,Blanket,Home,2,34,delivered
8789,Hank  BOS,04/20/24,Sneakers,Clothing,9,75,returned
8790,Charlie  CHI,14-06-2024,Resistance Band,Sports,5,12.99,returned
8791,Grace  SEA,01-03-2024,Keyboard,Electronics,1,45,returned
8792,Rose  DAL,31-07-2024,Desk Lamp,Office,2,34.99,delivered
8793,Mia  PDX,12/28/2024,Clock,Home,3,20,returned
8794,Paul  CHI,02-10-2024,Clock,Home,3,19,shipped
8795,Charlie  CHI,07/28/2024,Stapler,Office,5,15.99,Pending
8796,Charlie  CHI,22-08-2024,Whiteboard,Office,6,49,shipped
8797,Tina  BOS,11-02-2024,Webcam,Electronics,5,59.99,Pending
8798,Charlie  CHI,06-04-2024,Desk Lamp,Office,6,$34.99,Pending
8799,Tina  BOS,21-09-2024,Rug,Home,8,89,delivered
8800,Olivia  LA,02-28-2024,Yoga Mat,Sports,1,30,shipped
8801,Nate  NYC,04/17/2024,Headphones,Electronics,8,89.99,cancelled
8802,Alice Smith,01/28/24,Mouse,Electronics,8,25,processing
8803,Paul  CHI,07-12-2024,Yoga Mat,Sports,5,30,Delivered
8804,Eve  SF,10-18-2024,TShirt,Clothing,3,$25.00,RETURNED
8805,Hank  BOS,08-05-2024,Monitor,Electronics,9,300,pending
8806,Rose  DAL,28-04-2024,Charger,Electronics,6,14,returned
8807,Jack  PHX,17-08-2024,Coffee Maker,Home,7,59.99,Pending
8808,Charlie  CHI,22-04-2024,Dress,Clothing,7,49.99,processing
8809,Sam  SEA,01/22/24,Webcam,Electronics,10,59.99,RETURNED
8810,Hank  BOS,08-10-2024,Water Bottle,Sports,7,14.99,delivered
8811,Tina  BOS,11-15-2024,Jeans,Clothing,10,60,shipped
8812,Hank  BOS,10-14-2024,Jacket,Clothing,10,89,Delivered
8813,Charlie  CHI,16-02-2024,Laptop,Electronics,7,800,returned
8814,Eve  SF,13-07-2024,Jacket,Clothing,10,$89.99,processing
8815,Ivy  MIA,03/17/24,Resistance Band,Sports,1,13,Delivered
8816,Eve  SF,02-09-2024,Hat,Clothing,8,19.99,processing
8817,Charlie  CHI,20-09-2024,Blanket,Home,10,35,returned
8818,Eve  SF,08-02-2024,Tablet,Electronics,8,349,RETURNED
8819,Quinn  SF,01/14/24,Blender,Home,8,44.99,cancelled
8820,Charlie  CHI,07/20/2024,Mouse,Electronics,6,25,returned
8821,Jack  PHX,05-10-2024,Socks,Clothing,6,9,pending
ORD-8822,Frank  DAL,22-02-2024,Resistance Band,Sports,6,13,cancelled
8823,Sam  SEA,17-03-2024,Clock,Home,7,$19.99,returned
ORD-8824,Charlie  CHI,06-13-2024,"""Desk Lamp""",Office,1,35,returned
8825,Bob  LA,24-12-2024,Yoga Mat,Sports,6,30,Pending
8826,Olivia  LA,23-05-2024,Socks,Clothing,2,9.99,returned
8827,Quinn  SF,18-03-2024,Keyboard,Electronics,10,45,pending
8828,Charlie  CHI,04-29-2024,Running Shoes,Sports,4,$89.99,delivered
8829,Leo  DEN,01-07-2024,Water Bottle,Sports,2,$14.99,pending
8830,Alice  NYC,08-10-2024,Jacket,Clothing,8,89.99,shipped
8831,Alice Smith,08-19-2024,TShirt,Clothing,6,25,Delivered
8832,Tina  BOS,08-09-2024,"""Jeans""",Clothing,9,59.99,cancelled
8833,Bob  LA,13-01-2024,Binder,Office,1,5,Pending
8834,Grace  SEA,06/21/24,"""Yoga Mat""",Sports,9,29.99,returned
8835,Frank  DAL,07-12-2024,Notebook,Office,7,$8.99,pending
8836,Rose  DAL,19-07-2024,"""Socks""",Clothing,4,9.99,cancelled
8837,Grace  SEA,05/15/24,Chair,Office,1,199.99,processing
8838,Ivy  MIA,21-06-2024,TShirt,Clothing,3,25,shipped
8839,Grace  SEA,11/25/2024,Jacket,Clothing,2,89.99,delivered
8840,Frank  DAL,24-06-2024,TShirt,Clothing,4,25,pending
8841,Hank  BOS,06-07-2024,USB Hub,Electronics,2,20,shipped
8842,Grace  SEA,08/27/2024,Laptop,Electronics,3,799,shipped
8843,Karen  ATL,14-01-2024,Water Bottle,Sports,5,14,shipped
8844,Bob  LA,06-01-2024,"""Jeans""",Clothing,3,60,processing
8845,Grace  SEA,01-25-2024,Dumbbell,Sports,2,39,Delivered
8846,Leo  DEN,08-10-2024,Stapler,Office,8,16,cancelled
8847,Jack  PHX,02-08-2024,Jacket,Clothing,8,$89.99,delivered
8848,Paul  CHI,01-05-2024,TShirt,Clothing,9,25,delivered
8849,Grace  SEA,09-12-2024,Binder,Office,3,$5.99,pending
8850,Paul  CHI,27-08-2024,Dress,Clothing,4,50,pending
8851,Ivy  MIA,07-15-2024,Running Shoes,Sports,4,89,processing
8852,Karen  ATL,10-13-2024,Resistance Band,Sports,9,13,shipped
ORD-8853,Mia  PDX,02-24-2024,Resistance Band,Sports,10,13,delivered
8854,Olivia  LA,07/20/2024,Toaster,Home,10,29.99,cancelled
8855,Quinn  SF,24-10-2024,Chair,Office,7,200,Pending
8856,Mia  PDX,12-06-2024,Binder,Office,1,$5.99,shipped
8857,Eve  SF,24-10-2024,Pen Set,Office,4,12.99,returned
8858,Eve  SF,02-11-2024,Dress,Clothing,6,49,Delivered
8859,Rose  DAL,22-11-2024,Stapler,Office,5,15.99,cancelled
8860,Bob  LA,19-09-2024,Chair,Office,2,200,Delivered
8861,Diana  NYC,02-04-2024,Keyboard,Electronics,10,45,RETURNED
8862,Rose  DAL,01-03-2024,"""Blender""",Home,6,45,returned
8863,Bob  LA,26-08-2024,Rug,Home,2,90,processing
8864,Alice Smith,09/25/24,Running Shoes,Sports,10,89.99,pending
8865,Paul  CHI,01-05-2024,Jacket,Clothing,1,89.99,pending
8866,Paul  CHI,06-13-2024,Water Bottle,Sports,5,14,pending
8867,Charlie  CHI,11-11-2024,Webcam,Electronics,5,59.99,shipped
8868,Tina  BOS,07/26/24,TShirt,Clothing,1,25,Delivered
8869,Nate  NYC,10/19/2024,Lamp,Home,8,$39.99,Delivered
8870,Quinn  SF,09-01-2024,Jump Rope,Sports,1,10,shipped
ORD-8871,Sam  SEA,09/27/24,Jacket,Clothing,2,89.99,Delivered
8872,Ivy  MIA,02-11-2024,Binder,Office,3,5.99,cancelled
8873,Bob  LA,12/13/24,TShirt,Clothing,9,$25.00,RETURNED
8874,Eve  SF,09-04-2024,Dress,Clothing,2,49.99,processing
ORD-8875,Mia  PDX,06-06-2024,Blanket,Home,7,34.99,RETURNED
8876,Alice Smith,06-11-2024,Stapler,Office,4,16,Delivered
8877,Alice  NYC,01/17/2024,Laptop,Electronics,7,$799.99,delivered
8878,Diana  NYC,16-09-2024,"""Headphones""",Electronics,6,89.99,delivered
8879,Mia  PDX,03-04-2024,"""Socks""",Clothing,3,9.99,processing
8880,Karen  ATL,01-21-2024,Tablet,Electronics,3,349,Pending
8881,Eve  SF,05-08-2024,Belt,Clothing,7,29.99,pending
8882,Rose  DAL,20-09-2024,TShirt,Clothing,1,25,RETURNED
8883,Ivy  MIA,09/17/2024,Monitor,Electronics,2,299.99,cancelled
8884,Karen  ATL,11-13-2024,Chair,Office,10,199,Pending
8885,Sam  SEA,21-12-2024,USB Hub,Electronics,2,19,Pending
8886,Grace  SEA,10-04-2024,Pillow,Home,2,24.99,shipped
8887,Olivia  LA,06-12-2024,Dress,Clothing,5,49.99,Pending
8888,Frank  DAL,12/20/2024,Pillow,Home,6,25,Delivered
8889,Jack  PHX,04-10-2024,Chair,Office,7,199.99,returned
8890,Frank  DAL,01-17-2024,Calculator,Office,4,24.99,pending
8891,Karen  ATL,29-03-2024,Notebook,Office,5,8.99,cancelled
8892,Alice  NYC,08-01-2024,"""Stapler""",Office,8,15.99,pending
8893,Nate  NYC,06-06-2024,Hat,Clothing,7,$19.99,RETURNED
ORD-8894,Rose  DAL,12/22/24,Socks,Clothing,1,$9.99,pending
8895,Hank  BOS,22-06-2024,Belt,Clothing,7,29.99,Pending
8896,Frank  DAL,01-06-2024,Tablet,Electronics,9,349.99,processing
8897,Bob  LA,12-07-2024,Dumbbell,Sports,4,39.99,returned
8898,Alice Smith,08/27/2024,Headphones,Electronics,10,89.99,cancelled
8899,Diana Prince,03-03-2024,Toaster,Home,1,$29.99,processing
8900,Sam  SEA,09-17-2024,Coffee Maker,Home,5,$59.99,returned
8901,Grace  SEA,09-04-2024,Pen Set,Office,2,12.99,shipped
8902,Tina  BOS,08-09-2024,Tablet,Electronics,2,$349.99,returned
8903,Sam  SEA,12/15/24,Jump Rope,Sports,5,9.99,shipped
8904,Rose  DAL,27-12-2024,Calculator,Office,5,24.99,pending
8905,Diana  NYC,04/28/2024,Notebook,Office,4,8,cancelled
8906,Bob  LA,12-10-2024,Calculator,Office,5,24.99,processing
8907,Hank  BOS,06-12-2024,Yoga Mat,Sports,5,$29.99,returned
8908,Alice  NYC,18-11-2024,Clock,Home,3,19.99,processing
8909,Paul  CHI,06/23/24,Water Bottle,Sports,3,14,delivered
8910,Grace  SEA,28-04-2024,Sneakers,Clothing,5,75,Pending
8911,Hank  BOS,04/20/2024,Blender,Home,4,$44.99,RETURNED
8912,Eve  SF,11-17-2024,Whiteboard,Office,4,49.99,returned
8913,Charlie  CHI,01-12-2024,Pen Set,Office,6,12.99,shipped
ORD-8914,Frank  DAL,10-12-2024,Laptop,Electronics,10,799.99,shipped
8915,Quinn  SF,09/27/2024,"""Notebook""",Office,1,$8.99,returned
8916,Hank  BOS,01-15-2024,Monitor,Electronics,10,299,cancelled
8917,Sam  SEA,03-08-2024,Keyboard,Electronics,1,45,delivered
8918,Tina  BOS,07-12-2024,Chair,Office,7,199.99,delivered
8919,Diana Prince,10/24/2024,Jeans,Clothing,4,59,delivered
8920,Mia  PDX,03-28-2024,Blender,Home,5,44.99,RETURNED
8921,Frank  DAL,10/22/2024,Pillow,Home,1,25,shipped
8922,Bob  LA,01-02-2024,Mouse,Electronics,5,$25.00,returned
8923,Nate  NYC,30-08-2024,Pen Set,Office,2,12.99,cancelled
8924,Grace  SEA,12-08-2024,Stapler,Office,7,16,shipped
8925,Rose  DAL,06-07-2024,Keyboard,Electronics,3,45,Delivered
8926,Ivy  MIA,26-07-2024,Binder,Office,10,6,processing
8927,Olivia  LA,12-02-2024,Resistance Band,Sports,4,12.99,returned
8928,Paul  CHI,02-10-2024,Dress,Clothing,3,49.99,RETURNED
8929,Alice  NYC,09-06-2024,Toaster,Home,3,29.99,returned
8930,Olivia  LA,30-01-2024,"""TShirt""",Clothing,6,25,RETURNED
8931,Bob  LA,14-08-2024,Desk Lamp,Office,1,$34.99,shipped
8932,Sam  SEA,05-23-2024,Dumbbell,Sports,5,39.99,processing
8933,Ivy  MIA,01/20/2024,Laptop,Electronics,5,799.99,Delivered
8934,Tina  BOS,05-07-2024,Clock,Home,3,19,cancelled
ORD-8935,Grace  SEA,05/20/24,"""Toaster""",Home,3,29,Delivered
8936,Karen  ATL,03/18/2024,Toaster,Home,8,29,returned
8937,Nate  NYC,05-09-2024,"""Binder""",Office,5,5,shipped
ORD-8938,Quinn  SF,12-09-2024,Lamp,Home,3,39.99,shipped
8939,Mia  PDX,01-31-2024,"""Belt""",Clothing,6,$29.99,shipped
8940,Diana  NYC,05-09-2024,Pen Set,Office,7,12,returned
8941,Eve  SF,02-08-2024,Dumbbell,Sports,6,39.99,cancelled
8942,Paul  CHI,12/22/24,Jeans,Clothing,9,60,Pending
8943,Ivy  MIA,18-06-2024,"""Binder""",Office,10,5.99,RETURNED
8944,Diana  NYC,10-13-2024,Water Bottle,Sports,5,$14.99,cancelled
8945,Rose  DAL,03-19-2024,Water Bottle,Sports,7,$14.99,RETURNED
8946,Ivy  MIA,08-02-2024,Jeans,Clothing,3,59.99,shipped
8947,Paul  CHI,02-11-2024,"""Binder""",Office,10,$5.99,shipped
8948,Leo  DEN,09/20/24,Dumbbell,Sports,4,$39.99,returned
8949,Alice  NYC,12/24/24,Pen Set,Office,10,12.99,shipped
8950,Jack  PHX,07-09-2024,Jump Rope,Sports,6,9.99,Pending
8951,Hank  BOS,08-09-2024,Tablet,Electronics,9,$349.99,shipped
8952,Alice  NYC,04-02-2024,Binder,Office,6,$5.99,shipped
8953,Jack  PHX,04-08-2024,Binder,Office,6,6,cancelled
8954,Quinn  SF,03-01-2024,Resistance Band,Sports,10,$12.99,delivered
8955,Ivy  MIA,09-03-2024,Coffee Maker,Home,6,$59.99,returned
8956,Eve  SF,03/23/24,Blender,Home,1,45,Pending
8957,Alice  NYC,08-01-2024,Yoga Mat,Sports,2,29,Pending
8958,Karen  ATL,12/30/24,Resistance Band,Sports,1,$12.99,returned
8959,Alice  NYC,24-07-2024,Webcam,Electronics,9,59.99,cancelled
8960,Hank  BOS,09-21-2024,"""Water Bottle""",Sports,5,14.99,RETURNED
8961,Hank  BOS,04-22-2024,Coffee Maker,Home,2,59.99,processing
8962,Paul  CHI,06-27-2024,Socks,Clothing,9,9,Pending
8963,Olivia  LA,06-04-2024,Clock,Home,3,20,returned
8964,Charlie  CHI,23-12-2024,Yoga Mat,Sports,5,29.99,processing
8965,Mia  PDX,22-01-2024,Chair,Office,6,199.99,cancelled
8966,Leo  DEN,03-02-2024,Notebook,Office,6,8.99,returned
8967,Charlie  CHI,07-11-2024,Running Shoes,Sports,8,$89.99,delivered
8968,Tina  BOS,05-03-2024,Blender,Home,4,44.99,Pending
8969,Sam  SEA,08/29/24,"""Resistance Band""",Sports,9,$12.99,cancelled
8970,Paul  CHI,14-11-2024,Keyboard,Electronics,6,45,delivered
8971,Diana Prince,03/19/2024,Rug,Home,1,89.99,Pending
8972,Diana  NYC,24-09-2024,Tablet,Electronics,2,349.99,delivered
8973,Paul  CHI,04-04-2024,Socks,Clothing,7,9.99,pending
8974,Jack  PHX,14-08-2024,Dumbbell,Sports,8,$39.99,delivered
8975,Paul  CHI,05/28/2024,Smartphone,Electronics,1,700,returned
8976,Alice  NYC,11/24/2024,TShirt,Clothing,8,25,shipped
8977,Grace  SEA,31-10-2024,TShirt,Clothing,1,25,cancelled
8978,Tina  BOS,12-31-2024,Tablet,Electronics,6,350,pending
8979,Nate  NYC,03-09-2024,Jump Rope,Sports,5,9,Pending
8980,Hank  BOS,20-10-2024,Webcam,Electronics,10,60,returned
8981,Olivia  LA,12/30/24,Resistance Band,Sports,5,12.99,processing
8982,Nate  NYC,06-06-2024,Charger,Electronics,3,15,pending
ORD-8983,Grace  SEA,27-10-2024,Dress,Clothing,5,49.99,cancelled
8984,Sam  SEA,09-09-2024,Hat,Clothing,7,20,RETURNED
8985,Paul  CHI,08-11-2024,Resistance Band,Sports,4,12.99,RETURNED
8986,Bob  LA,12-03-2024,TShirt,Clothing,1,$25.00,shipped
8987,Frank  DAL,15-10-2024,Dress,Clothing,1,49,cancelled
8988,Charlie  CHI,03-06-2024,Blender,Home,9,44.99,returned
ORD-8989,Diana  NYC,11/27/2024,Hat,Clothing,4,$19.99,delivered
ORD-8990,Diana  NYC,05-09-2024,Jump Rope,Sports,9,9,RETURNED
8991,Grace  SEA,20-07-2024,Coffee Maker,Home,8,$59.99,returned
8992,Bob  LA,01-03-2024,Hat,Clothing,7,$19.99,Delivered
8993,Jack  PHX,03/17/2024,Blender,Home,9,44.99,processing
8994,Grace  SEA,02/23/24,Jump Rope,Sports,8,$9.99,processing
8995,Charlie  CHI,01/18/2024,Pen Set,Office,6,$12.99,shipped
8996,Alice Smith,02-06-2024,Blender,Home,1,45,pending
8997,Nate  NYC,02-02-2024,Resistance Band,Sports,4,$12.99,Delivered
8998,Nate  NYC,07-06-2024,Running Shoes,Sports,4,89.99,processing
8999,Alice Smith,25-10-2024,Mouse,Electronics,7,25,RETURNED
9000,Eve  SF,27-05-2024,Yoga Mat,Sports,2,$29.99,Delivered
9001,Rose  DAL,28-01-2024,Resistance Band,Sports,1,12,shipped
9002,Sam  SEA,09-26-2024,Jacket,Clothing,3,$89.99,returned
9003,Alice Smith,03-03-2024,Stapler,Office,9,16,returned
9004,Eve  SF,08/19/2024,Socks,Clothing,2,9,returned
9005,Bob  LA,03-07-2024,Charger,Electronics,8,$14.99,cancelled
9006,Paul  CHI,01-20-2024,Headphones,Electronics,9,89,shipped
9007,Quinn  SF,08-10-2024,Whiteboard,Office,7,49,returned
9008,Diana  NYC,04-17-2024,Charger,Electronics,10,14.99,pending
9009,Sam  SEA,06/29/24,Coffee Maker,Home,1,59.99,Pending
9010,Leo  DEN,09/21/2024,Pillow,Home,6,24,delivered
9011,Bob  LA,09-30-2024,Resistance Band,Sports,4,13,delivered
9012,Leo  DEN,04-11-2024,Calculator,Office,7,24,RETURNED
9013,Leo  DEN,01/13/2024,Toaster,Home,4,29,returned
ORD-9014,Jack  PHX,04/18/24,Resistance Band,Sports,6,12.99,Pending
9015,Tina  BOS,10-09-2024,Charger,Electronics,4,14.99,pending
9016,Eve  SF,04-29-2024,Water Bottle,Sports,5,15,processing
9017,Jack  PHX,07/26/2024,Notebook,Office,6,8,processing
9018,Sam  SEA,02-11-2024,Toaster,Home,1,29.99,Pending
9019,Olivia  LA,16-10-2024,Jump Rope,Sports,2,9.99,RETURNED
9020,Ivy  MIA,03/27/24,Whiteboard,Office,9,50,Delivered
9021,Diana Prince,31-10-2024,Laptop,Electronics,6,800,Delivered
9022,Hank  BOS,12-19-2024,Monitor,Electronics,3,299,processing
9023,Rose  DAL,30-07-2024,Hat,Clothing,10,20,Delivered
9024,Nate  NYC,09-09-2024,Socks,Clothing,2,9.99,Pending
9025,Ivy  MIA,08/17/2024,Lamp,Home,1,39,Delivered
ORD-9026,Frank  DAL,07-11-2024,Jacket,Clothing,9,89,shipped
9027,Charlie  CHI,02-03-2024,Running Shoes,Sports,1,89.99,Pending
9028,Olivia  LA,08/29/2024,Pillow,Home,4,$24.99,shipped
9029,Alice  NYC,04-20-2024,"""Belt""",Clothing,6,29.99,pending
9030,Bob  LA,07-11-2024,Pillow,Home,4,24,shipped
9031,Frank  DAL,02-26-2024,"""Coffee Maker""",Home,2,59.99,Delivered
9032,Charlie  CHI,07/28/2024,Chair,Office,8,199.99,processing
9033,Rose  DAL,03-10-2024,Sneakers,Clothing,8,75,processing
9034,Ivy  MIA,25-08-2024,TShirt,Clothing,2,25,Delivered
9035,Quinn  SF,09-07-2024,Blender,Home,8,45,processing
9036,Mia  PDX,25-05-2024,Jump Rope,Sports,9,$9.99,processing
9037,Jack  PHX,16-12-2024,Whiteboard,Office,7,50,RETURNED
9038,Karen  ATL,06-12-2024,Sneakers,Clothing,10,$75.00,Pending
9039,Sam  SEA,11-19-2024,TShirt,Clothing,4,25,pending
9040,Karen  ATL,19-01-2024,Pen Set,Office,6,12.99,delivered
9041,Olivia  LA,07-15-2024,Webcam,Electronics,6,59.99,returned
9042,Bob  LA,10/26/24,Blender,Home,3,44.99,returned
9043,Diana  NYC,07-07-2024,Belt,Clothing,5,29.99,pending
9044,Ivy  MIA,06/30/2024,Resistance Band,Sports,9,12,processing
9045,Rose  DAL,09-25-2024,Dumbbell,Sports,9,40,Delivered
9046,Karen  ATL,23-01-2024,Monitor,Electronics,7,$299.99,cancelled
9047,Tina  BOS,03-08-2024,Jump Rope,Sports,6,9.99,RETURNED
9048,Paul  CHI,15-03-2024,Resistance Band,Sports,3,12.99,
9049,Ivy  MIA,16-11-2024,"""Tablet""",Electronics,1,349.99,Pending
9050,Sam  SEA,25-11-2024,Tablet,Electronics,8,349,Delivered
9051,Frank  DAL,03-24-2024,Dumbbell,Sports,8,40,pending
9052,Hank  BOS,28-01-2024,Headphones,Electronics,9,89.99,Delivered
9053,Nate  NYC,08-08-2024,"""Toaster""",Home,4,29,RETURNED
9054,Rose  DAL,07-12-2024,Binder,Office,3,6,shipped
9055,Tina  BOS,05-04-2024,Lamp,Home,5,39.99,delivered
9056,Leo  DEN,06/19/2024,"""Monitor""",Electronics,2,299.99,returned
9057,Ivy  MIA,21-10-2024,Dress,Clothing,3,50,returned
9058,Mia  PDX,10/15/24,Chair,Office,7,$199.99,shipped
9059,Quinn  SF,02-07-2024,Lamp,Home,2,39.99,pending
9060,Jack  PHX,14-03-2024,Yoga Mat,Sports,1,29.99,pending
9061,Jack  PHX,11-10-2024,Water Bottle,Sports,3,14.99,cancelled
9062,Charlie  CHI,02-04-2024,Chair,Office,6,199,RETURNED
9063,Olivia  LA,08-19-2024,Dumbbell,Sports,9,39,cancelled
9064,Eve  SF,27-05-2024,Pillow,Home,1,24.99,returned
9065,Leo  DEN,15-03-2024,Yoga Mat,Sports,8,29.99,cancelled
9066,Karen  ATL,02/14/2024,Headphones,Electronics,8,$89.99,processing
9067,Quinn  SF,03-13-2024,Toaster,Home,3,29.99,Delivered
9068,Eve  SF,01-16-2024,Tablet,Electronics,3,$349.99,RETURNED
9069,Alice  NYC,06-10-2024,Toaster,Home,3,30,Delivered
9070,Ivy  MIA,11/19/2024,Pen Set,Office,8,13,processing
9071,Leo  DEN,06-17-2024,"""Yoga Mat""",Sports,8,$29.99,Delivered
9072,Hank  BOS,04-10-2024,Running Shoes,Sports,3,$89.99,returned
9073,Frank  DAL,15-09-2024,Sneakers,Clothing,1,75,returned
9074,Mia  PDX,09/20/24,Whiteboard,Office,1,49.99,shipped
9075,Eve  SF,09-05-2024,Monitor,Electronics,9,300,Delivered
9076,Frank  DAL,09-19-2024,"""Dumbbell""",Sports,1,$39.99,RETURNED
9077,Hank  BOS,08/21/24,Jeans,Clothing,8,$59.99,cancelled
9078,Rose  DAL,04-14-2024,Toaster,Home,7,29.99,cancelled
9079,Alice  NYC,03-10-2024,Notebook,Office,8,8.99,returned
9080,Karen  ATL,03-10-2024,"""Yoga Mat""",Sports,4,30,Pending
9081,Frank  DAL,02/26/2024,Water Bottle,Sports,3,14.99,processing
9082,Jack  PHX,02/13/2024,Blender,Home,4,45,returned
9083,Diana  NYC,06-15-2024,Rug,Home,7,$89.99,Pending
9084,Charlie  CHI,20-09-2024,Yoga Mat,Sports,9,30,processing
9085,Mia  PDX,01/23/2024,"""Clock""",Home,1,19.99,cancelled
9086,Frank  DAL,04/19/24,Rug,Home,6,89,Pending
9087,Nate  NYC,11-09-2024,Socks,Clothing,2,9,RETURNED
9088,Eve  SF,07-08-2024,"""Yoga Mat""",Sports,1,$29.99,shipped
9089,Rose  DAL,07-09-2024,Dumbbell,Sports,4,$39.99,shipped
9090,Tina  BOS,07-04-2024,Jeans,Clothing,9,59.99,RETURNED
9091,Quinn  SF,12-01-2024,Lamp,Home,8,$39.99,RETURNED
9092,Jack  PHX,05-08-2024,Water Bottle,Sports,3,$14.99,Delivered
9093,Grace  SEA,20-10-2024,Resistance Band,Sports,2,12.99,processing
9094,Nate  NYC,07-05-2024,Mouse,Electronics,4,25,Pending
9095,Rose  DAL,12-03-2024,TShirt,Clothing,10,25,cancelled
9096,Eve  SF,10-12-2024,Smartphone,Electronics,10,700,delivered
9097,Alice  NYC,10-03-2024,TShirt,Clothing,2,25,Delivered
9098,Grace  SEA,06/23/2024,Belt,Clothing,10,29.99,pending
9099,Jack  PHX,04-29-2024,Sneakers,Clothing,3,75,processing
9100,Tina  BOS,01/21/24,USB Hub,Electronics,9,20,RETURNED
9101,Mia  PDX,04/29/2024,Socks,Clothing,4,9.99,Delivered
9102,Eve  SF,14-04-2024,Monitor,Electronics,4,299.99,pending
9103,Sam  SEA,04-24-2024,Smartphone,Electronics,3,700,RETURNED
9104,Mia  PDX,24-12-2024,Jump Rope,Sports,5,9,RETURNED
9105,Sam  SEA,23-05-2024,Monitor,Electronics,7,300,cancelled
9106,Karen  ATL,02-08-2024,Dress,Clothing,8,50,cancelled
9107,Grace  SEA,05-22-2024,Resistance Band,Sports,7,12.99,pending
9108,Nate  NYC,05-18-2024,Keyboard,Electronics,8,N/A,shipped
9109,Leo  DEN,05-08-2024,Jump Rope,Sports,8,$9.99,shipped
9110,Bob  LA,20-02-2024,Toaster,Home,10,29.99,returned
9111,Jack  PHX,12/15/24,Blanket,Home,8,35,shipped
9112,Paul  CHI,15-02-2024,Stapler,Office,1,15.99,RETURNED
9113,Rose  DAL,13-05-2024,"""Blender""",Home,7,44,shipped
9114,Grace  SEA,09-02-2024,Toaster,Home,8,29.99,Pending
9115,Sam  SEA,05-06-2024,"""Whiteboard""",Office,5,49.99,processing
9116,Nate  NYC,07/26/2024,Lamp,Home,7,39,delivered
9117,Tina  BOS,07-09-2024,Headphones,Electronics,6,90,returned
9118,Paul  CHI,03/18/24,Whiteboard,Office,10,49.99,RETURNED
9119,Sam  SEA,30-06-2024,Blanket,Home,3,34.99,shipped
9120,Alice  NYC,29-07-2024,Chair,Office,5,$199.99,Delivered
9121,Paul  CHI,30-12-2024,Coffee Maker,Home,9,59,processing
9122,Grace  SEA,06-07-2024,Pen Set,Office,8,12.99,Pending
9123,Eve  SF,20-04-2024,Jump Rope,Sports,7,$9.99,returned
9124,Quinn  SF,10-08-2024,Blanket,Home,8,34.99,cancelled
9125,Nate  NYC,02-01-2024,Rug,Home,8,$89.99,pending
9126,Diana  NYC,22-05-2024,Yoga Mat,Sports,1,29.99,delivered
9127,Nate  NYC,01-17-2024,"""Chair""",Office,1,199.99,shipped
9128,Eve  SF,28-01-2024,Dress,Clothing,5,$49.99,Pending
ORD-9129,Nate  NYC,03-13-2024,Webcam,Electronics,1,59.99,delivered
9130,Olivia  LA,21-06-2024,Dress,Clothing,10,50,Pending
9131,Frank  DAL,03-11-2024,Smartphone,Electronics,8,700,delivered
9132,Charlie  CHI,03-11-2024,"""Smartphone""",Electronics,5,699,delivered
9133,Leo  DEN,12/25/24,Resistance Band,Sports,6,12.99,pending
9134,Bob  LA,11/25/24,Belt,Clothing,9,29.99,Delivered
9135,Quinn  SF,02-25-2024,USB Hub,Electronics,8,$19.99,pending
9136,Charlie  CHI,19-07-2024,Belt,Clothing,3,29.99,shipped
9137,Tina  BOS,03/17/2024,Sneakers,Clothing,7,75,shipped
9138,Bob  LA,09-08-2024,"""Water Bottle""",Sports,10,15,delivered
9139,Eve  SF,07-16-2024,Clock,Home,1,19.99,pending
9140,Mia  PDX,02-25-2024,Jump Rope,Sports,4,9.99,Delivered
9141,Tina  BOS,05-05-2024,Running Shoes,Sports,1,90,Pending
9142,Sam  SEA,26-04-2024,Headphones,Electronics,9,90,Pending
9143,Hank  BOS,08-11-2024,Blanket,Home,2,34.99,
9144,Charlie  CHI,07/20/24,Water Bottle,Sports,10,14.99,shipped
9145,Nate  NYC,09-02-2024,Yoga Mat,Sports,1,30,pending
9146,Rose  DAL,07/22/24,Desk Lamp,Office,6,34.99,Pending
9147,Jack  PHX,04/23/24,"""Socks""",Clothing,6,9,delivered
9148,Jack  PHX,10-04-2024,Stapler,Office,4,16,returned
9149,Jack  PHX,12/26/2024,Blanket,Home,4,35,RETURNED
9150,Eve  SF,13-10-2024,Mouse,Electronics,6,25,Delivered
9151,Jack  PHX,03/19/2024,Smartphone,Electronics,6,$699.99,pending
9152,Paul  CHI,09-16-2024,Jacket,Clothing,3,89.99,RETURNED
9153,Karen  ATL,07-11-2024,Mouse,Electronics,5,25,Delivered
9154,Bob  LA,12/23/24,USB Hub,Electronics,5,19,returned
9155,Eve  SF,09-24-2024,Mouse,Electronics,7,$25.00,delivered
ORD-9156,Leo  DEN,11-29-2024,Pen Set,Office,10,12.99,shipped
9157,Tina  BOS,08-01-2024,Headphones,Electronics,3,89.99,Pending
9158,Frank  DAL,04-07-2024,Resistance Band,Sports,6,$12.99,shipped
9159,Olivia  LA,19-05-2024,Socks,Clothing,10,10,pending
9160,Diana  NYC,24-12-2024,"""Keyboard""",Electronics,7,45,delivered
9161,Alice  NYC,11/17/2024,Charger,Electronics,1,15,Delivered
9162,Mia  PDX,07/17/24,Chair,Office,2,$199.99,pending
9163,Jack  PHX,05-04-2024,Hat,Clothing,1,19.99,processing
9164,Alice  NYC,01-05-2024,Tablet,Electronics,3,350,Pending
ORD-9165,Karen  ATL,03/22/2024,Resistance Band,Sports,6,13,returned
9166,Mia  PDX,01/22/2024,Yoga Mat,Sports,7,29,cancelled
9167,Hank  BOS,08-04-2024,Dumbbell,Sports,1,39.99,delivered
9168,Bob  LA,01/22/24,Coffee Maker,Home,7,60,cancelled
9169,Rose  DAL,02-16-2024,"""USB Hub""",Electronics,3,19,Delivered
9170,Hank  BOS,08-09-2024,Whiteboard,Office,9,49.99,pending
9171,Hank  BOS,08-09-2024,"""Calculator""",Office,3,25,RETURNED
ORD-9172,Sam  SEA,31-01-2024,Resistance Band,Sports,7,$12.99,RETURNED
9173,Paul  CHI,06-21-2024,Sneakers,Clothing,9,$75.00,cancelled
9174,Sam  SEA,29-11-2024,Resistance Band,Sports,7,$12.99,shipped
9175,Alice Smith,12-23-2024,Blanket,Home,9,34.99,processing
9176,Hank  BOS,10/17/2024,Jeans,Clothing,10,59,returned
9177,Bob  LA,23-02-2024,Whiteboard,Office,4,50,Delivered
9178,Jack  PHX,04-11-2024,Jump Rope,Sports,8,9.99,shipped
9179,Jack  PHX,28-11-2024,"""Socks""",Clothing,7,9.99,pending
9180,Alice  NYC,02-02-2024,Jump Rope,Sports,3,$9.99,cancelled
9181,Grace  SEA,06-03-2024,Desk Lamp,Office,6,34,Pending
9182,Charlie  CHI,04-14-2024,Jump Rope,Sports,4,9.99,Delivered
9183,Charlie  CHI,01/18/2024,Binder,Office,1,5,RETURNED
9184,Charlie  CHI,30-04-2024,Belt,Clothing,3,29,Delivered
9185,Karen  ATL,05-07-2024,Mouse,Electronics,4,25,Delivered
9186,Rose  DAL,05-08-2024,Whiteboard,Office,6,49.99,returned
9187,Sam  SEA,24-02-2024,Notebook,Office,2,8,returned
9188,Paul  CHI,07-18-2024,Calculator,Office,9,25,delivered
9189,Bob  LA,03-06-2024,Blender,Home,3,44.99,processing
9190,Olivia  LA,22-02-2024,Rug,Home,4,90,returned
ORD-9191,Grace  SEA,04-14-2024,"""Blender""",Home,3,44,cancelled
9192,Bob  LA,01-04-2024,Stapler,Office,4,15.99,Delivered
9193,Jack  PHX,06-11-2024,Smartphone,Electronics,10,700,Pending
9194,Charlie  CHI,10/18/24,Running Shoes,Sports,2,90,processing
9195,Tina  BOS,11/17/24,Jeans,Clothing,1,$59.99,processing
9196,Olivia  LA,30-07-2024,Pillow,Home,7,25,RETURNED
9197,Mia  PDX,03-19-2024,"""Stapler""",Office,6,15.99,shipped
9198,Karen  ATL,08/18/24,Chair,Office,6,199,returned
9199,Eve  SF,06-04-2024,Resistance Band,Sports,6,12.99,returned
ORD-9200,Leo  DEN,07/14/2024,Pen Set,Office,5,12.99,Pending
ORD-9201,Frank  DAL,10/16/2024,Pillow,Home,5,24.99,RETURNED
9202,Bob  LA,01/31/24,Resistance Band,Sports,5,12.99,returned
9203,Ivy  MIA,04/17/24,Smartphone,Electronics,4,$699.99,shipped
9204,Quinn  SF,29-01-2024,Desk Lamp,Office,1,34.99,Delivered
9205,Bob  LA,08-22-2024,Calculator,Office,6,24.99,processing
9206,Jack  PHX,05-07-2024,Clock,Home,5,19.99,RETURNED
9207,Jack  PHX,11/28/24,Resistance Band,Sports,3,12,returned
ORD-9208,Tina  BOS,21-09-2024,Sneakers,Clothing,9,75,processing
9209,Mia  PDX,07-03-2024,Whiteboard,Office,9,49.99,delivered
9210,Nate  NYC,12-03-2024,Clock,Home,5,19.99,delivered
9211,Grace  SEA,03-04-2024,Clock,Home,3,19.99,processing
9212,Paul  CHI,07-07-2024,Dress,Clothing,5,$49.99,cancelled
9213,Frank  DAL,02-09-2024,Coffee Maker,Home,9,59,shipped
9214,Paul  CHI,03-05-2024,Chair,Office,5,199,pending
9215,Leo  DEN,25-01-2024,Calculator,Office,7,$24.99,Pending
ORD-9216,Paul  CHI,09/28/2024,Running Shoes,Sports,6,$89.99,processing
9217,Bob  LA,07-08-2024,Rug,Home,7,89,returned
9218,Grace  SEA,15-11-2024,Lamp,Home,6,39,shipped
9219,Mia  PDX,08-17-2024,Yoga Mat,Sports,1,$29.99,returned
9220,Eve  SF,14-10-2024,Pen Set,Office,6,13,shipped
9221,Eve  SF,12/19/24,Sneakers,Clothing,1,$75.00,returned
9222,Bob  LA,22-10-2024,Hat,Clothing,8,19,Delivered
9223,Olivia  LA,01-20-2024,Dumbbell,Sports,1,40,returned
9224,Frank  DAL,11-07-2024,Hat,Clothing,3,19.99,Pending
9225,Paul  CHI,07/20/2024,Blender,Home,9,44,Delivered
9226,Hank  BOS,08/25/2024,Keyboard,Electronics,10,$45.00,returned
ORD-9227,Quinn  SF,10/21/24,Stapler,Office,9,15,cancelled
9228,Alice  NYC,12-11-2024,Keyboard,Electronics,8,45,returned
9229,Nate  NYC,01/20/24,Blender,Home,4,44,processing
9230,Diana Prince,09-09-2024,Pillow,Home,6,$24.99,Delivered
9231,Diana Prince,12/23/2024,Laptop,Electronics,4,799.99,cancelled
9232,Tina  BOS,25-02-2024,Clock,Home,10,20,Pending
9233,Olivia  LA,26-08-2024,Yoga Mat,Sports,9,30,pending
9234,Sam  SEA,05-06-2024,Toaster,Home,4,$29.99,returned
9235,Quinn  SF,15-04-2024,"""Clock""",Home,3,19.99,processing
9236,Diana  NYC,08/29/24,Resistance Band,Sports,8,13,shipped
9237,Grace  SEA,05-06-2024,Blanket,Home,9,34,pending
9238,Tina  BOS,04/24/24,USB Hub,Electronics,6,19.99,pending
9239,Paul  CHI,07-02-2024,Stapler,Office,9,15.99,delivered
9240,Grace  SEA,12/21/24,Keyboard,Electronics,2,45,Pending
9241,Jack  PHX,04-09-2024,Socks,Clothing,10,9.99,processing
9242,Tina  BOS,25-12-2024,Tablet,Electronics,2,349.99,processing
9243,Ivy  MIA,28-08-2024,Dress,Clothing,1,49,returned
9244,Paul  CHI,09-12-2024,Jeans,Clothing,10,59.99,Pending
9245,Paul  CHI,09-09-2024,Water Bottle,Sports,5,$14.99,Delivered
ORD-9246,Grace  SEA,03-05-2024,Lamp,Home,6,39,returned
9247,Quinn  SF,02-08-2024,Pillow,Home,6,24,delivered
9248,Eve  SF,04/17/24,Charger,Electronics,4,15,shipped
9249,Eve  SF,29-05-2024,Smartphone,Electronics,7,$699.99,shipped
9250,Quinn  SF,04/29/24,Belt,Clothing,4,30,pending
9251,Ivy  MIA,09-19-2024,Dumbbell,Sports,10,39,shipped
9252,Charlie  CHI,04/24/2024,Blender,Home,2,44.99,cancelled
9253,Grace  SEA,27-08-2024,Keyboard,Electronics,8,45,Delivered
9254,Paul  CHI,03/17/2024,Rug,Home,3,90,pending
9255,Nate  NYC,03-08-2024,"""Pillow""",Home,1,24,returned
9256,Grace  SEA,04-12-2024,Water Bottle,Sports,5,$14.99,cancelled
9257,Nate  NYC,08-15-2024,Whiteboard,Office,9,$49.99,RETURNED
9258,Diana  NYC,01/14/2024,Headphones,Electronics,8,89.99,pending
9259,Nate  NYC,01/31/2024,Jacket,Clothing,6,89.99,Delivered
9260,Diana  NYC,07-10-2024,Binder,Office,6,$5.99,processing
9261,Quinn  SF,04/18/2024,Keyboard,Electronics,1,$45.00,returned
9262,Ivy  MIA,04-26-2024,Charger,Electronics,4,14.99,returned
9263,Eve  SF,27-10-2024,Binder,Office,9,5.99,cancelled
ORD-9264,Ivy  MIA,09-07-2024,Hat,Clothing,10,20,shipped
9265,Olivia  LA,30-12-2024,Jump Rope,Sports,10,9.99,Delivered
9266,Karen  ATL,02-03-2024,Pillow,Home,7,25,
9267,Jack  PHX,02-11-2024,Smartphone,Electronics,2,699.99,delivered
9268,Frank  DAL,11-07-2024,Laptop,Electronics,7,$799.99,delivered
9269,Alice  NYC,09-27-2024,Charger,Electronics,4,$14.99,returned
9270,Leo  DEN,10/27/2024,Whiteboard,Office,1,$49.99,returned
9271,Karen  ATL,03-10-2024,Running Shoes,Sports,9,89.99,RETURNED
9272,Paul  CHI,03-22-2024,Clock,Home,4,19.99,RETURNED
9273,Quinn  SF,23-05-2024,"""Coffee Maker""",Home,1,59.99,processing
9274,Eve  SF,03-22-2024,"""Webcam""",Electronics,7,60,cancelled
9275,Bob  LA,03-11-2024,Yoga Mat,Sports,1,29.99,processing
9276,Bob  LA,02-18-2024,Pen Set,Office,8,12.99,shipped
9277,Diana Prince,05-16-2024,Water Bottle,Sports,8,14,Delivered
9278,Karen  ATL,11-03-2024,Rug,Home,10,$89.99,shipped
9279,Eve  SF,12-09-2024,Jacket,Clothing,9,89.99,returned
9280,Sam  SEA,26-11-2024,Coffee Maker,Home,6,$59.99,Pending
9281,Charlie  CHI,09/14/24,Sneakers,Clothing,10,$75.00,Delivered
9282,Quinn  SF,25-08-2024,Sneakers,Clothing,6,75,shipped
9283,Ivy  MIA,05-12-2024,"""Dress""",Clothing,4,49.99,processing
9284,Quinn  SF,08/31/24,"""Pen Set""",Office,9,$12.99,pending
9285,Leo  DEN,04-27-2024,Stapler,Office,5,15,pending
9286,Charlie  CHI,03-16-2024,"""Calculator""",Office,2,24,Pending
9287,Charlie  CHI,22-08-2024,"""Running Shoes""",Sports,2,89.99,pending
9288,Quinn  SF,08-02-2024,Clock,Home,4,19.99,shipped
9289,Hank  BOS,07-25-2024,Jeans,Clothing,1,59,pending
9290,Olivia  LA,05/27/2024,Jump Rope,Sports,9,9.99,cancelled
9291,Quinn  SF,08-03-2024,Binder,Office,3,5,delivered
9292,Nate  NYC,02-02-2024,Jacket,Clothing,4,$89.99,shipped
9293,Hank  BOS,10-08-2024,Desk Lamp,Office,5,34,shipped
9294,Karen  ATL,09-12-2024,Calculator,Office,6,24.99,delivered
9295,Quinn  SF,06/30/24,Coffee Maker,Home,7,59.99,shipped
9296,Nate  NYC,05/17/24,Toaster,Home,9,29.99,delivered
9297,Charlie  CHI,06-11-2024,Jump Rope,Sports,1,10,Pending
9298,Bob  LA,19-03-2024,Toaster,Home,9,29.99,RETURNED
9299,Rose  DAL,12-07-2024,Jump Rope,Sports,4,$9.99,RETURNED
9300,Ivy  MIA,14-04-2024,Blanket,Home,1,$34.99,RETURNED
9301,Mia  PDX,22-05-2024,Charger,Electronics,5,$14.99,Pending
9302,Jack  PHX,22-10-2024,USB Hub,Electronics,8,20,Delivered
9303,Tina  BOS,09-16-2024,Dumbbell,Sports,1,40,returned
9304,Charlie  CHI,08-04-2024,Yoga Mat,Sports,6,29.99,processing
9305,Sam  SEA,10-14-2024,"""Chair""",Office,1,199.99,Delivered
9306,Sam  SEA,04/15/24,Jacket,Clothing,8,89.99,returned
9307,Sam  SEA,11-01-2024,Sneakers,Clothing,10,75,processing
9308,Leo  DEN,17-01-2024,Belt,Clothing,8,29,RETURNED
9309,Bob  LA,12-12-2024,"""Belt""",Clothing,9,29.99,Pending
9310,Paul  CHI,31-10-2024,Notebook,Office,4,9,RETURNED
9311,Ivy  MIA,12-10-2024,Laptop,Electronics,6,799.99,RETURNED
9312,Ivy  MIA,10/18/24,Toaster,Home,2,29,Delivered
9313,Alice Smith,08/28/24,Running Shoes,Sports,4,90,Pending
9314,Alice  NYC,01-29-2024,Water Bottle,Sports,8,$14.99,Delivered
9315,Karen  ATL,13-03-2024,Clock,Home,2,20,Delivered
9316,Tina  BOS,01/26/2024,Lamp,Home,3,$39.99,Pending
9317,Eve  SF,07-04-2024,Blanket,Home,7,35,shipped
9318,Paul  CHI,04/13/2024,Stapler,Office,9,$15.99,pending
9319,Karen  ATL,27-12-2024,Rug,Home,4,89,processing
9320,Quinn  SF,09-02-2024,Socks,Clothing,5,$9.99,RETURNED
9321,Diana  NYC,13-09-2024,Yoga Mat,Sports,9,29.99,Delivered
9322,Mia  PDX,10-08-2024,Pillow,Home,3,25,Pending
9323,Sam  SEA,24-04-2024,USB Hub,Electronics,10,$19.99,RETURNED
9324,Grace  SEA,08-11-2024,Headphones,Electronics,7,89.99,cancelled
9325,Nate  NYC,05/16/24,"""Dress""",Clothing,2,49.99,pending
9326,Sam  SEA,11-05-2024,"""Calculator""",Office,5,24.99,cancelled
9327,Charlie  CHI,03/25/2024,Hat,Clothing,10,19.99,processing
9328,Charlie  CHI,09-04-2024,Chair,Office,9,199,pending
ORD-9329,Diana Prince,01/16/24,"""Water Bottle""",Sports,8,$14.99,returned
9330,Tina  BOS,24-10-2024,Smartphone,Electronics,10,699.99,Delivered
9331,Paul  CHI,02-06-2024,"""Lamp""",Home,5,39,pending
ORD-9332,Diana Prince,31-12-2024,USB Hub,Electronics,10,19,RETURNED
9333,Paul  CHI,20-08-2024,Headphones,Electronics,2,89.99,Pending
9334,Sam  SEA,11/22/2024,Jeans,Clothing,10,59.99,processing
9335,Tina  BOS,03-09-2024,Socks,Clothing,4,9,returned
9336,Ivy  MIA,05-15-2024,Headphones,Electronics,5,$89.99,processing
9337,Olivia  LA,03-03-2024,TShirt,Clothing,1,25,Pending
9338,Sam  SEA,26-06-2024,USB Hub,Electronics,4,20,Pending
9339,Ivy  MIA,03-05-2024,Laptop,Electronics,10,$799.99,RETURNED
9340,Bob  LA,01-04-2024,Chair,Office,6,199,shipped
9341,Tina  BOS,07-13-2024,Dumbbell,Sports,5,39,pending
9342,Quinn  SF,01-08-2024,Dumbbell,Sports,3,39.99,returned
9343,Bob  LA,06/27/2024,Jump Rope,Sports,2,9,pending
9344,Karen  ATL,24-09-2024,Belt,Clothing,9,29.99,processing
9345,Eve  SF,17-03-2024,Resistance Band,Sports,7,12,returned
9346,Karen  ATL,06/26/2024,"""Running Shoes""",Sports,7,$89.99,delivered
9347,Alice  NYC,04-02-2024,Blender,Home,4,44.99,pending
9348,Charlie  CHI,01-12-2024,Toaster,Home,4,29.99,returned
9349,Bob  LA,17-07-2024,Hat,Clothing,4,19.99,Pending
9350,Karen  ATL,04-12-2024,Pen Set,Office,5,$12.99,returned
9351,Alice Smith,07-06-2024,Rug,Home,3,$89.99,returned
9352,Alice  NYC,10/25/2024,Jacket,Clothing,8,89,Delivered
9353,Bob  LA,05-09-2024,Whiteboard,Office,3,$49.99,processing
9354,Mia  PDX,07-04-2024,Running Shoes,Sports,3,89.99,RETURNED
9355,Frank  DAL,01-04-2024,Lamp,Home,2,$39.99,cancelled
9356,Hank  BOS,15-02-2024,Water Bottle,Sports,3,14.99,delivered
9357,Eve  SF,06-05-2024,Yoga Mat,Sports,5,29,RETURNED
9358,Mia  PDX,24-01-2024,Rug,Home,6,90,returned
9359,Olivia  LA,04-28-2024,Webcam,Electronics,2,59.99,shipped
9360,Frank  DAL,08/23/2024,Binder,Office,3,6,cancelled
9361,Charlie  CHI,06-15-2024,Blanket,Home,7,35,delivered
ORD-9362,Grace  SEA,02/24/2024,Webcam,Electronics,4,59,Delivered
9363,Bob  LA,02/29/2024,Keyboard,Electronics,8,45,returned
9364,Nate  NYC,02/27/2024,Coffee Maker,Home,9,$59.99,pending
9365,Mia  PDX,11-08-2024,Lamp,Home,6,$39.99,pending
9366,Paul  CHI,01-01-2024,Keyboard,Electronics,10,$45.00,Delivered
9367,Karen  ATL,07-11-2024,Mouse,Electronics,9,25,returned
9368,Tina  BOS,09/24/24,TShirt,Clothing,3,25,processing
9369,Frank  DAL,22-02-2024,Chair,Office,6,$199.99,pending
9370,Eve  SF,09-06-2024,Webcam,Electronics,6,59,pending
9371,Charlie  CHI,02-02-2024,Jump Rope,Sports,2,9,Delivered
9372,Grace  SEA,12/25/2024,Blender,Home,1,44,cancelled
9373,Eve  SF,12-03-2024,Resistance Band,Sports,4,12,RETURNED
9374,Sam  SEA,24-09-2024,Monitor,Electronics,1,300,cancelled
9375,Paul  CHI,01-04-2024,Jump Rope,Sports,5,9.99,Pending
9376,Eve  SF,11-03-2024,Hat,Clothing,10,19.99,Delivered
9377,Frank  DAL,08-21-2024,Yoga Mat,Sports,3,30,shipped
9378,Frank  DAL,09/19/24,Binder,Office,4,$5.99,Pending
9379,Eve  SF,05-30-2024,Coffee Maker,Home,6,$59.99,RETURNED
9380,Mia  PDX,20-05-2024,Hat,Clothing,6,$19.99,RETURNED
9381,Ivy  MIA,12-03-2024,Stapler,Office,2,15.99,cancelled
9382,Bob  LA,05/14/24,Running Shoes,Sports,9,89.99,processing
9383,Nate  NYC,10-07-2024,Jump Rope,Sports,5,9.99,delivered
9384,Eve  SF,26-02-2024,TShirt,Clothing,4,$25.00,Pending
9385,Nate  NYC,06/27/24,Notebook,Office,3,9,shipped
9386,Sam  SEA,09-14-2024,Jump Rope,Sports,6,$9.99,returned
9387,Hank  BOS,03/29/2024,Coffee Maker,Home,1,60,pending
9388,Karen  ATL,01-07-2024,Running Shoes,Sports,9,89,shipped
9389,Jack  PHX,12/27/24,Pillow,Home,3,25,cancelled
9390,Jack  PHX,11-18-2024,Clock,Home,2,19,pending
9391,Mia  PDX,16-04-2024,Mouse,Electronics,9,25,shipped
9392,Olivia  LA,22-09-2024,Hat,Clothing,8,19.99,cancelled
9393,Frank  DAL,05-11-2024,Blender,Home,2,44.99,cancelled
9394,Rose  DAL,12-01-2024,Belt,Clothing,7,29.99,Delivered
9395,Grace  SEA,06-05-2024,Tablet,Electronics,1,$349.99,shipped
9396,Sam  SEA,11-07-2024,Pillow,Home,10,24,shipped
9397,Bob  LA,05-04-2024,Blanket,Home,9,34.99,pending
9398,Tina  BOS,09-02-2024,Notebook,Office,3,$8.99,Delivered
9399,Hank  BOS,02-07-2024,"""Yoga Mat""",Sports,2,29.99,pending
9400,Bob  LA,03/25/24,Socks,Clothing,9,9.99,Delivered
9401,Sam  SEA,06-05-2024,Jump Rope,Sports,6,9.99,Pending
9402,Leo  DEN,31-12-2024,Jeans,Clothing,1,59.99,RETURNED
9403,Ivy  MIA,04-23-2024,Dress,Clothing,2,49.99,RETURNED
9404,Bob  LA,10/26/2024,Smartphone,Electronics,1,699.99,Delivered
9405,Karen  ATL,01-05-2024,"""Rug""",Home,9,89.99,Delivered
9406,Eve  SF,05-03-2024,Desk Lamp,Office,9,35,cancelled
9407,Alice  NYC,06-28-2024,Yoga Mat,Sports,5,29.99,Pending
9408,Grace  SEA,22-05-2024,Stapler,Office,10,$15.99,cancelled
9409,Paul  CHI,09-10-2024,Clock,Home,7,$19.99,RETURNED
9410,Mia  PDX,19-11-2024,Yoga Mat,Sports,7,$29.99,pending
9411,Rose  DAL,24-06-2024,Water Bottle,Sports,7,$14.99,Pending
9412,Sam  SEA,02/16/2024,Toaster,Home,9,29.99,pending
9413,Karen  ATL,05-23-2024,Desk Lamp,Office,8,$34.99,delivered
9414,Tina  BOS,03/20/2024,Resistance Band,Sports,10,13,delivered
9415,Bob  LA,28-09-2024,Blender,Home,2,45,processing
9416,Frank  DAL,07-02-2024,Pillow,Home,3,25,returned
9417,Jack  PHX,09-11-2024,Running Shoes,Sports,8,89.99,cancelled
9418,Grace  SEA,02/17/24,Mouse,Electronics,3,25,delivered
9419,Bob  LA,07-31-2024,TShirt,Clothing,3,25,RETURNED
9420,Ivy  MIA,01-16-2024,Notebook,Office,9,8.99,returned
9421,Olivia  LA,12-01-2024,Blanket,Home,8,$34.99,shipped
9422,Ivy  MIA,28-04-2024,Mouse,Electronics,3,25,RETURNED
9423,Rose  DAL,06/16/2024,"""Belt""",Clothing,5,29.99,RETURNED
9424,Quinn  SF,07-11-2024,Water Bottle,Sports,7,14.99,shipped
9425,Charlie  CHI,03-01-2024,Water Bottle,Sports,6,15,processing
9426,Paul  CHI,15-11-2024,Water Bottle,Sports,10,15,returned
9427,Diana  NYC,11-26-2024,Laptop,Electronics,8,799,delivered
9428,Bob  LA,07-02-2024,Calculator,Office,1,25,cancelled
9429,Sam  SEA,28-05-2024,Desk Lamp,Office,6,34,shipped
9430,Mia  PDX,23-07-2024,"""Stapler""",Office,10,15.99,Pending
9431,Leo  DEN,09/19/24,"""Tablet""",Electronics,4,349.99,Delivered
9432,Frank  DAL,21-07-2024,TShirt,Clothing,1,25,Delivered
9433,Jack  PHX,06/14/2024,Charger,Electronics,4,14.99,pending
9434,Nate  NYC,02-15-2024,Resistance Band,Sports,4,12.99,RETURNED
9435,Eve  SF,01-21-2024,Binder,Office,5,5,returned
9436,Olivia  LA,24-10-2024,Desk Lamp,Office,4,34,shipped
9437,Alice  NYC,04-11-2024,Jacket,Clothing,1,89.99,RETURNED
9438,Frank  DAL,23-02-2024,Pen Set,Office,5,12.99,RETURNED
9439,Sam  SEA,05-01-2024,Socks,Clothing,5,9,processing
9440,Diana Prince,01-05-2024,Jump Rope,Sports,7,9.99,shipped
9441,Jack  PHX,31-12-2024,Pen Set,Office,6,$12.99,processing
9442,Nate  NYC,11-05-2024,Sneakers,Clothing,5,75,pending
9443,Bob  LA,05-07-2024,"""Clock""",Home,4,19.99,delivered
9444,Karen  ATL,21-11-2024,Charger,Electronics,5,14.99,RETURNED
9445,Rose  DAL,25-12-2024,"""Hat""",Clothing,7,20,returned
9446,Diana Prince,09-10-2024,"""Jump Rope""",Sports,7,9,delivered
9447,Alice  NYC,07/25/24,Dress,Clothing,7,49.99,Pending
9448,Grace  SEA,07/14/2024,Socks,Clothing,4,9,pending
9449,Bob  LA,02-03-2024,Sneakers,Clothing,7,75,shipped
9450,Tina  BOS,31-10-2024,Belt,Clothing,10,29.99,Pending
ORD-9451,Grace  SEA,01-10-2024,Socks,Clothing,6,9,delivered
9452,Tina  BOS,06-06-2024,Rug,Home,5,89.99,processing
9453,Bob  LA,06-04-2024,"""Socks""",Clothing,9,10,cancelled
9454,Hank  BOS,12-09-2024,TShirt,Clothing,3,$25.00,pending
9455,Quinn  SF,10-02-2024,Rug,Home,7,89,processing
9456,Mia  PDX,12/18/2024,Resistance Band,Sports,8,12.99,shipped
9457,Grace  SEA,12-04-2024,Dress,Clothing,8,49,pending
9458,Diana  NYC,07-06-2024,Binder,Office,1,$5.99,Pending
9459,Charlie  CHI,10/27/24,"""Notebook""",Office,5,8.99,delivered
9460,Hank  BOS,04-10-2024,Belt,Clothing,9,$29.99,delivered
9461,Olivia  LA,04-08-2024,Headphones,Electronics,8,89.99,pending
9462,Tina  BOS,25-03-2024,Jacket,Clothing,8,90,pending
9463,Jack  PHX,03/26/24,Water Bottle,Sports,3,$14.99,shipped
9464,Leo  DEN,05-01-2024,Tablet,Electronics,8,349.99,shipped
9465,Sam  SEA,08-12-2024,Hat,Clothing,,19.99,shipped
9466,Hank  BOS,26-02-2024,Water Bottle,Sports,10,14.99,processing
9467,Mia  PDX,03-11-2024,Yoga Mat,Sports,8,29,pending
ORD-9468,Olivia  LA,06-27-2024,Charger,Electronics,7,14,
9469,Olivia  LA,19-06-2024,Socks,Clothing,5,9,Pending
9470,Eve  SF,14-10-2024,Stapler,Office,8,15.99,RETURNED
9471,Rose  DAL,06-10-2024,"""Coffee Maker""",Home,9,60,RETURNED
9472,Quinn  SF,07-02-2024,Socks,Clothing,7,9.99,Pending
9473,Bob  LA,07-02-2024,Pillow,Home,3,$24.99,processing
9474,Diana  NYC,05-08-2024,Yoga Mat,Sports,4,29.99,delivered
9475,Bob  LA,08-07-2024,USB Hub,Electronics,9,$19.99,returned
9476,Quinn  SF,10/14/2024,Blender,Home,8,$44.99,shipped
ORD-9477,Ivy  MIA,05-11-2024,Keyboard,Electronics,4,$45.00,RETURNED
9478,Ivy  MIA,02-06-2024,Monitor,Electronics,1,299.99,returned
9479,Paul  CHI,05-10-2024,Toaster,Home,2,29,pending
9480,Nate  NYC,01/28/24,Chair,Office,6,199.99,delivered
9481,Charlie  CHI,08/18/2024,Monitor,Electronics,5,299.99,returned
9482,Frank  DAL,10-17-2024,Pillow,Home,8,25,Delivered
9483,Karen  ATL,03-10-2024,Socks,Clothing,10,9,Pending
9484,Hank  BOS,21-08-2024,Rug,Home,3,89.99,pending
9485,Ivy  MIA,04-09-2024,Lamp,Home,10,39,RETURNED
9486,Eve  SF,06/20/2024,Keyboard,Electronics,8,$45.00,returned
9487,Sam  SEA,11/17/24,Calculator,Office,7,24,shipped
9488,Paul  CHI,06-10-2024,Headphones,Electronics,5,90,returned
9489,Rose  DAL,10-15-2024,Sneakers,Clothing,8,75,returned
9490,Karen  ATL,29-01-2024,Lamp,Home,2,39,shipped
9491,Grace  SEA,08-07-2024,Rug,Home,7,89.99,shipped
ORD-9492,Eve  SF,06-13-2024,Pillow,Home,9,$24.99,delivered
9493,Ivy  MIA,26-01-2024,Clock,Home,1,20,pending
9494,Frank  DAL,05-09-2024,Rug,Home,1,89,Pending
9495,Frank  DAL,01-06-2024,Running Shoes,Sports,4,89.99,cancelled
9496,Grace  SEA,25-01-2024,Lamp,Home,8,39.99,shipped
9497,Olivia  LA,03/14/2024,Dumbbell,Sports,4,39.99,shipped
9498,Karen  ATL,10/28/2024,Blanket,Home,10,$34.99,processing
9499,Nate  NYC,27-04-2024,Monitor,Electronics,6,300,delivered
9500,Charlie  CHI,01/29/2024,Socks,Clothing,6,9.99,returned
9501,Paul  CHI,10-07-2024,Water Bottle,Sports,8,$14.99,shipped
9502,Nate  NYC,18-04-2024,"""Mouse""",Electronics,4,25,processing
9503,Tina  BOS,01/14/2024,Stapler,Office,1,15.99,Pending
9504,Quinn  SF,04-11-2024,Charger,Electronics,7,$14.99,Pending
9505,Leo  DEN,02/16/24,Pillow,Home,6,24.99,cancelled
9506,Alice  NYC,01-04-2024,Jump Rope,Sports,8,$9.99,pending
9507,Ivy  MIA,03-29-2024,Resistance Band,Sports,5,12.99,pending
9508,Olivia  LA,19-09-2024,Pen Set,Office,6,$12.99,Delivered
9509,Sam  SEA,14-11-2024,Resistance Band,Sports,2,12.99,delivered
9510,Hank  BOS,12/22/2024,Water Bottle,Sports,2,14.99,cancelled
9511,Tina  BOS,10/24/24,Stapler,Office,2,$15.99,Delivered
9512,Alice  NYC,09/27/24,Belt,Clothing,2,29.99,Pending
9513,Jack  PHX,10/29/24,"""Pillow""",Home,1,N/A,Pending
9514,Tina  BOS,07-01-2024,Monitor,Electronics,5,299.99,delivered
9515,Grace  SEA,11-09-2024,Rug,Home,1,89.99,Pending
9516,Mia  PDX,14-10-2024,Running Shoes,Sports,2,90,cancelled
9517,Quinn  SF,29-05-2024,Blanket,Home,2,34.99,pending
9518,Grace  SEA,08-02-2024,Jeans,Clothing,4,59,RETURNED
9519,Quinn  SF,04-03-2024,Keyboard,Electronics,3,45,shipped
9520,Nate  NYC,08-09-2024,Whiteboard,Office,7,$49.99,RETURNED
9521,Grace  SEA,09/26/24,Jacket,Clothing,8,90,shipped
9522,Nate  NYC,06/30/2024,Charger,Electronics,6,15,pending
9523,Karen  ATL,08-08-2024,Jump Rope,Sports,2,9,pending
ORD-9524,Sam  SEA,30-08-2024,Pillow,Home,9,24.99,returned
9525,Bob  LA,22-01-2024,Chair,Office,3,199,delivered
9526,Olivia  LA,18-09-2024,Jeans,Clothing,8,$59.99,processing
9527,Eve  SF,07/17/24,Smartphone,Electronics,7,700,pending
9528,Quinn  SF,07/29/24,Hat,Clothing,8,19.99,returned
9529,Quinn  SF,12/14/24,Sneakers,Clothing,9,75,processing
9530,Sam  SEA,11-19-2024,Notebook,Office,7,9,delivered
9531,Frank  DAL,21-03-2024,Coffee Maker,Home,3,59.99,cancelled
9532,Bob  LA,06-19-2024,Resistance Band,Sports,9,12.99,shipped
9533,Olivia  LA,19-01-2024,"""Pillow""",Home,6,24.99,processing
9534,Grace  SEA,12-03-2024,"""Binder""",Office,6,6,returned
9535,Nate  NYC,09-01-2024,Yoga Mat,Sports,6,30,shipped
9536,Ivy  MIA,02/21/2024,Jump Rope,Sports,1,9.99,returned
9537,Quinn  SF,06-29-2024,Socks,Clothing,3,9,processing
9538,Sam  SEA,03-01-2024,Webcam,Electronics,8,$59.99,shipped
9539,Rose  DAL,09-07-2024,Running Shoes,Sports,4,89.99,RETURNED
9540,Ivy  MIA,07-18-2024,"""Monitor""",Electronics,10,299.99,returned
9541,Grace  SEA,08-03-2024,Jeans,Clothing,2,60,cancelled
9542,Ivy  MIA,05-08-2024,Jacket,Clothing,5,89.99,RETURNED
9543,Rose  DAL,09-11-2024,Stapler,Office,8,15.99,returned
9544,Grace  SEA,07-08-2024,Blender,Home,3,44.99,cancelled
9545,Grace  SEA,21-12-2024,Charger,Electronics,3,14.99,Delivered
9546,Quinn  SF,15-08-2024,Running Shoes,Sports,1,89.99,Pending
9547,Ivy  MIA,20-04-2024,Yoga Mat,Sports,2,30,Pending
ORD-9548,Hank  BOS,02/26/24,Smartphone,Electronics,3,699.99,RETURNED
9549,Frank  DAL,10-02-2024,Binder,Office,2,6,cancelled
9550,Leo  DEN,21-08-2024,Jump Rope,Sports,5,10,shipped
9551,Leo  DEN,07-16-2024,Lamp,Home,8,39.99,Delivered
9552,Ivy  MIA,02-12-2024,Resistance Band,Sports,4,12.99,shipped
9553,Olivia  LA,12-04-2024,"""Desk Lamp""",Office,5,35,delivered
9554,Ivy  MIA,23-10-2024,Blender,Home,5,$44.99,pending
9555,Charlie  CHI,04/28/24,Jacket,Clothing,8,89.99,shipped
9556,Bob  LA,06-05-2024,Calculator,Office,10,24,Delivered
9557,Paul  CHI,03-11-2024,"""Notebook""",Office,2,9,cancelled
9558,Rose  DAL,24-07-2024,Charger,Electronics,6,14.99,Delivered
9559,Olivia  LA,09-11-2024,Resistance Band,Sports,5,$12.99,Pending
9560,Charlie  CHI,10-10-2024,Smartphone,Electronics,8,700,Delivered
9561,Frank  DAL,02/25/2024,Pen Set,Office,10,13,delivered
9562,Olivia  LA,17-11-2024,Clock,Home,9,20,pending
9563,Hank  BOS,03-05-2024,"""Dress""",Clothing,6,49.99,delivered
9564,Ivy  MIA,02-09-2024,Blender,Home,7,45,RETURNED
9565,Ivy  MIA,05/18/2024,"""Jump Rope""",Sports,2,9,shipped
9566,Paul  CHI,22-02-2024,Water Bottle,Sports,7,15,cancelled
9567,Leo  DEN,17-12-2024,Socks,Clothing,8,10,delivered
9568,Ivy  MIA,22-11-2024,"""Calculator""",Office,8,$24.99,shipped
9569,Charlie  CHI,07/19/24,Clock,Home,4,19.99,processing
9570,Sam  SEA,09-15-2024,Charger,Electronics,10,$14.99,Pending
9571,Leo  DEN,09-05-2024,Jacket,Clothing,6,89.99,processing
9572,Alice  NYC,30-07-2024,"""Jacket""",Clothing,5,90,returned
9573,Diana  NYC,04/16/24,Blanket,Home,5,34.99,shipped
9574,Grace  SEA,03/15/2024,Headphones,Electronics,5,$89.99,shipped
ORD-9575,Ivy  MIA,05-01-2024,"""Hat""",Clothing,8,19.99,Pending
9576,Rose  DAL,03-20-2024,Resistance Band,Sports,7,12,Delivered
9577,Mia  PDX,12/31/24,Pillow,Home,7,24.99,RETURNED
9578,Alice  NYC,05-04-2024,Jeans,Clothing,6,59,pending
9579,Rose  DAL,11-07-2024,Jeans,Clothing,7,59,shipped
9580,Grace  SEA,01-02-2024,Resistance Band,Sports,10,12.99,Delivered
9581,Grace  SEA,10/31/2024,Whiteboard,Office,10,49,returned
9582,Eve  SF,04-09-2024,Keyboard,Electronics,6,45,delivered
9583,Karen  ATL,06/25/24,Headphones,Electronics,9,89.99,RETURNED
9584,Sam  SEA,01-02-2024,Belt,Clothing,4,30,Pending
9585,Leo  DEN,04-27-2024,Pillow,Home,9,$24.99,Pending
9586,Bob  LA,23-11-2024,Pillow,Home,6,$24.99,returned
9587,Olivia  LA,08-04-2024,Binder,Office,3,5.99,Pending
9588,Bob  LA,08-07-2024,Binder,Office,9,5.99,delivered
9589,Paul  CHI,11-11-2024,Hat,Clothing,8,19.99,Pending
9590,Mia  PDX,10-15-2024,Hat,Clothing,9,19.99,processing
9591,Quinn  SF,29-02-2024,Tablet,Electronics,9,$349.99,Pending
9592,Karen  ATL,23-05-2024,Coffee Maker,Home,7,$59.99,returned
9593,Ivy  MIA,15-08-2024,Monitor,Electronics,2,299,pending
ORD-9594,Mia  PDX,05/21/24,Dumbbell,Sports,8,39.99,shipped
9595,Rose  DAL,10-12-2024,Headphones,Electronics,7,90,Delivered
9596,Sam  SEA,13-07-2024,Lamp,Home,6,$39.99,Pending
9597,Charlie  CHI,02-05-2024,"""Calculator""",Office,10,24.99,delivered
9598,Olivia  LA,05-16-2024,Jump Rope,Sports,2,9,processing
9599,Charlie  CHI,18-06-2024,Headphones,Electronics,1,89.99,cancelled
9600,Sam  SEA,09-09-2024,Whiteboard,Office,3,49.99,Delivered
9601,Karen  ATL,07-04-2024,Rug,Home,2,89,Pending
9602,Charlie  CHI,04-04-2024,Blanket,Home,10,34,shipped
9603,Bob  LA,22-12-2024,Jacket,Clothing,3,89,returned
9604,Eve  SF,08-05-2024,Whiteboard,Office,9,49.99,Pending
9605,Leo  DEN,08-09-2024,Water Bottle,Sports,8,14,Delivered
9606,Charlie  CHI,16-10-2024,"""Laptop""",Electronics,9,799.99,shipped
9607,Leo  DEN,09/27/24,Water Bottle,Sports,9,14.99,Pending
9608,Mia  PDX,08-04-2024,Charger,Electronics,3,14.99,Pending
9609,Ivy  MIA,28-06-2024,Charger,Electronics,10,14,delivered
9610,Rose  DAL,23-11-2024,Rug,Home,5,$89.99,processing
9611,Charlie  CHI,12/21/2024,Pen Set,Office,1,12.99,pending
9612,Karen  ATL,19-01-2024,Calculator,Office,7,24.99,processing
9613,Grace  SEA,20-11-2024,Chair,Office,9,199.99,processing
9614,Ivy  MIA,20-08-2024,Blender,Home,9,45,cancelled
9615,Ivy  MIA,10-07-2024,"""Desk Lamp""",Office,3,34.99,RETURNED
9616,Quinn  SF,09/30/24,Jacket,Clothing,7,$89.99,Pending
9617,Frank  DAL,01-03-2024,Rug,Home,5,89.99,returned
9618,Hank  BOS,02-04-2024,"""Stapler""",Office,8,$15.99,processing
9619,Paul  CHI,10-09-2024,Resistance Band,Sports,6,$12.99,processing
9620,Charlie  CHI,18-06-2024,Lamp,Home,5,40,delivered
9621,Tina  BOS,10/19/24,Rug,Home,8,89.99,cancelled
9622,Hank  BOS,01-08-2024,Jump Rope,Sports,10,10,delivered
9623,Leo  DEN,12-12-2024,Running Shoes,Sports,10,$89.99,Delivered
9624,Quinn  SF,10-31-2024,TShirt,Clothing,9,25,Pending
9625,Sam  SEA,30-12-2024,Sneakers,Clothing,3,75,cancelled
9626,Olivia  LA,10/28/2024,Webcam,Electronics,8,59.99,cancelled
9627,Bob  LA,04-03-2024,Water Bottle,Sports,7,$14.99,processing
9628,Frank  DAL,13-10-2024,Jeans,Clothing,5,60,Delivered
9629,Mia  PDX,07-12-2024,Jacket,Clothing,8,$89.99,Delivered
9630,Tina  BOS,09/27/24,Dumbbell,Sports,3,$39.99,cancelled
9631,Bob  LA,03-14-2024,Yoga Mat,Sports,4,30,Delivered
9632,Jack  PHX,09-04-2024,Keyboard,Electronics,10,45,shipped
9633,Frank  DAL,07-02-2024,Binder,Office,6,5.99,processing
9634,Alice Smith,20-05-2024,Desk Lamp,Office,5,$34.99,Delivered
9635,Frank  DAL,05-06-2024,Dress,Clothing,6,$49.99,processing
9636,Hank  BOS,06/13/2024,Dumbbell,Sports,7,$39.99,Delivered
9637,Rose  DAL,05-11-2024,Socks,Clothing,2,10,shipped
9638,Tina  BOS,05/24/24,Clock,Home,3,20,returned
9639,Jack  PHX,09/20/24,Webcam,Electronics,5,59.99,cancelled
9640,Frank  DAL,13-10-2024,Tablet,Electronics,9,349,Delivered
9641,Leo  DEN,07/19/24,Webcam,Electronics,3,59.99,shipped
9642,Karen  ATL,05-26-2024,Resistance Band,Sports,6,13,pending
9643,Hank  BOS,12/18/2024,Dress,Clothing,3,49.99,returned
9644,Paul  CHI,29-10-2024,Stapler,Office,10,$15.99,pending
9645,Mia  PDX,04-02-2024,Belt,Clothing,2,29.99,cancelled
ORD-9646,Diana Prince,08-08-2024,Pillow,Home,10,24,pending
9647,Diana  NYC,29-04-2024,Stapler,Office,10,15.99,shipped
9648,Ivy  MIA,09-01-2024,"""Blanket""",Home,8,34.99,pending
9649,Alice  NYC,10-11-2024,Jacket,Clothing,2,90,RETURNED
9650,Leo  DEN,23-03-2024,TShirt,Clothing,2,25,Pending
9651,Grace  SEA,05/19/24,Charger,Electronics,10,14,pending
9652,Leo  DEN,02-02-2024,Resistance Band,Sports,2,12.99,returned
9653,Sam  SEA,05/18/24,Blanket,Home,7,34.99,returned
ORD-9654,Charlie  CHI,01-09-2024,Sneakers,Clothing,7,75,processing
9655,Alice Smith,09/28/24,Tablet,Electronics,8,349.99,cancelled
9656,Grace  SEA,10/19/24,Dress,Clothing,3,49.99,cancelled
9657,Quinn  SF,09-06-2024,Tablet,Electronics,2,349.99,delivered
9658,Paul  CHI,04-02-2024,Running Shoes,Sports,10,89.99,cancelled
9659,Diana Prince,09-20-2024,Pillow,Home,6,25,returned
9660,Alice  NYC,12-06-2024,Keyboard,Electronics,9,45,Pending
9661,Jack  PHX,01-12-2024,Water Bottle,Sports,7,15,processing
9662,Tina  BOS,02-01-2024,Mouse,Electronics,1,25,returned
9663,Mia  PDX,16-06-2024,Smartphone,Electronics,3,700,RETURNED
9664,Charlie  CHI,04-07-2024,Yoga Mat,Sports,10,29.99,RETURNED
9665,Diana  NYC,09-05-2024,Clock,Home,8,20,processing
9666,Jack  PHX,11-07-2024,Sneakers,Clothing,5,75,pending
9667,Mia  PDX,30-09-2024,Toaster,Home,7,29,RETURNED
9668,Olivia  LA,29-02-2024,Webcam,Electronics,9,59.99,Pending
9669,Tina  BOS,02/18/2024,Water Bottle,Sports,9,$14.99,Delivered
9670,Leo  DEN,11-01-2024,"""Running Shoes""",Sports,5,90,Pending
9671,Rose  DAL,09/27/2024,Blender,Home,8,44.99,pending
9672,Leo  DEN,07/17/24,Coffee Maker,Home,6,59.99,RETURNED
9673,Alice  NYC,11/27/24,Pen Set,Office,8,12.99,pending
9674,Diana  NYC,07-03-2024,Desk Lamp,Office,10,34.99,processing
9675,Bob  LA,02/21/24,Resistance Band,Sports,1,13,delivered
9676,Tina  BOS,13-10-2024,Sneakers,Clothing,3,75,delivered
9677,Alice  NYC,30-03-2024,Dumbbell,Sports,8,$39.99,delivered
9678,Alice  NYC,11-10-2024,Water Bottle,Sports,4,14.99,Pending
9679,Karen  ATL,01-31-2024,Chair,Office,7,$199.99,Pending
9680,Mia  PDX,12-04-2024,"""Notebook""",Office,5,8.99,returned
9681,Leo  DEN,12-02-2024,Pen Set,Office,6,12.99,cancelled
9682,Tina  BOS,12-03-2024,Water Bottle,Sports,4,14.99,Pending
9683,Hank  BOS,06/28/24,Clock,Home,5,$19.99,RETURNED
9684,Bob  LA,03-11-2024,Lamp,Home,5,40,Delivered
9685,Diana  NYC,24-02-2024,Smartphone,Electronics,7,700,processing
9686,Jack  PHX,12/31/24,Whiteboard,Office,1,$49.99,cancelled
9687,Rose  DAL,05-01-2024,Dress,Clothing,4,49.99,processing
9688,Rose  DAL,03-03-2024,Socks,Clothing,10,10,shipped
9689,Olivia  LA,08-10-2024,Blanket,Home,8,35,pending
9690,Rose  DAL,23-05-2024,Desk Lamp,Office,2,34,processing
9691,Charlie  CHI,12-28-2024,Hat,Clothing,8,20,cancelled
9692,Sam  SEA,06/25/24,"""Running Shoes""",Sports,1,89,Delivered
9693,Hank  BOS,04-01-2024,Resistance Band,Sports,9,12,Pending
9694,Rose  DAL,09-14-2024,Dumbbell,Sports,7,39.99,delivered
9695,Diana  NYC,15-07-2024,Coffee Maker,Home,5,59.99,processing
9696,Hank  BOS,17-10-2024,Rug,Home,2,89.99,pending
9697,Diana  NYC,02-06-2024,"""USB Hub""",Electronics,9,19,cancelled
9698,Quinn  SF,26-05-2024,Rug,Home,6,89.99,shipped
9699,Mia  PDX,10/13/2024,Notebook,Office,6,8.99,delivered
9700,Grace  SEA,06-12-2024,Whiteboard,Office,10,49,processing
9701,Rose  DAL,04-01-2024,Clock,Home,5,$19.99,pending
ORD-9702,Karen  ATL,01-18-2024,Yoga Mat,Sports,4,29,Delivered
9703,Ivy  MIA,15-09-2024,Smartphone,Electronics,9,699,pending
9704,Quinn  SF,10/21/24,Rug,Home,2,90,Pending
ORD-9705,Rose  DAL,12-10-2024,Mouse,Electronics,10,25,returned
9706,Charlie  CHI,11-18-2024,Jump Rope,Sports,3,10,Pending
9707,Karen  ATL,11-08-2024,Lamp,Home,3,39.99,shipped
9708,Leo  DEN,07-11-2024,Headphones,Electronics,3,89.99,RETURNED
9709,Tina  BOS,12/18/24,Clock,Home,7,20,delivered
9710,Alice Smith,08-16-2024,Jacket,Clothing,9,90,processing
9711,Karen  ATL,28-09-2024,Blender,Home,6,44,RETURNED
9712,Jack  PHX,20-08-2024,Yoga Mat,Sports,10,29.99,delivered
9713,Jack  PHX,21-08-2024,USB Hub,Electronics,3,19.99,Pending
9714,Tina  BOS,12-12-2024,Tablet,Electronics,4,349.99,Pending
9715,Olivia  LA,05-12-2024,Jump Rope,Sports,6,9.99,delivered
9716,Grace  SEA,02-08-2024,Water Bottle,Sports,4,14.99,RETURNED
9717,Ivy  MIA,05/23/2024,Mouse,Electronics,2,$25.00,shipped
9718,Frank  DAL,06-16-2024,Blanket,Home,10,$34.99,Delivered
ORD-9719,Jack  PHX,12-11-2024,"""Jump Rope""",Sports,1,10,processing
9720,Jack  PHX,08-04-2024,Yoga Mat,Sports,3,29,shipped
9721,Quinn  SF,11/21/2024,Running Shoes,Sports,6,89.99,Delivered
9722,Charlie  CHI,05/17/24,Jeans,Clothing,1,59.99,Pending
9723,Quinn  SF,02/14/2024,Blanket,Home,10,35,Pending
ORD-9724,Mia  PDX,13-01-2024,Monitor,Electronics,5,300,delivered
9725,Grace  SEA,01-10-2024,Resistance Band,Sports,8,13,shipped
9726,Charlie  CHI,26-08-2024,Running Shoes,Sports,4,90,cancelled
9727,Olivia  LA,09-23-2024,"""Dress""",Clothing,8,49.99,Delivered
9728,Grace  SEA,12-24-2024,"""Mouse""",Electronics,3,25,Pending
9729,Hank  BOS,12-16-2024,Sneakers,Clothing,2,75,delivered
9730,Ivy  MIA,19-07-2024,Lamp,Home,5,39,pending
9731,Diana Prince,22-07-2024,"""Dress""",Clothing,4,$49.99,cancelled
9732,Hank  BOS,04-02-2024,"""Lamp""",Home,8,40,cancelled
9733,Ivy  MIA,01/18/24,TShirt,Clothing,8,25,cancelled
9734,Jack  PHX,04-22-2024,Lamp,Home,2,40,shipped
9735,Grace  SEA,05-19-2024,Binder,Office,6,5.99,cancelled
9736,Bob  LA,04/23/2024,Jump Rope,Sports,4,9.99,Delivered
9737,Nate  NYC,09-10-2024,Monitor,Electronics,9,299.99,RETURNED
9738,Olivia  LA,06/28/2024,Notebook,Office,10,8,processing
9739,Tina  BOS,19-10-2024,Mouse,Electronics,9,25,delivered
9740,Rose  DAL,03/20/24,Resistance Band,Sports,1,12.99,delivered
9741,Charlie  CHI,10-10-2024,Water Bottle,Sports,8,14.99,processing
9742,Jack  PHX,03/26/2024,Dress,Clothing,4,49,cancelled
9743,Sam  SEA,11/17/24,USB Hub,Electronics,9,19,Pending
9744,Eve  SF,10-10-2024,Stapler,Office,2,15,shipped
9745,Charlie  CHI,04-28-2024,Notebook,Office,2,8.99,RETURNED
9746,Charlie  CHI,04/25/2024,Sneakers,Clothing,9,$75.00,cancelled
9747,Jack  PHX,01-06-2024,Hat,Clothing,3,20,returned
9748,Ivy  MIA,05-02-2024,Pen Set,Office,5,12,cancelled
9749,Grace  SEA,12/15/2024,Tablet,Electronics,9,349.99,RETURNED
ORD-9750,Alice  NYC,08/14/24,"""Chair""",Office,5,199,delivered
9751,Olivia  LA,10-06-2024,Rug,Home,8,89,returned
9752,Tina  BOS,13-07-2024,Desk Lamp,Office,10,34,cancelled
9753,Paul  CHI,08-19-2024,"""Pillow""",Home,3,24.99,shipped
9754,Leo  DEN,12-11-2024,Jeans,Clothing,9,$59.99,returned
9755,Grace  SEA,10-18-2024,Sneakers,Clothing,1,75,shipped
9756,Mia  PDX,16-06-2024,Jacket,Clothing,3,$89.99,Delivered
9757,Hank  BOS,03-11-2024,Jacket,Clothing,10,89.99,Pending
9758,Mia  PDX,06-09-2024,TShirt,Clothing,5,25,processing
9759,Ivy  MIA,24-02-2024,Blanket,Home,5,34,shipped
9760,Mia  PDX,05-07-2024,Whiteboard,Office,5,49.99,processing
9761,Bob  LA,01-31-2024,"""Whiteboard""",Office,7,50,cancelled
9762,Leo  DEN,29-09-2024,Hat,Clothing,5,19.99,RETURNED
9763,Karen  ATL,21-02-2024,Jump Rope,Sports,3,9.99,delivered
9764,Karen  ATL,10-02-2024,Coffee Maker,Home,7,59,shipped
9765,Charlie  CHI,06-04-2024,Clock,Home,4,19.99,returned
9766,Paul  CHI,06/15/24,Jump Rope,Sports,7,9.99,pending
9767,Mia  PDX,02-04-2024,Webcam,Electronics,3,59.99,returned
9768,Tina  BOS,30-10-2024,Desk Lamp,Office,7,$34.99,cancelled
9769,Nate  NYC,15-12-2024,Desk Lamp,Office,6,34,RETURNED
9770,Diana  NYC,26-01-2024,Mouse,Electronics,2,25,processing
9771,Diana  NYC,08-10-2024,Rug,Home,10,89.99,Pending
9772,Eve  SF,11-11-2024,Notebook,Office,2,$8.99,pending
9773,Rose  DAL,30-08-2024,Jacket,Clothing,3,89.99,Delivered
9774,Quinn  SF,02-05-2024,Laptop,Electronics,8,800,pending
9775,Jack  PHX,04/14/2024,"""Webcam""",Electronics,5,59.99,returned
9776,Grace  SEA,06-10-2024,Laptop,Electronics,6,799,shipped
9777,Ivy  MIA,21-10-2024,Calculator,Office,3,24.99,cancelled
9778,Leo  DEN,10-17-2024,Water Bottle,Sports,9,$14.99,shipped
9779,Paul  CHI,17-04-2024,Dumbbell,Sports,1,39,processing
9780,Nate  NYC,01-02-2024,Jump Rope,Sports,10,9.99,shipped
9781,Sam  SEA,01/30/2024,Calculator,Office,3,24,RETURNED
9782,Charlie  CHI,05/18/2024,Notebook,Office,4,9,Delivered
9783,Diana  NYC,01-29-2024,"""Clock""",Home,3,$19.99,Delivered
9784,Eve  SF,12-18-2024,Resistance Band,Sports,2,$12.99,delivered
9785,Paul  CHI,31-03-2024,Calculator,Office,3,24,RETURNED
9786,Hank  BOS,19-02-2024,Jacket,Clothing,1,89.99,Pending
9787,Leo  DEN,05/15/2024,Whiteboard,Office,9,50,returned
9788,Jack  PHX,25-02-2024,Rug,Home,1,89.99,Pending
9789,Ivy  MIA,09/19/2024,Coffee Maker,Home,5,$59.99,pending
9790,Jack  PHX,02/16/24,Pillow,Home,6,$24.99,delivered
9791,Tina  BOS,07-09-2024,TShirt,Clothing,1,25,pending
9792,Paul  CHI,05-07-2024,Sneakers,Clothing,6,75,cancelled
9793,Sam  SEA,18-12-2024,Mouse,Electronics,9,25,RETURNED
9794,Sam  SEA,14-05-2024,Running Shoes,Sports,9,89.99,pending
9795,Sam  SEA,11/15/24,Coffee Maker,Home,3,59,processing
9796,Grace  SEA,13-12-2024,Jeans,Clothing,10,59,delivered
9797,Hank  BOS,10/13/2024,Water Bottle,Sports,6,15,returned
9798,Karen  ATL,17-10-2024,Lamp,Home,3,39.99,RETURNED
9799,Hank  BOS,22-06-2024,"""Rug""",Home,1,$89.99,processing
9800,Sam  SEA,09/21/2024,Clock,Home,5,19,processing
9801,Grace  SEA,17-06-2024,Clock,Home,5,19.99,RETURNED
9802,Rose  DAL,10-10-2024,"""Chair""",Office,7,$199.99,RETURNED
9803,Jack  PHX,01-04-2024,Toaster,Home,10,29,pending
9804,Mia  PDX,12/31/2024,Yoga Mat,Sports,2,29.99,RETURNED
9805,Rose  DAL,12/17/2024,Jacket,Clothing,6,89,Pending
9806,Leo  DEN,07-20-2024,Jump Rope,Sports,3,10,delivered
9807,Alice Smith,13-01-2024,Laptop,Electronics,9,799.99,Delivered
9808,Frank  DAL,04/24/24,Laptop,Electronics,2,799.99,pending
9809,Olivia  LA,10-05-2024,Dress,Clothing,5,49,pending
9810,Mia  PDX,05-04-2024,Water Bottle,Sports,8,14,Pending
9811,Charlie  CHI,04-06-2024,Dress,Clothing,6,50,delivered
9812,Bob  LA,02-27-2024,Yoga Mat,Sports,1,29,processing
9813,Paul  CHI,11-02-2024,Mouse,Electronics,7,$25.00,processing
9814,Hank  BOS,25-02-2024,Notebook,Office,4,$8.99,pending
9815,Leo  DEN,10-10-2024,Desk Lamp,Office,3,34.99,pending
9816,Jack  PHX,02/19/24,Jeans,Clothing,1,59.99,pending
9817,Bob  LA,20-07-2024,Toaster,Home,5,30,shipped
9818,Sam  SEA,09-29-2024,Hat,Clothing,10,19.99,Pending
9819,Quinn  SF,10/25/24,Chair,Office,9,$199.99,Pending
9820,Quinn  SF,01-02-2024,Pen Set,Office,2,12,returned
9821,Leo  DEN,01-06-2024,Running Shoes,Sports,1,89,cancelled
9822,Ivy  MIA,10-11-2024,"""Dumbbell""",Sports,8,$39.99,returned
9823,Leo  DEN,09-03-2024,Blanket,Home,3,34.99,Delivered
9824,Eve  SF,12/13/2024,Whiteboard,Office,6,$49.99,pending
9825,Jack  PHX,29-09-2024,"""Charger""",Electronics,3,15,cancelled
9826,Tina  BOS,09-10-2024,Belt,Clothing,1,29,pending
9827,Diana  NYC,08/25/2024,Binder,Office,4,$5.99,processing
9828,Jack  PHX,11-09-2024,"""Dumbbell""",Sports,1,39,processing
9829,Quinn  SF,10-31-2024,Socks,Clothing,3,10,RETURNED
9830,Quinn  SF,20-10-2024,Notebook,Office,1,8,Delivered
9831,Alice Smith,08/19/24,Blanket,Home,3,$34.99,returned
9832,Jack  PHX,13-08-2024,Pen Set,Office,6,12.99,RETURNED
9833,Quinn  SF,19-08-2024,Keyboard,Electronics,6,45,Pending
9834,Tina  BOS,05-03-2024,"""Yoga Mat""",Sports,10,29,cancelled
9835,Frank  DAL,03-02-2024,Rug,Home,8,89.99,returned
9836,Mia  PDX,05-07-2024,Resistance Band,Sports,1,$12.99,cancelled
9837,Jack  PHX,09-09-2024,Binder,Office,10,5.99,RETURNED
9838,Alice Smith,01/21/24,Tablet,Electronics,5,349,delivered
9839,Leo  DEN,05-04-2024,Dress,Clothing,2,49.99,shipped
9840,Alice  NYC,22-10-2024,Jeans,Clothing,6,59.99,processing
9841,Jack  PHX,05-01-2024,"""Blender""",Home,7,45,Pending
9842,Diana Prince,11-05-2024,Desk Lamp,Office,3,$34.99,pending
9843,Karen  ATL,31-03-2024,Desk Lamp,Office,2,34.99,delivered
9844,Karen  ATL,19-12-2024,Coffee Maker,Home,7,60,cancelled
9845,Diana Prince,02-09-2024,Charger,Electronics,4,14,delivered
9846,Charlie  CHI,03-07-2024,Stapler,Office,9,16,delivered
9847,Grace  SEA,31-01-2024,Laptop,Electronics,3,$799.99,delivered
9848,Olivia  LA,12-25-2024,Clock,Home,6,19,Delivered
9849,Karen  ATL,11-02-2024,Clock,Home,5,19.99,processing
9850,Karen  ATL,06-05-2024,Charger,Electronics,8,14,Pending
9851,Nate  NYC,26-05-2024,Dumbbell,Sports,8,$39.99,shipped
9852,Ivy  MIA,26-09-2024,Desk Lamp,Office,7,34.99,delivered
9853,Quinn  SF,15-02-2024,Notebook,Office,9,9,Pending
9854,Olivia  LA,11-06-2024,Blanket,Home,2,34.99,cancelled
9855,Grace  SEA,12-03-2024,Clock,Home,1,$19.99,delivered
9856,Quinn  SF,08/21/2024,Dumbbell,Sports,7,$39.99,shipped
9857,Mia  PDX,03-24-2024,Coffee Maker,Home,10,59,cancelled
9858,Eve  SF,03-05-2024,Mouse,Electronics,3,25,delivered
9859,Ivy  MIA,02-07-2024,Notebook,Office,3,8.99,pending
9860,Mia  PDX,02/20/24,Clock,Home,6,19,cancelled
9861,Leo  DEN,04/19/2024,Charger,Electronics,7,$14.99,RETURNED
9862,Leo  DEN,02-22-2024,Resistance Band,Sports,8,12,shipped
9863,Nate  NYC,01/31/2024,Stapler,Office,2,15.99,Pending
9864,Alice  NYC,07-27-2024,Smartphone,Electronics,4,699,delivered
9865,Nate  NYC,07-06-2024,"""TShirt""",Clothing,8,25,processing
9866,Sam  SEA,02-10-2024,Clock,Home,1,19.99,Pending
9867,Hank  BOS,23-01-2024,Jump Rope,Sports,4,9,returned
9868,Ivy  MIA,03-06-2024,Pen Set,Office,2,$12.99,pending
9869,Karen  ATL,08-01-2024,Yoga Mat,Sports,1,30,
ORD-9870,Bob  LA,06/30/24,Blanket,Home,5,$34.99,pending
9871,Ivy  MIA,06-07-2024,Pen Set,Office,3,12.99,Pending
9872,Quinn  SF,04/27/24,Water Bottle,Sports,5,15,pending
9873,Tina  BOS,08-11-2024,Tablet,Electronics,5,350,processing
9874,Frank  DAL,28-06-2024,Notebook,Office,4,9,Pending
9875,Rose  DAL,25-05-2024,"""Chair""",Office,3,199.99,delivered
9876,Paul  CHI,11-04-2024,Smartphone,Electronics,5,$699.99,RETURNED
9877,Olivia  LA,23-06-2024,Calculator,Office,6,24.99,shipped
9878,Ivy  MIA,09-02-2024,"""Desk Lamp""",Office,9,34,pending
9879,Frank  DAL,31-08-2024,Blanket,Home,3,$34.99,delivered
9880,Charlie  CHI,03/15/2024,Tablet,Electronics,4,$349.99,cancelled
9881,Grace  SEA,06-10-2024,"""Stapler""",Office,1,$15.99,cancelled
9882,Alice  NYC,03/20/2024,Toaster,Home,6,29,RETURNED
9883,Jack  PHX,03/19/24,Jacket,Clothing,5,90,processing
ORD-9884,Alice  NYC,02-08-2024,Resistance Band,Sports,8,$12.99,Pending
9885,Charlie  CHI,08-06-2024,Dress,Clothing,1,$49.99,cancelled
9886,Rose  DAL,12/23/2024,Yoga Mat,Sports,8,30,Delivered
9887,Paul  CHI,12-02-2024,Stapler,Office,2,15.99,
9888,Tina  BOS,04-05-2024,Resistance Band,Sports,6,13,returned
9889,Karen  ATL,04/29/2024,Toaster,Home,6,29.99,RETURNED
9890,Alice  NYC,10-02-2024,Binder,Office,2,5.99,cancelled
9891,Bob  LA,11/17/2024,Stapler,Office,10,15.99,cancelled
9892,Mia  PDX,07-07-2024,Tablet,Electronics,2,$349.99,Pending
9893,Ivy  MIA,20-03-2024,USB Hub,Electronics,5,19.99,processing
9894,Sam  SEA,12-02-2024,Stapler,Office,8,15.99,RETURNED
9895,Grace  SEA,07-06-2024,Running Shoes,Sports,5,89.99,shipped
9896,Mia  PDX,20-03-2024,Stapler,Office,6,$15.99,pending
9897,Ivy  MIA,29-03-2024,Lamp,Home,8,39,pending
9898,Rose  DAL,09/22/2024,Smartphone,Electronics,6,$699.99,pending
9899,Olivia  LA,03-06-2024,Toaster,Home,9,30,Delivered
9900,Hank  BOS,09/21/2024,"""Toaster""",Home,4,29.99,Delivered
9901,Nate  NYC,01-12-2024,Smartphone,Electronics,3,699,returned
9902,Alice  NYC,06/16/24,Rug,Home,5,$89.99,RETURNED
9903,Eve  SF,05-10-2024,Whiteboard,Office,4,49.99,Pending
9904,Tina  BOS,19-09-2024,Webcam,Electronics,4,59.99,Pending
9905,Olivia  LA,06/23/2024,Dress,Clothing,4,49,pending
9906,Nate  NYC,02-09-2024,Mouse,Electronics,4,25,returned
9907,Quinn  SF,01/30/2024,Notebook,Office,9,8,shipped
9908,Quinn  SF,26-12-2024,"""Mouse""",Electronics,7,25,Delivered
9909,Leo  DEN,12-08-2024,Webcam,Electronics,3,59.99,processing
9910,Eve  SF,11/23/2024,Binder,Office,9,5.99,delivered
9911,Hank  BOS,04-13-2024,Desk Lamp,Office,6,34.99,Delivered
9912,Grace  SEA,25-11-2024,"""Monitor""",Electronics,9,300,pending
9913,Jack  PHX,05-01-2024,Resistance Band,Sports,8,12,RETURNED
9914,Bob  LA,29-05-2024,Pillow,Home,7,25,shipped
9915,Bob  LA,12/28/2024,Laptop,Electronics,4,799.99,delivered
9916,Nate  NYC,11-05-2024,Socks,Clothing,6,9.99,delivered
9917,Eve  SF,25-11-2024,Laptop,Electronics,6,799.99,delivered
9918,Ivy  MIA,30-12-2024,Resistance Band,Sports,10,13,delivered
9919,Olivia  LA,05-10-2024,"""Jump Rope""",Sports,6,10,pending
ORD-9920,Hank  BOS,02-04-2024,Pen Set,Office,6,12.99,Delivered
9921,Rose  DAL,17-11-2024,Belt,Clothing,10,29.99,processing
9922,Mia  PDX,04-09-2024,Blanket,Home,7,34,shipped
9923,Eve  SF,03/24/24,Water Bottle,Sports,4,14,processing
9924,Charlie  CHI,10/13/2024,Whiteboard,Office,9,50,returned
9925,Mia  PDX,04-01-2024,Dress,Clothing,8,50,returned
9926,Charlie  CHI,08/13/24,Webcam,Electronics,1,59.99,shipped
ORD-9927,Bob  LA,11-06-2024,Keyboard,Electronics,4,45,RETURNED
9928,Mia  PDX,03/29/2024,TShirt,Clothing,9,25,processing
9929,Rose  DAL,05-11-2024,Resistance Band,Sports,3,12.99,delivered
9930,Quinn  SF,05-12-2024,Pillow,Home,4,$24.99,returned
9931,Bob  LA,08-01-2024,Jacket,Clothing,10,89.99,cancelled
9932,Ivy  MIA,07-08-2024,Stapler,Office,1,16,returned
9933,Rose  DAL,08/19/24,"""Monitor""",Electronics,6,$299.99,cancelled
9934,Charlie  CHI,09/18/24,Chair,Office,5,$199.99,shipped
9935,Leo  DEN,12-10-2024,Notebook,Office,6,9,Delivered
9936,Eve  SF,02-16-2024,"""Lamp""",Home,3,$39.99,Delivered
9937,Diana  NYC,07-09-2024,Dress,Clothing,4,50,cancelled
9938,Jack  PHX,03-07-2024,"""Smartphone""",Electronics,3,699,cancelled
9939,Tina  BOS,03-08-2024,Charger,Electronics,1,14.99,shipped
9940,Mia  PDX,01/19/24,Pillow,Home,6,24.99,processing
9941,Diana  NYC,22-01-2024,Blanket,Home,2,34,pending
9942,Alice  NYC,03/21/2024,Resistance Band,Sports,7,12,processing
9943,Tina  BOS,05/21/24,Dumbbell,Sports,5,$39.99,shipped
9944,Karen  ATL,04/20/24,Coffee Maker,Home,2,59.99,RETURNED
9945,Eve  SF,14-05-2024,"""Resistance Band""",Sports,10,12.99,Pending
9946,Eve  SF,12-04-2024,Resistance Band,Sports,6,$12.99,cancelled
ORD-9947,Bob  LA,08-07-2024,Jacket,Clothing,3,89.99,returned
9948,Leo  DEN,12/31/2024,Webcam,Electronics,8,59.99,RETURNED
9949,Charlie  CHI,04/15/2024,Notebook,Office,1,8.99,pending
9950,Charlie  CHI,05-07-2024,Dress,Clothing,2,49,returned
9951,Quinn  SF,18-02-2024,Running Shoes,Sports,7,$89.99,Pending
9952,Charlie  CHI,02/18/24,TShirt,Clothing,2,25,Delivered
9953,Tina  BOS,11-04-2024,Yoga Mat,Sports,7,29,RETURNED
9954,Nate  NYC,02-10-2024,Yoga Mat,Sports,7,29.99,delivered
9955,Diana  NYC,08-08-2024,Pillow,Home,1,24.99,cancelled
9956,Diana Prince,08-02-2024,Sneakers,Clothing,4,75,processing
9957,Rose  DAL,28-11-2024,Dumbbell,Sports,8,40,processing
9958,Diana  NYC,24-02-2024,Pen Set,Office,6,12.99,Delivered
9959,Rose  DAL,23-12-2024,Water Bottle,Sports,5,14,delivered
9960,Bob  LA,17-10-2024,Pen Set,Office,8,12.99,shipped
9961,Frank  DAL,22-06-2024,Jeans,Clothing,4,59.99,shipped
9962,Charlie  CHI,14-07-2024,Desk Lamp,Office,2,$34.99,cancelled
9963,Diana  NYC,17-11-2024,Blanket,Home,3,34.99,shipped
9964,Jack  PHX,06-07-2024,Calculator,Office,1,24.99,pending
9965,Diana  NYC,12-08-2024,Hat,Clothing,8,20,processing
9966,Alice  NYC,05-25-2024,Yoga Mat,Sports,4,29,delivered
9967,Tina  BOS,08/21/24,Water Bottle,Sports,10,14,RETURNED
ORD-9968,Bob  LA,12-12-2024,Laptop,Electronics,2,$799.99,delivered
9969,Jack  PHX,09-16-2024,Yoga Mat,Sports,1,29.99,RETURNED
9970,Grace  SEA,08/17/24,Hat,Clothing,10,20,pending
9971,Nate  NYC,05-08-2024,Hat,Clothing,10,20,shipped
9972,Nate  NYC,06-21-2024,Calculator,Office,10,25,processing
9973,Frank  DAL,16-11-2024,Smartphone,Electronics,4,$699.99,shipped
9974,Sam  SEA,02-10-2024,Belt,Clothing,6,30,shipped
9975,Tina  BOS,10-25-2024,Resistance Band,Sports,6,12,shipped
9976,Rose  DAL,17-04-2024,Dress,Clothing,6,50,pending
9977,Quinn  SF,05-05-2024,Jeans,Clothing,5,59.99,delivered
9978,Grace  SEA,02-07-2024,Blender,Home,1,44,processing
9979,Mia  PDX,09/25/24,"""Notebook""",Office,3,8.99,shipped
9980,Rose  DAL,06-04-2024,"""Headphones""",Electronics,8,89.99,Pending
9981,Eve  SF,04-09-2024,Stapler,Office,4,15.99,RETURNED
9982,Olivia  LA,29-11-2024,Whiteboard,Office,3,50,Delivered
9983,Paul  CHI,21-04-2024,TShirt,Clothing,4,25,RETURNED
9984,Hank  BOS,08/30/2024,Pen Set,Office,7,12.99,shipped
9985,Hank  BOS,05-17-2024,Monitor,Electronics,9,300,cancelled
9986,Leo  DEN,03/28/24,Running Shoes,Sports,10,$89.99,Pending
9987,Frank  DAL,23-06-2024,Toaster,Home,7,29.99,processing
ORD-9988,Grace  SEA,01-12-2024,"""Whiteboard""",Office,1,49.99,returned
9989,Olivia  LA,12/28/24,Stapler,Office,5,15,RETURNED
9990,Karen  ATL,02-01-2024,Yoga Mat,Sports,6,29.99,RETURNED
9991,Quinn  SF,16-07-2024,Pillow,Home,3,$24.99,RETURNED
9992,Sam  SEA,11-09-2024,Dumbbell,Sports,2,$39.99,cancelled
9993,Leo  DEN,29-07-2024,Laptop,Electronics,2,799,pending
9994,Jack  PHX,05/29/2024,Charger,Electronics,6,14,processing
9995,Jack  PHX,12/25/24,Binder,Office,5,$5.99,Delivered
9996,Karen  ATL,03-04-2024,"""Dress""",Clothing,5,49,RETURNED
9997,Diana Prince,11-09-2024,Yoga Mat,Sports,10,30,delivered
9998,Karen  ATL,05/26/2024,Laptop,Electronics,7,799,delivered
9999,Diana Prince,30-10-2024,Calculator,Office,4,$24.99,returned
10000,Olivia  LA,01/14/2024,Coffee Maker,Home,8,59.99,cancelled
10001,Ivy  MIA,03/30/2024,Desk Lamp,Office,8,$34.99,RETURNED
10002,Eve  SF,05-12-2024,Toaster,Home,4,29.99,processing
10003,Olivia  LA,03-01-2024,Whiteboard,Office,9,50,processing
10004,Eve  SF,10/30/2024,Resistance Band,Sports,6,12,delivered
10005,Karen  ATL,11-22-2024,"""Toaster""",Home,3,29.99,RETURNED
10006,Quinn  SF,04/20/24,Lamp,Home,7,39,RETURNED
10007,Rose  DAL,10-11-2024,"""Tablet""",Electronics,5,349,processing
10008,Tina  BOS,07-10-2024,Yoga Mat,Sports,6,29.99,delivered
10009,Grace  SEA,15-01-2024,Dumbbell,Sports,9,39,shipped
10010,Quinn  SF,07-06-2024,Water Bottle,Sports,2,$14.99,pending
10011,Paul  CHI,11-03-2024,USB Hub,Electronics,3,19.99,delivered
10012,Jack  PHX,18-05-2024,Rug,Home,9,89,processing
10013,Leo  DEN,05-18-2024,Pen Set,Office,8,12,Delivered
10014,Charlie  CHI,09-21-2024,"""Keyboard""",Electronics,4,45,pending
10015,Quinn  SF,04/17/2024,Pen Set,Office,3,12.99,Pending
10016,Jack  PHX,11-12-2024,Blender,Home,9,45,shipped
10017,Rose  DAL,08-08-2024,Blanket,Home,7,34.99,Delivered
10018,Ivy  MIA,05/26/2024,Sneakers,Clothing,1,75,processing
10019,Quinn  SF,11/22/2024,Pen Set,Office,3,$12.99,Pending
ORD-10020,Sam  SEA,01-12-2024,"""Coffee Maker""",Home,7,59.99,processing
10021,Sam  SEA,02-22-2024,Monitor,Electronics,7,$299.99,RETURNED
10022,Diana  NYC,09-12-2024,Clock,Home,9,$19.99,shipped
10023,Hank  BOS,15-06-2024,Resistance Band,Sports,1,12.99,pending
10024,Diana  NYC,05-29-2024,Dumbbell,Sports,2,40,returned
10025,Leo  DEN,02-04-2024,Coffee Maker,Home,8,59.99,Delivered
10026,Eve  SF,09-10-2024,Resistance Band,Sports,9,12.99,Delivered
ORD-10027,Leo  DEN,08-08-2024,Charger,Electronics,6,14.99,RETURNED
10028,Eve  SF,12-01-2024,Dumbbell,Sports,5,39.99,cancelled
10029,Eve  SF,18-07-2024,Dumbbell,Sports,8,40,Delivered
10030,Quinn  SF,01-21-2024,Dress,Clothing,7,49.99,cancelled
10031,Paul  CHI,01/22/24,Clock,Home,3,19,processing
10032,Rose  DAL,04-11-2024,Jeans,Clothing,10,59.99,delivered
10033,Quinn  SF,05/24/24,"""Running Shoes""",Sports,10,90,returned
10034,Ivy  MIA,11/30/2024,Blanket,Home,10,35,shipped
10035,Bob  LA,01/28/24,Binder,Office,6,5.99,delivered
10036,Quinn  SF,12-01-2024,"""Socks""",Clothing,2,10,Delivered
10037,Eve  SF,09-11-2024,Yoga Mat,Sports,9,29.99,cancelled
10038,Alice  NYC,03-05-2024,Yoga Mat,Sports,8,29.99,delivered
10039,Quinn  SF,09/23/24,Monitor,Electronics,3,299,returned
10040,Sam  SEA,05-08-2024,Desk Lamp,Office,4,35,returned
10041,Jack  PHX,01-01-2024,Whiteboard,Office,3,49.99,delivered
10042,Jack  PHX,12-12-2024,Monitor,Electronics,6,$299.99,Pending
10043,Grace  SEA,04/22/2024,Binder,Office,10,6,cancelled
10044,Tina  BOS,08/17/2024,Jump Rope,Sports,1,10,cancelled
ORD-10045,Mia  PDX,12-22-2024,Keyboard,Electronics,6,45,processing
ORD-10046,Eve  SF,06-03-2024,"""Binder""",Office,2,$5.99,processing
10047,Quinn  SF,04-07-2024,Jump Rope,Sports,2,9.99,Pending
10048,Eve  SF,18-07-2024,"""Blanket""",Home,9,35,processing
10049,Grace  SEA,03-08-2024,USB Hub,Electronics,10,$19.99,shipped
10050,Ivy  MIA,14-08-2024,Chair,Office,9,199.99,Delivered
10051,Charlie  CHI,12-05-2024,Notebook,Office,8,8.99,Pending
10052,Diana  NYC,06-14-2024,Tablet,Electronics,6,349.99,pending
10053,Mia  PDX,17-02-2024,Stapler,Office,9,15,Delivered
10054,Ivy  MIA,18-06-2024,Calculator,Office,7,$24.99,processing
10055,Charlie  CHI,01-03-2024,Dress,Clothing,2,$49.99,delivered
10056,Grace  SEA,07-31-2024,"""Toaster""",Home,10,30,RETURNED
ORD-10057,Leo  DEN,05-12-2024,Stapler,Office,10,15,returned
10058,Nate  NYC,27-08-2024,Rug,Home,7,89.99,delivered
10059,Tina  BOS,10-02-2024,Keyboard,Electronics,3,45,RETURNED
10060,Hank  BOS,08/17/2024,Pen Set,Office,5,12.99,processing
ORD-10061,Paul  CHI,09/23/24,Mouse,Electronics,8,25,cancelled
10062,Charlie  CHI,02-11-2024,Monitor,Electronics,2,300,pending
10063,Mia  PDX,08-27-2024,Clock,Home,5,19,returned
10064,Grace  SEA,08-27-2024,Mouse,Electronics,1,$25.00,cancelled
10065,Leo  DEN,08-10-2024,Jacket,Clothing,9,89,returned
10066,Paul  CHI,04-09-2024,Keyboard,Electronics,5,45,returned
10067,Mia  PDX,04-05-2024,Whiteboard,Office,9,49.99,cancelled
10068,Olivia  LA,01-07-2024,Jacket,Clothing,6,89,returned
10069,Diana  NYC,02-01-2024,Lamp,Home,5,39.99,shipped
10070,Leo  DEN,12/20/2024,Dumbbell,Sports,3,40,delivered
10071,Sam  SEA,10-12-2024,Mouse,Electronics,7,25,pending
10072,Diana Prince,05-19-2024,Jump Rope,Sports,6,9.99,Delivered
ORD-10073,Nate  NYC,10/16/24,Headphones,Electronics,5,89.99,processing
10074,Sam  SEA,28-01-2024,Lamp,Home,4,$39.99,Pending
10075,Bob  LA,04/21/2024,Sneakers,Clothing,10,$75.00,pending
10076,Bob  LA,03/18/2024,Notebook,Office,9,8.99,Delivered
10077,Rose  DAL,06-07-2024,Webcam,Electronics,9,59.99,processing
10078,Nate  NYC,12/21/2024,Charger,Electronics,7,15,Pending
10079,Nate  NYC,05-07-2024,Dumbbell,Sports,4,39.99,returned
10080,Diana  NYC,10-19-2024,Belt,Clothing,2,29.99,cancelled
10081,Olivia  LA,02-07-2024,Sneakers,Clothing,6,75,pending
10082,Diana  NYC,03-02-2024,Clock,Home,1,$19.99,RETURNED
10083,Paul  CHI,11-01-2024,Yoga Mat,Sports,9,$29.99,cancelled
10084,Olivia  LA,21-05-2024,Lamp,Home,3,39.99,Delivered
10085,Charlie  CHI,26-05-2024,Jeans,Clothing,5,60,delivered
10086,Ivy  MIA,01/15/24,Tablet,Electronics,9,$349.99,RETURNED
10087,Leo  DEN,13-07-2024,Calculator,Office,9,$24.99,pending
10088,Tina  BOS,01-05-2024,"""Blender""",Home,7,$44.99,shipped
10089,Frank  DAL,04/26/2024,Hat,Clothing,4,20,pending
10090,Quinn  SF,12-11-2024,Resistance Band,Sports,5,$12.99,cancelled
ORD-10091,Ivy  MIA,20-10-2024,Dumbbell,Sports,6,40,returned
10092,Paul  CHI,12-01-2024,Water Bottle,Sports,8,14,processing
10093,Sam  SEA,10/28/2024,Smartphone,Electronics,1,699.99,cancelled
10094,Frank  DAL,20-11-2024,Toaster,Home,2,29,delivered
10095,Eve  SF,08-08-2024,TShirt,Clothing,10,25,Delivered
10096,Frank  DAL,08-26-2024,Webcam,Electronics,2,60,returned
10097,Grace  SEA,14-01-2024,Water Bottle,Sports,1,15,delivered
10098,Charlie  CHI,10/13/24,"""Hat""",Clothing,1,19.99,processing
10099,Eve  SF,06-01-2024,Jacket,Clothing,9,89.99,RETURNED
10100,Jack  PHX,15-10-2024,Pen Set,Office,3,$12.99,returned
10101,Jack  PHX,05-01-2024,Jacket,Clothing,7,89,Pending
10102,Bob  LA,05/30/2024,Resistance Band,Sports,6,$12.99,delivered
10103,Jack  PHX,07-01-2024,Monitor,Electronics,8,299.99,RETURNED
10104,Olivia  LA,11-05-2024,Dress,Clothing,6,50,processing
10105,Karen  ATL,14-07-2024,Webcam,Electronics,8,$59.99,cancelled
10106,Hank  BOS,12-06-2024,Lamp,Home,1,$39.99,Pending
10107,Quinn  SF,03-09-2024,Desk Lamp,Office,2,$34.99,RETURNED
10108,Nate  NYC,15-12-2024,Laptop,Electronics,2,800,Delivered
10109,Hank  BOS,10-12-2024,Desk Lamp,Office,9,$34.99,pending
10110,Sam  SEA,02-04-2024,Blender,Home,9,44.99,Pending
10111,Tina  BOS,05-22-2024,Keyboard,Electronics,8,45,returned
10112,Ivy  MIA,11/13/2024,Keyboard,Electronics,5,45,returned
10113,Sam  SEA,01-12-2024,Jeans,Clothing,8,59.99,returned
ORD-10114,Karen  ATL,31-07-2024,Jacket,Clothing,9,89.99,pending
10115,Rose  DAL,12-12-2024,Pillow,Home,3,24.99,pending
10116,Grace  SEA,06-19-2024,Laptop,Electronics,5,799.99,
10117,Alice Smith,21-01-2024,"""Hat""",Clothing,2,20,Delivered
10118,Leo  DEN,02-10-2024,Blender,Home,7,44.99,shipped
ORD-10119,Ivy  MIA,12-12-2024,Notebook,Office,7,8.99,Delivered
10120,Diana Prince,01/17/24,Running Shoes,Sports,5,89,processing
10121,Charlie  CHI,19-08-2024,"""Lamp""",Home,3,39.99,pending
10122,Charlie  CHI,27-11-2024,Jump Rope,Sports,4,9.99,shipped
10123,Ivy  MIA,12/16/24,Sneakers,Clothing,7,$75.00,returned
10124,Rose  DAL,14-10-2024,Notebook,Office,6,$8.99,cancelled
10125,Sam  SEA,07-10-2024,Jeans,Clothing,1,$59.99,Delivered
10126,Grace  SEA,12-10-2024,USB Hub,Electronics,3,19.99,RETURNED
10127,Jack  PHX,12-07-2024,Stapler,Office,4,$15.99,returned
10128,Olivia  LA,23-10-2024,Dress,Clothing,8,49,shipped
10129,Tina  BOS,16-01-2024,Running Shoes,Sports,3,$89.99,shipped
10130,Quinn  SF,06-04-2024,Jump Rope,Sports,6,10,shipped
10131,Alice  NYC,02-08-2024,USB Hub,Electronics,1,19.99,cancelled
10132,Quinn  SF,08-07-2024,Jump Rope,Sports,7,9,shipped
10133,Sam  SEA,02-16-2024,Rug,Home,6,89.99,shipped
10134,Paul  CHI,06/26/2024,Resistance Band,Sports,7,$12.99,RETURNED
10135,Tina  BOS,17-07-2024,Laptop,Electronics,6,800,shipped
10136,Alice Smith,08-04-2024,Dumbbell,Sports,10,$39.99,processing
10137,Tina  BOS,19-07-2024,Webcam,Electronics,2,59.99,shipped
10138,Rose  DAL,29-02-2024,Yoga Mat,Sports,3,$29.99,delivered
10139,Karen  ATL,08-07-2024,Pen Set,Office,1,$12.99,pending
10140,Alice  NYC,18-08-2024,"""Stapler""",Office,4,16,Delivered
10141,Quinn  SF,03-02-2024,Lamp,Home,1,39,returned
10142,Quinn  SF,02/19/2024,Binder,Office,3,5.99,shipped
10143,Eve  SF,08/27/2024,Jump Rope,Sports,6,9.99,delivered
10144,Mia  PDX,08-04-2024,USB Hub,Electronics,10,19.99,shipped
10145,Quinn  SF,12/31/2024,Notebook,Office,1,9,RETURNED
10146,Hank  BOS,14-01-2024,Notebook,Office,6,8.99,pending
10147,Olivia  LA,30-10-2024,Water Bottle,Sports,3,15,shipped
10148,Tina  BOS,30-07-2024,Water Bottle,Sports,3,15,processing
10149,Bob  LA,30-01-2024,Stapler,Office,2,$15.99,delivered
10150,Jack  PHX,06-12-2024,"""Blender""",Home,4,44.99,returned
10151,Ivy  MIA,04/23/24,Yoga Mat,Sports,8,29,RETURNED
10152,Tina  BOS,04/18/24,"""Whiteboard""",Office,3,49.99,returned
10153,Olivia  LA,18-09-2024,Dress,Clothing,4,49.99,cancelled
10154,Diana Prince,08/13/2024,Clock,Home,8,19.99,Delivered
10155,Eve  SF,06-06-2024,Dress,Clothing,4,49.99,Pending
10156,Bob  LA,03-12-2024,Mouse,Electronics,9,25,Delivered
10157,Quinn  SF,09-05-2024,USB Hub,Electronics,6,$19.99,RETURNED
10158,Mia  PDX,04/20/24,Monitor,Electronics,1,299.99,cancelled
10159,Alice  NYC,09-03-2024,Monitor,Electronics,5,299,returned
10160,Eve  SF,06-07-2024,Binder,Office,4,5.99,Delivered
10161,Jack  PHX,12-12-2024,Pillow,Home,3,24.99,delivered
10162,Nate  NYC,16-12-2024,Clock,Home,6,$19.99,processing
10163,Mia  PDX,30-08-2024,"""Water Bottle""",Sports,1,$14.99,RETURNED
10164,Charlie  CHI,19-04-2024,Tablet,Electronics,5,349.99,returned
10165,Nate  NYC,19-06-2024,"""Mouse""",Electronics,8,25,RETURNED
10166,Nate  NYC,26-11-2024,Chair,Office,4,199.99,pending
10167,Diana  NYC,28-01-2024,Rug,Home,6,89.99,returned
10168,Bob  LA,22-05-2024,Calculator,Office,1,N/A,pending
10169,Leo  DEN,02-07-2024,Rug,Home,1,90,Delivered
10170,Karen  ATL,04-09-2024,Running Shoes,Sports,9,89,returned
10171,Nate  NYC,12/20/24,Jump Rope,Sports,5,9.99,
10172,Paul  CHI,13-02-2024,Clock,Home,1,20,returned
10173,Mia  PDX,04-11-2024,Stapler,Office,5,15.99,processing
10174,Eve  SF,04-11-2024,Keyboard,Electronics,6,45,Pending
10175,Frank  DAL,31-12-2024,Jeans,Clothing,4,59.99,pending
10176,Mia  PDX,04-14-2024,Pen Set,Office,4,12,returned
10177,Ivy  MIA,13-12-2024,"""Water Bottle""",Sports,7,14.99,delivered
10178,Leo  DEN,01-16-2024,Blanket,Home,10,34.99,delivered
10179,Tina  BOS,05-21-2024,Charger,Electronics,7,14,Delivered
10180,Charlie  CHI,08/26/24,Lamp,Home,4,39.99,Delivered
10181,Olivia  LA,23-07-2024,Webcam,Electronics,10,59.99,shipped
10182,Grace  SEA,07/24/24,"""Rug""",Home,2,89,Delivered
10183,Frank  DAL,10/28/2024,Running Shoes,Sports,1,90,Pending
10184,Diana  NYC,03-03-2024,Calculator,Office,9,24.99,Pending
10185,Ivy  MIA,01/18/24,Charger,Electronics,3,15,returned
10186,Bob  LA,09/25/24,Resistance Band,Sports,6,13,shipped
10187,Paul  CHI,05/25/24,Jeans,Clothing,10,$59.99,Delivered
10188,Charlie  CHI,15-03-2024,Whiteboard,Office,7,49.99,shipped
10189,Jack  PHX,11-17-2024,TShirt,Clothing,10,25,returned
10190,Rose  DAL,05-07-2024,Resistance Band,Sports,2,13,Pending
ORD-10191,Bob  LA,10-01-2024,Charger,Electronics,7,14,delivered
10192,Charlie  CHI,01-08-2024,"""Sneakers""",Clothing,5,75,RETURNED
10193,Charlie  CHI,11-07-2024,Running Shoes,Sports,10,$89.99,returned
10194,Jack  PHX,29-10-2024,Binder,Office,10,6,returned
10195,Karen  ATL,08-02-2024,Resistance Band,Sports,5,12,delivered
10196,Charlie  CHI,01-26-2024,Pillow,Home,6,24.99,RETURNED
10197,Sam  SEA,10-21-2024,Jacket,Clothing,2,$89.99,Delivered
10198,Quinn  SF,01-18-2024,Rug,Home,2,90,delivered
10199,Paul  CHI,25-03-2024,Jeans,Clothing,7,60,shipped
10200,Olivia  LA,05-28-2024,Jeans,Clothing,2,59.99,Delivered
10201,Charlie  CHI,11/17/2024,Toaster,Home,5,29,pending
10202,Paul  CHI,08/13/2024,Blender,Home,2,45,processing
10203,Ivy  MIA,04-11-2024,Binder,Office,7,6,Pending
10204,Leo  DEN,05-05-2024,Pen Set,Office,7,12.99,Delivered
10205,Tina  BOS,07-14-2024,Charger,Electronics,2,15,cancelled
10206,Diana  NYC,10-31-2024,Belt,Clothing,2,29.99,pending
ORD-10207,Mia  PDX,15-08-2024,Hat,Clothing,4,19.99,Delivered
10208,Ivy  MIA,10/18/24,Rug,Home,5,89,pending
10209,Nate  NYC,08/22/24,"""Whiteboard""",Office,10,49.99,processing
10210,Hank  BOS,06-19-2024,Calculator,Office,3,$24.99,Delivered
10211,Bob  LA,17-02-2024,Charger,Electronics,7,$14.99,pending
10212,Quinn  SF,04/27/2024,Rug,Home,3,90,delivered
10213,Diana  NYC,12/16/24,Pillow,Home,9,$24.99,returned
10214,Ivy  MIA,09-10-2024,Water Bottle,Sports,5,15,processing
10215,Frank  DAL,01-11-2024,Coffee Maker,Home,9,59,shipped
10216,Eve  SF,11-08-2024,Pen Set,Office,4,$12.99,shipped
10217,Olivia  LA,07-04-2024,Dress,Clothing,6,49.99,cancelled
10218,Rose  DAL,10/22/24,Toaster,Home,8,29,cancelled
10219,Bob  LA,01-09-2024,Dumbbell,Sports,2,39,Delivered
10220,Rose  DAL,10-07-2024,Jump Rope,Sports,7,9.99,Pending
10221,Quinn  SF,12/18/2024,"""Dress""",Clothing,9,$49.99,delivered
10222,Olivia  LA,18-03-2024,Binder,Office,4,$5.99,cancelled
10223,Leo  DEN,02-05-2024,"""Calculator""",Office,6,25,delivered
10224,Sam  SEA,10/19/2024,Rug,Home,5,89,delivered
10225,Olivia  LA,12-04-2024,Coffee Maker,Home,8,60,processing
10226,Bob  LA,16-06-2024,TShirt,Clothing,10,25,delivered
10227,Charlie  CHI,27-06-2024,"""Jump Rope""",Sports,7,$9.99,shipped
10228,Quinn  SF,04-05-2024,Yoga Mat,Sports,9,29.99,returned
10229,Leo  DEN,03-08-2024,Running Shoes,Sports,10,89.99,Pending
10230,Tina  BOS,10-03-2024,Running Shoes,Sports,3,90,processing
10231,Bob  LA,03-05-2024,Laptop,Electronics,8,800,returned
10232,Jack  PHX,08-11-2024,Rug,Home,1,$89.99,Pending
10233,Ivy  MIA,24-09-2024,Jacket,Clothing,8,89.99,RETURNED
10234,Sam  SEA,04/15/24,Toaster,Home,8,29,pending
10235,Nate  NYC,09-07-2024,USB Hub,Electronics,9,19,returned
10236,Sam  SEA,10-12-2024,TShirt,Clothing,6,25,shipped
10237,Rose  DAL,04/20/24,Blanket,Home,5,$34.99,processing
10238,Charlie  CHI,12/26/2024,"""Pillow""",Home,10,24.99,shipped
10239,Nate  NYC,17-05-2024,Jacket,Clothing,8,89.99,Pending
10240,Rose  DAL,19-06-2024,Pillow,Home,9,24,shipped
10241,Eve  SF,11-09-2024,"""Monitor""",Electronics,,300,processing
10242,Rose  DAL,03/21/24,Binder,Office,9,5.99,cancelled
10243,Frank  DAL,10-07-2024,"""Sneakers""",Clothing,3,75,processing
10244,Alice  NYC,06-06-2024,Water Bottle,Sports,1,$14.99,Delivered
10245,Bob  LA,28-05-2024,Clock,Home,9,$19.99,cancelled
10246,Hank  BOS,10-05-2024,Lamp,Home,9,$39.99,delivered
ORD-10247,Karen  ATL,07-07-2024,Rug,Home,8,89,Delivered
10248,Alice Smith,01/23/24,"""Dumbbell""",Sports,8,40,Pending
10249,Hank  BOS,01-29-2024,Chair,Office,9,200,returned
10250,Hank  BOS,03/28/2024,Clock,Home,9,20,RETURNED
10251,Paul  CHI,21-09-2024,Lamp,Home,6,39.99,Pending
10252,Diana  NYC,07-12-2024,Lamp,Home,7,$39.99,delivered
10253,Ivy  MIA,24-11-2024,"""Jump Rope""",Sports,1,9,RETURNED
10254,Paul  CHI,20-11-2024,Lamp,Home,3,$39.99,Pending
10255,Nate  NYC,03-12-2024,Pen Set,Office,8,12,pending
10256,Nate  NYC,06/18/2024,Notebook,Office,8,8.99,returned
10257,Paul  CHI,04-02-2024,Rug,Home,4,90,cancelled
10258,Grace  SEA,12-29-2024,Dumbbell,Sports,3,39,shipped
10259,Sam  SEA,02-01-2024,Running Shoes,Sports,1,89,RETURNED
10260,Alice  NYC,02-10-2024,Dumbbell,Sports,1,39.99,Delivered
10261,Frank  DAL,08-04-2024,Pen Set,Office,8,12.99,processing
10262,Sam  SEA,07-11-2024,Blender,Home,7,$44.99,delivered
ORD-10263,Grace  SEA,01-11-2024,Stapler,Office,8,15.99,RETURNED
10264,Olivia  LA,25-10-2024,Pillow,Home,4,$24.99,Pending
10265,Diana  NYC,26-04-2024,Jeans,Clothing,9,$59.99,RETURNED
10266,Tina  BOS,10-02-2024,Belt,Clothing,4,29.99,Delivered
10267,Paul  CHI,02-05-2024,Headphones,Electronics,1,89.99,Delivered
10268,Leo  DEN,06-05-2024,"""Blender""",Home,8,44.99,pending
10269,Leo  DEN,09-06-2024,Charger,Electronics,10,14,processing
10270,Jack  PHX,05/17/2024,Rug,Home,2,$89.99,Delivered
10271,Jack  PHX,18-11-2024,Chair,Office,10,199.99,delivered
10272,Paul  CHI,04-04-2024,Dumbbell,Sports,4,39.99,pending
10273,Quinn  SF,10-25-2024,Keyboard,Electronics,7,$45.00,processing
10274,Eve  SF,03-04-2024,Clock,Home,8,$19.99,RETURNED
10275,Hank  BOS,01-14-2024,Blanket,Home,10,35,shipped
10276,Quinn  SF,05/28/24,TShirt,Clothing,1,25,processing
10277,Quinn  SF,19-07-2024,Rug,Home,9,$89.99,Delivered
10278,Grace  SEA,17-07-2024,Monitor,Electronics,10,300,delivered
10279,Paul  CHI,01-25-2024,USB Hub,Electronics,5,19.99,processing
10280,Grace  SEA,11-06-2024,USB Hub,Electronics,1,$19.99,Pending
10281,Charlie  CHI,03-01-2024,TShirt,Clothing,7,25,pending
10282,Rose  DAL,02-02-2024,Monitor,Electronics,7,$299.99,returned
10283,Hank  BOS,04-11-2024,"""Resistance Band""",Sports,7,$12.99,Pending
10284,Eve  SF,03-08-2024,Yoga Mat,Sports,3,29,RETURNED
10285,Hank  BOS,11-01-2024,Belt,Clothing,6,29,processing
10286,Hank  BOS,03-11-2024,Pillow,Home,9,25,Delivered
10287,Sam  SEA,04/18/2024,Resistance Band,Sports,7,12.99,cancelled
10288,Bob  LA,03/20/2024,Jump Rope,Sports,5,9,RETURNED
10289,Ivy  MIA,26-06-2024,Mouse,Electronics,6,25,returned
10290,Quinn  SF,03/20/2024,Pen Set,Office,10,12.99,delivered
10291,Charlie  CHI,05/17/2024,Notebook,Office,3,8.99,processing
10292,Grace  SEA,03-07-2024,"""Laptop""",Electronics,8,799.99,cancelled
10293,Hank  BOS,05/23/24,Running Shoes,Sports,8,89.99,Pending
ORD-10294,Quinn  SF,05-07-2024,Jacket,Clothing,4,$89.99,Delivered
10295,Diana Prince,02/20/24,Belt,Clothing,7,$29.99,RETURNED
10296,Hank  BOS,09-08-2024,Lamp,Home,4,39.99,returned
10297,Hank  BOS,24-09-2024,Dress,Clothing,4,49.99,shipped
10298,Frank  DAL,09/15/2024,Toaster,Home,4,29,RETURNED
10299,Jack  PHX,10-27-2024,Calculator,Office,8,24,pending
10300,Bob  LA,21-05-2024,Dress,Clothing,9,49.99,RETURNED
10301,Ivy  MIA,11-22-2024,Hat,Clothing,7,20,Pending
10302,Eve  SF,06-11-2024,Tablet,Electronics,2,349.99,returned
10303,Frank  DAL,05-21-2024,Running Shoes,Sports,3,$89.99,pending
10304,Paul  CHI,01-07-2024,Water Bottle,Sports,1,$14.99,processing
10305,Olivia  LA,09-09-2024,TShirt,Clothing,6,25,returned
10306,Nate  NYC,03-07-2024,"""Tablet""",Electronics,10,349.99,Delivered
10307,Jack  PHX,12-11-2024,Toaster,Home,2,$29.99,shipped
10308,Nate  NYC,06-02-2024,Resistance Band,Sports,5,12,delivered
10309,Olivia  LA,28-11-2024,Tablet,Electronics,5,349.99,cancelled
10310,Charlie  CHI,04-06-2024,Sneakers,Clothing,9,75,delivered
10311,Nate  NYC,06-08-2024,Toaster,Home,1,29,cancelled
10312,Rose  DAL,04-05-2024,Clock,Home,6,19,returned
ORD-10313,Bob  LA,06/14/24,Blanket,Home,8,$34.99,Pending
10314,Tina  BOS,06-16-2024,Calculator,Office,2,24,RETURNED
10315,Ivy  MIA,15-06-2024,Running Shoes,Sports,9,89.99,returned
10316,Charlie  CHI,05-11-2024,Blender,Home,8,44.99,Pending
10317,Tina  BOS,06/27/24,Sneakers,Clothing,3,$75.00,Delivered
10318,Hank  BOS,05/27/24,Chair,Office,4,$199.99,processing
10319,Hank  BOS,10-07-2024,Jeans,Clothing,3,59,pending
10320,Alice  NYC,03/24/24,Water Bottle,Sports,6,14.99,cancelled
10321,Quinn  SF,26-12-2024,Coffee Maker,Home,4,59.99,Delivered
10322,Eve  SF,10-08-2024,Chair,Office,10,199.99,returned
10323,Rose  DAL,08-01-2024,Dress,Clothing,5,$49.99,RETURNED
10324,Jack  PHX,27-06-2024,Jump Rope,Sports,6,9,Pending
10325,Alice  NYC,11-05-2024,Sneakers,Clothing,10,75,Pending
10326,Leo  DEN,06-12-2024,Binder,Office,4,$5.99,RETURNED
10327,Nate  NYC,02/19/24,Resistance Band,Sports,7,12.99,RETURNED
10328,Nate  NYC,19-11-2024,USB Hub,Electronics,1,$19.99,delivered
10329,Karen  ATL,04-08-2024,Pillow,Home,4,24,cancelled
10330,Frank  DAL,02-08-2024,"""Laptop""",Electronics,5,799,Delivered
10331,Tina  BOS,01/22/2024,Coffee Maker,Home,8,$59.99,delivered
10332,Karen  ATL,20-06-2024,Hat,Clothing,2,20,Pending
10333,Charlie  CHI,24-10-2024,Socks,Clothing,6,9.99,shipped
10334,Paul  CHI,05-20-2024,Blanket,Home,9,34.99,returned
10335,Alice  NYC,03-29-2024,USB Hub,Electronics,2,19.99,RETURNED
10336,Grace  SEA,25-11-2024,Water Bottle,Sports,4,14.99,processing
10337,Tina  BOS,18-07-2024,Whiteboard,Office,7,49,RETURNED
10338,Eve  SF,05-11-2024,Blender,Home,9,44.99,RETURNED
10339,Eve  SF,07-14-2024,Dress,Clothing,1,50,RETURNED
10340,Quinn  SF,03/19/2024,Rug,Home,7,$89.99,processing
10341,Tina  BOS,02-11-2024,Tablet,Electronics,6,349,Pending
10342,Tina  BOS,04/27/2024,Binder,Office,6,5.99,Delivered
10343,Karen  ATL,14-10-2024,Dress,Clothing,8,49,cancelled
10344,Leo  DEN,08-07-2024,Pillow,Home,1,24.99,shipped
10345,Eve  SF,21-11-2024,"""Blender""",Home,4,45,Delivered
10346,Paul  CHI,06/20/24,Keyboard,Electronics,4,45,shipped
10347,Hank  BOS,04-01-2024,Notebook,Office,10,8.99,processing
10348,Frank  DAL,01-12-2024,Keyboard,Electronics,3,$45.00,delivered
10349,Nate  NYC,01-02-2024,Smartphone,Electronics,9,$699.99,RETURNED
10350,Hank  BOS,12-25-2024,Desk Lamp,Office,9,35,delivered
10351,Eve  SF,03-12-2024,Smartphone,Electronics,6,699,Pending
10352,Alice Smith,02/19/2024,Clock,Home,10,19.99,shipped
10353,Karen  ATL,04/22/2024,Notebook,Office,7,8,delivered
10354,Nate  NYC,09-04-2024,Jump Rope,Sports,3,9,delivered
ORD-10355,Ivy  MIA,07/18/24,Tablet,Electronics,8,349,cancelled
10356,Alice  NYC,09-08-2024,Mouse,Electronics,7,25,returned
10357,Rose  DAL,01-02-2024,Dress,Clothing,10,$49.99,pending
10358,Tina  BOS,02-06-2024,Whiteboard,Office,4,49.99,processing
10359,Rose  DAL,04-04-2024,Desk Lamp,Office,1,34.99,returned
10360,Mia  PDX,06/13/2024,Monitor,Electronics,5,$299.99,RETURNED
10361,Tina  BOS,01-06-2024,Mouse,Electronics,7,25,cancelled
10362,Sam  SEA,27-09-2024,"""Calculator""",Office,8,25,RETURNED
10363,Diana Prince,11-03-2024,Running Shoes,Sports,3,89,cancelled
10364,Frank  DAL,11/18/24,Running Shoes,Sports,1,89.99,cancelled
10365,Olivia  LA,11-12-2024,"""Water Bottle""",Sports,2,14.99,shipped
10366,Mia  PDX,14-07-2024,Tablet,Electronics,9,349.99,shipped
10367,Quinn  SF,04-12-2024,Desk Lamp,Office,10,34,RETURNED
10368,Charlie  CHI,08/16/2024,Stapler,Office,6,15,pending
10369,Rose  DAL,03-13-2024,Desk Lamp,Office,1,34.99,Pending
10370,Mia  PDX,27-02-2024,Dumbbell,Sports,4,39.99,Delivered
10371,Tina  BOS,11-04-2024,Resistance Band,Sports,6,12,processing
10372,Karen  ATL,11/27/24,Belt,Clothing,9,30,pending
10373,Sam  SEA,07/30/24,Dumbbell,Sports,7,40,delivered
10374,Nate  NYC,10/13/2024,Pen Set,Office,1,13,Pending
10375,Mia  PDX,06-12-2024,Headphones,Electronics,9,90,pending
10376,Mia  PDX,09-08-2024,Yoga Mat,Sports,2,29.99,cancelled
10377,Paul  CHI,09-02-2024,Hat,Clothing,8,$19.99,delivered
10378,Diana Prince,19-09-2024,"""Jump Rope""",Sports,8,9.99,returned
10379,Olivia  LA,22-11-2024,"""USB Hub""",Electronics,3,19,processing
10380,Karen  ATL,02/13/24,"""Water Bottle""",Sports,4,14.99,shipped
10381,Eve  SF,03-12-2024,Hat,Clothing,7,19.99,shipped
10382,Sam  SEA,10-08-2024,Dumbbell,Sports,5,39.99,processing
10383,Tina  BOS,05-05-2024,"""Yoga Mat""",Sports,5,29.99,shipped
ORD-10384,Frank  DAL,04/21/2024,Jeans,Clothing,6,60,delivered
10385,Olivia  LA,11-04-2024,Dumbbell,Sports,6,39,returned
10386,Rose  DAL,03/30/24,Stapler,Office,1,16,shipped
10387,Ivy  MIA,02-20-2024,Mouse,Electronics,9,25,shipped
10388,Hank  BOS,08-08-2024,Yoga Mat,Sports,7,$29.99,shipped
10389,Charlie  CHI,01/29/2024,Desk Lamp,Office,10,34.99,Pending
10390,Sam  SEA,20-03-2024,Binder,Office,3,5.99,delivered
10391,Bob  LA,02-10-2024,Pillow,Home,6,24,processing
10392,Olivia  LA,10/27/24,Notebook,Office,5,8.99,returned
10393,Leo  DEN,08-04-2024,Mouse,Electronics,10,25,Delivered
ORD-10394,Karen  ATL,03/21/2024,"""Tablet""",Electronics,2,349.99,RETURNED
10395,Leo  DEN,01-04-2024,Water Bottle,Sports,7,14.99,returned
10396,Nate  NYC,06/26/24,Desk Lamp,Office,9,34.99,Delivered
10397,Frank  DAL,07-05-2024,Jump Rope,Sports,3,9.99,pending
10398,Karen  ATL,04-05-2024,Sneakers,Clothing,7,75,Delivered
10399,Alice  NYC,03-25-2024,Chair,Office,6,200,Delivered
10400,Sam  SEA,10-09-2024,"""Dress""",Clothing,7,49.99,shipped
10401,Karen  ATL,06/14/24,Tablet,Electronics,9,349.99,returned
10402,Alice  NYC,12/22/24,Pen Set,Office,6,12.99,cancelled
10403,Jack  PHX,12-26-2024,"""Pen Set""",Office,6,12.99,pending
10404,Karen  ATL,10-12-2024,Clock,Home,3,19.99,shipped
10405,Diana  NYC,03-07-2024,"""Binder""",Office,3,5.99,pending
10406,Quinn  SF,09/29/2024,Hat,Clothing,7,19.99,delivered
10407,Olivia  LA,03-11-2024,Whiteboard,Office,3,49.99,returned
10408,Leo  DEN,17-05-2024,Jeans,Clothing,5,59.99,Pending
10409,Ivy  MIA,07/13/2024,Clock,Home,7,$19.99,returned
10410,Frank  DAL,30-10-2024,Dumbbell,Sports,1,39,Pending
10411,Karen  ATL,09/29/24,Desk Lamp,Office,2,34.99,pending
10412,Rose  DAL,12-10-2024,Sneakers,Clothing,6,75,processing
10413,Karen  ATL,10-10-2024,Tablet,Electronics,7,349.99,shipped
10414,Mia  PDX,26-06-2024,"""Monitor""",Electronics,1,$299.99,pending
10415,Frank  DAL,03-09-2024,Notebook,Office,5,8,RETURNED
10416,Mia  PDX,12-18-2024,Keyboard,Electronics,2,$45.00,delivered
10417,Olivia  LA,04-23-2024,Pen Set,Office,6,12.99,shipped
10418,Leo  DEN,09-11-2024,Hat,Clothing,4,19.99,RETURNED
10419,Rose  DAL,07-07-2024,Socks,Clothing,2,$9.99,cancelled
10420,Ivy  MIA,12-05-2024,Desk Lamp,Office,10,34.99,Pending
10421,Eve  SF,09-04-2024,"""Lamp""",Home,10,$39.99,delivered
10422,Nate  NYC,01-08-2024,Yoga Mat,Sports,3,$29.99,delivered
10423,Grace  SEA,04-06-2024,"""Sneakers""",Clothing,2,75,shipped
10424,Eve  SF,12-01-2024,Jump Rope,Sports,5,9,Delivered
10425,Charlie  CHI,08-03-2024,Tablet,Electronics,3,349.99,delivered
10426,Hank  BOS,05/21/2024,Coffee Maker,Home,2,59,cancelled
10427,Grace  SEA,08/30/2024,Yoga Mat,Sports,6,29.99,returned
10428,Charlie  CHI,11/22/24,Socks,Clothing,1,9,pending
10429,Bob  LA,08-10-2024,Headphones,Electronics,5,90,Delivered
10430,Karen  ATL,06-03-2024,Dumbbell,Sports,4,39.99,processing
10431,Grace  SEA,07-08-2024,Tablet,Electronics,4,349,Delivered
10432,Olivia  LA,30-06-2024,"""Blanket""",Home,4,34.99,Delivered
10433,Eve  SF,11/22/2024,Stapler,Office,4,16,Delivered
10434,Charlie  CHI,01-26-2024,Coffee Maker,Home,2,60,cancelled
10435,Nate  NYC,02/23/24,Keyboard,Electronics,8,45,delivered
10436,Grace  SEA,07-21-2024,Lamp,Home,10,39.99,delivered
10437,Alice  NYC,13-02-2024,Water Bottle,Sports,10,15,cancelled
10438,Charlie  CHI,28-06-2024,Whiteboard,Office,8,49,Delivered
10439,Diana  NYC,03/25/24,Coffee Maker,Home,2,59,RETURNED
10440,Grace  SEA,12-01-2024,Toaster,Home,6,30,cancelled
10441,Bob  LA,01-01-2024,"""Calculator""",Office,3,24,cancelled
ORD-10442,Sam  SEA,05/28/2024,Pen Set,Office,8,13,Delivered
10443,Hank  BOS,02/29/24,Coffee Maker,Home,10,59.99,delivered
ORD-10444,Alice Smith,27-06-2024,Sneakers,Clothing,1,$75.00,pending
10445,Rose  DAL,04/22/2024,Binder,Office,1,6,RETURNED
10446,Karen  ATL,03-01-2024,Jeans,Clothing,9,59,delivered
10447,Diana Prince,01-12-2024,Jacket,Clothing,4,$89.99,delivered
10448,Jack  PHX,02-08-2024,Blender,Home,7,$44.99,RETURNED
10449,Paul  CHI,09-12-2024,Blender,Home,3,44,pending
10450,Charlie  CHI,01-19-2024,Clock,Home,8,20,Pending
10451,Leo  DEN,05-06-2024,Smartphone,Electronics,2,$699.99,returned
10452,Charlie  CHI,05-08-2024,Rug,Home,8,90,RETURNED
10453,Paul  CHI,12/19/2024,Water Bottle,Sports,7,15,returned
10454,Paul  CHI,11-01-2024,Pillow,Home,2,24,cancelled
10455,Quinn  SF,07-16-2024,Notebook,Office,6,8.99,Pending
10456,Alice  NYC,01-08-2024,Toaster,Home,3,29.99,shipped
ORD-10457,Olivia  LA,06-08-2024,Dress,Clothing,4,50,processing
10458,Quinn  SF,23-01-2024,USB Hub,Electronics,10,$19.99,shipped
10459,Mia  PDX,25-05-2024,Resistance Band,Sports,4,$12.99,pending
10460,Mia  PDX,04/23/24,Belt,Clothing,3,$29.99,cancelled
10461,Ivy  MIA,10-11-2024,Laptop,Electronics,2,$799.99,processing
10462,Tina  BOS,28-11-2024,Headphones,Electronics,4,89,delivered
10463,Leo  DEN,12-04-2024,Monitor,Electronics,3,299.99,returned
10464,Eve  SF,12-20-2024,Resistance Band,Sports,9,13,Delivered
10465,Eve  SF,07-09-2024,Resistance Band,Sports,2,$12.99,Pending
10466,Frank  DAL,01/18/24,"""Yoga Mat""",Sports,6,29.99,returned
10467,Paul  CHI,04-06-2024,Blanket,Home,6,34.99,shipped
10468,Charlie  CHI,03-13-2024,Coffee Maker,Home,8,59.99,cancelled
10469,Karen  ATL,13-07-2024,Rug,Home,5,89,RETURNED
10470,Bob  LA,26-10-2024,Pillow,Home,8,24.99,Delivered
10471,Paul  CHI,02/29/24,Rug,Home,5,90,Pending
10472,Frank  DAL,03-13-2024,Running Shoes,Sports,2,$89.99,delivered
10473,Hank  BOS,03-11-2024,Rug,Home,9,90,returned
10474,Mia  PDX,10-03-2024,Jacket,Clothing,2,89.99,RETURNED
10475,Diana  NYC,30-04-2024,Notebook,Office,7,9,delivered
10476,Frank  DAL,04-08-2024,Clock,Home,4,19.99,processing
10477,Leo  DEN,05-02-2024,Belt,Clothing,5,30,shipped
ORD-10478,Ivy  MIA,02/23/2024,Water Bottle,Sports,9,14.99,shipped
ORD-10479,Karen  ATL,07-01-2024,Jump Rope,Sports,2,9.99,shipped
10480,Tina  BOS,09-22-2024,Pen Set,Office,4,12.99,processing
10481,Charlie  CHI,06/26/2024,"""Water Bottle""",Sports,5,14.99,cancelled
10482,Karen  ATL,26-10-2024,"""Resistance Band""",Sports,2,13,Pending
10483,Leo  DEN,05-14-2024,Blender,Home,10,44,cancelled
10484,Grace  SEA,22-11-2024,Mouse,Electronics,9,$25.00,returned
10485,Ivy  MIA,27-10-2024,"""Blanket""",Home,3,$34.99,processing
10486,Eve  SF,03/27/2024,TShirt,Clothing,9,25,shipped
10487,Hank  BOS,03-10-2024,Desk Lamp,Office,9,34,cancelled
10488,Rose  DAL,21-11-2024,Smartphone,Electronics,8,699.99,processing
10489,Rose  DAL,04-15-2024,Whiteboard,Office,2,49,cancelled
10490,Frank  DAL,02-08-2024,Hat,Clothing,6,20,returned
10491,Tina  BOS,02/22/2024,Hat,Clothing,1,19,Delivered
10492,Hank  BOS,15-05-2024,"""Stapler""",Office,6,15.99,delivered
10493,Jack  PHX,09/24/2024,Keyboard,Electronics,5,45,Delivered
10494,Alice  NYC,08-04-2024,Notebook,Office,4,9,cancelled
10495,Jack  PHX,31-10-2024,Dumbbell,Sports,6,39,processing
10496,Diana Prince,03-26-2024,"""Coffee Maker""",Home,5,$59.99,RETURNED
ORD-10497,Ivy  MIA,20-07-2024,Clock,Home,2,19,cancelled
10498,Charlie  CHI,18-12-2024,Jeans,Clothing,7,$59.99,Delivered
10499,Nate  NYC,01/21/24,"""Water Bottle""",Sports,8,14,delivered
10500,Bob  LA,16-07-2024,Sneakers,Clothing,7,75,pending
10501,Bob  LA,12-25-2024,Jump Rope,Sports,9,9.99,shipped
10502,Bob  LA,11/18/2024,Chair,Office,8,199,shipped
10503,Jack  PHX,10-31-2024,Notebook,Office,2,9,returned
10504,Diana Prince,04-15-2024,Calculator,Office,1,25,delivered
10505,Alice  NYC,30-09-2024,"""Coffee Maker""",Home,10,59.99,RETURNED
10506,Grace  SEA,24-12-2024,Whiteboard,Office,5,49.99,returned
ORD-10507,Olivia  LA,04/29/2024,Dress,Clothing,7,49.99,RETURNED
10508,Alice Smith,21-03-2024,Stapler,Office,7,16,pending
ORD-10509,Karen  ATL,09-06-2024,Monitor,Electronics,7,299.99,delivered
10510,Frank  DAL,03-03-2024,"""Yoga Mat""",Sports,4,30,pending
10511,Grace  SEA,21-03-2024,Yoga Mat,Sports,8,$29.99,cancelled
10512,Alice  NYC,02/18/24,Chair,Office,3,$199.99,returned
10513,Karen  ATL,11-10-2024,Dumbbell,Sports,1,39,delivered
10514,Frank  DAL,21-07-2024,Belt,Clothing,4,29.99,cancelled
10515,Eve  SF,20-05-2024,"""Smartphone""",Electronics,9,699.99,processing
ORD-10516,Jack  PHX,10-07-2024,Webcam,Electronics,6,59.99,processing
10517,Grace  SEA,16-08-2024,Desk Lamp,Office,1,34.99,cancelled
10518,Alice Smith,03/16/2024,Jump Rope,Sports,2,9.99,cancelled
10519,Frank  DAL,27-06-2024,Water Bottle,Sports,10,$14.99,delivered
10520,Nate  NYC,17-11-2024,Jump Rope,Sports,1,10,Pending
10521,Alice  NYC,04-03-2024,Mouse,Electronics,1,25,Delivered
ORD-10522,Sam  SEA,10-07-2024,Belt,Clothing,9,29.99,returned
10523,Eve  SF,06/17/24,Belt,Clothing,7,30,Pending
ORD-10524,Rose  DAL,01-01-2024,Webcam,Electronics,2,59.99,shipped
10525,Hank  BOS,23-03-2024,Notebook,Office,1,8,pending
10526,Paul  CHI,04-05-2024,Belt,Clothing,9,$29.99,cancelled
10527,Frank  DAL,21-11-2024,Jacket,Clothing,1,89.99,delivered
10528,Frank  DAL,08-04-2024,Jeans,Clothing,5,$59.99,Delivered
10529,Hank  BOS,10/27/2024,Toaster,Home,3,$29.99,pending
10530,Alice  NYC,11-20-2024,Dress,Clothing,10,49,Delivered
10531,Olivia  LA,31-08-2024,Binder,Office,10,5.99,pending
10532,Paul  CHI,05-24-2024,Resistance Band,Sports,8,12.99,Pending
10533,Sam  SEA,03-10-2024,"""Clock""",Home,3,19.99,delivered
10534,Jack  PHX,11-21-2024,Binder,Office,5,5.99,Pending
10535,Paul  CHI,07/25/24,Smartphone,Electronics,5,700,pending
10536,Alice  NYC,10-03-2024,Calculator,Office,2,24.99,Pending
10537,Diana  NYC,04/24/24,Monitor,Electronics,4,300,delivered
ORD-10538,Nate  NYC,09-21-2024,Jacket,Clothing,10,89,processing
10539,Karen  ATL,25-11-2024,Jump Rope,Sports,8,9.99,processing
10540,Charlie  CHI,04-11-2024,"""Jump Rope""",Sports,7,9,processing
10541,Rose  DAL,10/14/24,Monitor,Electronics,8,299.99,shipped
10542,Grace  SEA,12-06-2024,Belt,Clothing,8,29.99,Delivered
10543,Karen  ATL,08-01-2024,TShirt,Clothing,3,25,cancelled
10544,Bob  LA,10-01-2024,Pillow,Home,5,$24.99,processing
10545,Eve  SF,26-06-2024,Water Bottle,Sports,5,15,delivered
ORD-10546,Diana  NYC,09/15/24,Water Bottle,Sports,1,15,Pending
10547,Mia  PDX,11-05-2024,Running Shoes,Sports,5,90,pending
10548,Rose  DAL,05/31/24,Notebook,Office,7,8.99,processing
10549,Sam  SEA,09-09-2024,Charger,Electronics,4,15,shipped
10550,Paul  CHI,31-05-2024,Dumbbell,Sports,7,$39.99,processing
10551,Jack  PHX,08/13/24,Tablet,Electronics,8,$349.99,cancelled
10552,Tina  BOS,11-29-2024,Chair,Office,10,199.99,RETURNED
10553,Nate  NYC,08-11-2024,Water Bottle,Sports,6,14.99,shipped
10554,Tina  BOS,05-11-2024,Socks,Clothing,10,9.99,processing
10555,Quinn  SF,13-11-2024,Toaster,Home,2,$29.99,shipped
10556,Hank  BOS,09-11-2024,Headphones,Electronics,8,89.99,returned
10557,Jack  PHX,02-04-2024,Pillow,Home,10,24.99,cancelled
10558,Hank  BOS,17-10-2024,Jump Rope,Sports,5,10,Delivered
ORD-10559,Alice  NYC,07-10-2024,Tablet,Electronics,7,349,delivered
10560,Jack  PHX,11-07-2024,Pen Set,Office,6,$12.99,pending
ORD-10561,Jack  PHX,08-29-2024,"""Pen Set""",Office,9,12,Delivered
10562,Grace  SEA,26-09-2024,Binder,Office,9,5,Delivered
10563,Olivia  LA,08-10-2024,Pen Set,Office,3,12.99,cancelled
10564,Grace  SEA,10-08-2024,Keyboard,Electronics,3,45,cancelled
10565,Ivy  MIA,08/14/24,Resistance Band,Sports,7,12.99,processing
10566,Frank  DAL,04/22/24,Clock,Home,5,19.99,shipped
10567,Hank  BOS,03-30-2024,Blender,Home,2,44,pending
10568,Hank  BOS,09/25/2024,Water Bottle,Sports,9,$14.99,RETURNED
10569,Rose  DAL,21-12-2024,Running Shoes,Sports,5,89.99,pending
10570,Jack  PHX,05-08-2024,"""Keyboard""",Electronics,5,45,returned
10571,Ivy  MIA,11-15-2024,Hat,Clothing,9,$19.99,pending
10572,Ivy  MIA,03-06-2024,Belt,Clothing,2,30,RETURNED
10573,Quinn  SF,19-01-2024,Yoga Mat,Sports,1,$29.99,Delivered
10574,Karen  ATL,10-10-2024,Blender,Home,5,44.99,delivered
10575,Hank  BOS,02-04-2024,"""Notebook""",Office,6,9,pending
10576,Ivy  MIA,09/14/2024,USB Hub,Electronics,3,19,processing
10577,Hank  BOS,05-03-2024,Notebook,Office,10,8,RETURNED
10578,Paul  CHI,09-05-2024,Monitor,Electronics,7,300,returned
10579,Hank  BOS,07/25/2024,Tablet,Electronics,3,349.99,returned
10580,Karen  ATL,10-09-2024,Pillow,Home,9,24,Pending
10581,Diana  NYC,11/27/24,Charger,Electronics,7,15,RETURNED
10582,Hank  BOS,02/28/24,Coffee Maker,Home,2,60,Pending
10583,Frank  DAL,09-06-2024,Stapler,Office,7,15.99,cancelled
10584,Diana  NYC,03-10-2024,Jeans,Clothing,5,59.99,returned
10585,Paul  CHI,09-02-2024,"""Binder""",Office,7,5.99,shipped
10586,Charlie  CHI,15-01-2024,Resistance Band,Sports,5,$12.99,returned
10587,Hank  BOS,12/15/24,USB Hub,Electronics,10,20,shipped
ORD-10588,Hank  BOS,05/27/24,Headphones,Electronics,3,89.99,pending
10589,Frank  DAL,31-12-2024,Keyboard,Electronics,9,$45.00,processing
10590,Leo  DEN,16-11-2024,Clock,Home,5,$19.99,pending
10591,Karen  ATL,02/19/24,Keyboard,Electronics,,$45.00,returned
10592,Mia  PDX,08-07-2024,Pillow,Home,7,24,delivered
10593,Quinn  SF,07/27/2024,Desk Lamp,Office,6,$34.99,Delivered
10594,Nate  NYC,11/14/24,Webcam,Electronics,1,59.99,RETURNED
10595,Ivy  MIA,02-08-2024,Monitor,Electronics,10,300,Pending
10596,Nate  NYC,24-03-2024,"""Sneakers""",Clothing,9,75,Delivered
10597,Grace  SEA,06-09-2024,Clock,Home,9,19,Delivered
10598,Ivy  MIA,17-01-2024,USB Hub,Electronics,6,19.99,processing
10599,Frank  DAL,04-06-2024,Mouse,Electronics,5,25,Pending
10600,Nate  NYC,11/26/24,Resistance Band,Sports,8,$12.99,returned
10601,Charlie  CHI,07-17-2024,Running Shoes,Sports,6,89,Pending
10602,Tina  BOS,05/23/2024,Desk Lamp,Office,1,34,Pending
10603,Diana  NYC,07/23/24,Rug,Home,9,89.99,processing
10604,Frank  DAL,09/23/2024,Mouse,Electronics,4,25,shipped
10605,Paul  CHI,07/13/2024,Charger,Electronics,5,14.99,Delivered
10606,Mia  PDX,02-07-2024,Calculator,Office,7,$24.99,returned
10607,Tina  BOS,07/16/24,USB Hub,Electronics,9,$19.99,delivered
10608,Karen  ATL,05-12-2024,Coffee Maker,Home,4,59.99,cancelled
ORD-10609,Olivia  LA,05/14/24,Dumbbell,Sports,3,39,Delivered
10610,Sam  SEA,06/17/24,USB Hub,Electronics,4,19.99,Pending
10611,Paul  CHI,02-11-2024,Blanket,Home,1,34,returned
10612,Grace  SEA,01/14/2024,Water Bottle,Sports,3,14,cancelled
10613,Diana  NYC,08/19/24,Desk Lamp,Office,5,34.99,cancelled
10614,Bob  LA,17-04-2024,Belt,Clothing,8,29.99,RETURNED
10615,Eve  SF,21-01-2024,Calculator,Office,6,24.99,Delivered
10616,Diana Prince,10/25/24,Sneakers,Clothing,8,75,RETURNED
10617,Ivy  MIA,26-05-2024,Pillow,Home,2,25,delivered
10618,Paul  CHI,11-07-2024,Smartphone,Electronics,2,699.99,delivered
10619,Karen  ATL,02-08-2024,Blender,Home,9,44,Pending
10620,Mia  PDX,12-26-2024,Headphones,Electronics,9,89.99,Pending
ORD-10621,Tina  BOS,09/24/24,Jeans,Clothing,8,59.99,cancelled
10622,Mia  PDX,03-23-2024,Keyboard,Electronics,4,45,returned
10623,Nate  NYC,09-12-2024,Laptop,Electronics,9,799,Delivered
10624,Hank  BOS,15-04-2024,Keyboard,Electronics,10,45,Pending
10625,Ivy  MIA,18-09-2024,Blanket,Home,9,$34.99,shipped
10626,Hank  BOS,02-05-2024,Water Bottle,Sports,8,14.99,returned
10627,Frank  DAL,02-08-2024,Running Shoes,Sports,9,$89.99,Pending
10628,Charlie  CHI,12-09-2024,Hat,Clothing,1,19.99,pending
10629,Alice Smith,09-11-2024,Toaster,Home,10,29.99,Delivered
10630,Quinn  SF,11-23-2024,Jump Rope,Sports,3,9.99,cancelled
10631,Karen  ATL,08/23/2024,Sneakers,Clothing,1,$75.00,shipped
10632,Grace  SEA,27-02-2024,Yoga Mat,Sports,8,30,delivered
10633,Ivy  MIA,29-07-2024,Desk Lamp,Office,1,34.99,shipped
10634,Hank  BOS,04-03-2024,Rug,Home,6,89,pending
10635,Grace  SEA,14-10-2024,"""Blanket""",Home,3,35,cancelled
10636,Alice Smith,12-02-2024,"""Tablet""",Electronics,7,349.99,Delivered
10637,Olivia  LA,08-12-2024,Blender,Home,5,44.99,returned
10638,Nate  NYC,07-05-2024,Laptop,Electronics,6,799,returned
10639,Hank  BOS,19-07-2024,Tablet,Electronics,2,349.99,processing
10640,Leo  DEN,09/20/2024,Clock,Home,9,$19.99,shipped
10641,Karen  ATL,16-05-2024,"""Whiteboard""",Office,3,$49.99,Delivered
10642,Quinn  SF,23-11-2024,Dumbbell,Sports,8,40,processing
10643,Nate  NYC,17-07-2024,Dumbbell,Sports,7,$39.99,pending
10644,Olivia  LA,08/15/24,Headphones,Electronics,9,89,returned
10645,Olivia  LA,09/14/2024,USB Hub,Electronics,2,19,processing
10646,Grace  SEA,10-07-2024,Yoga Mat,Sports,8,29.99,Pending
10647,Olivia  LA,09/14/24,Tablet,Electronics,3,349.99,cancelled
10648,Frank  DAL,02-18-2024,Socks,Clothing,7,9.99,cancelled
10649,Rose  DAL,10/25/2024,Hat,Clothing,10,19.99,shipped
10650,Nate  NYC,09-11-2024,Water Bottle,Sports,10,15,pending
10651,Bob  LA,02/24/24,"""Belt""",Clothing,1,29.99,returned
10652,Karen  ATL,03/29/2024,Clock,Home,5,19,Delivered
10653,Mia  PDX,21-10-2024,Jacket,Clothing,9,$89.99,shipped
10654,Leo  DEN,05-10-2024,Toaster,Home,9,30,shipped
10655,Jack  PHX,08-10-2024,"""Running Shoes""",Sports,10,89.99,returned
10656,Eve  SF,02-02-2024,Jacket,Clothing,2,N/A,Delivered
10657,Rose  DAL,05-08-2024,"""Binder""",Office,3,5.99,shipped
10658,Karen  ATL,14-08-2024,Binder,Office,5,5,RETURNED
10659,Bob  LA,21-04-2024,Coffee Maker,Home,8,$59.99,Delivered
10660,Jack  PHX,04-08-2024,Charger,Electronics,1,14,returned
10661,Nate  NYC,12-01-2024,Pen Set,Office,9,$12.99,pending
10662,Rose  DAL,15-08-2024,Pen Set,Office,6,$12.99,returned
10663,Hank  BOS,03-17-2024,Tablet,Electronics,9,349.99,RETURNED
ORD-10664,Hank  BOS,06/28/24,Belt,Clothing,3,$29.99,Delivered
10665,Quinn  SF,04-12-2024,Clock,Home,2,20,cancelled
10666,Rose  DAL,25-11-2024,Dumbbell,Sports,7,40,delivered
10667,Quinn  SF,05-10-2024,Hat,Clothing,8,19.99,cancelled
10668,Sam  SEA,03-06-2024,Blanket,Home,4,34.99,delivered
10669,Charlie  CHI,31-12-2024,Socks,Clothing,4,9.99,pending
10670,Diana  NYC,21-06-2024,Sneakers,Clothing,5,75,returned
10671,Paul  CHI,03-09-2024,"""Notebook""",Office,7,8,delivered
10672,Grace  SEA,30-08-2024,USB Hub,Electronics,1,$19.99,Delivered
10673,Leo  DEN,10/24/2024,Socks,Clothing,4,9,delivered
10674,Hank  BOS,02-11-2024,Running Shoes,Sports,2,89,shipped
10675,Rose  DAL,06/24/2024,TShirt,Clothing,5,25,processing
10676,Leo  DEN,08-12-2024,"""Jacket""",Clothing,4,89.99,shipped
10677,Charlie  CHI,01-11-2024,"""Dumbbell""",Sports,2,39,shipped
10678,Leo  DEN,02-07-2024,Binder,Office,5,5.99,Delivered
10679,Rose  DAL,05/26/2024,Water Bottle,Sports,2,14,RETURNED
10680,Hank  BOS,29-09-2024,Blender,Home,1,$44.99,Delivered
10681,Diana  NYC,03/13/24,Whiteboard,Office,10,49.99,delivered
10682,Grace  SEA,19-10-2024,"""Blanket""",Home,1,34,RETURNED
10683,Charlie  CHI,01-01-2024,Rug,Home,2,89.99,shipped
10684,Tina  BOS,25-06-2024,Sneakers,Clothing,8,75,delivered
10685,Quinn  SF,13-01-2024,Tablet,Electronics,8,349.99,pending
10686,Eve  SF,05/29/24,Lamp,Home,6,$39.99,delivered
ORD-10687,Jack  PHX,10-09-2024,Monitor,Electronics,3,299.99,Delivered
10688,Charlie  CHI,03-14-2024,Smartphone,Electronics,5,$699.99,RETURNED
10689,Nate  NYC,09/19/2024,Hat,Clothing,3,20,shipped
10690,Jack  PHX,19-03-2024,Dress,Clothing,8,49.99,cancelled
10691,Jack  PHX,17-02-2024,Clock,Home,4,19,delivered
10692,Rose  DAL,03/23/2024,Pillow,Home,9,24.99,delivered
10693,Ivy  MIA,06-18-2024,Mouse,Electronics,1,25,RETURNED
10694,Bob  LA,05-09-2024,USB Hub,Electronics,5,19,shipped
10695,Diana  NYC,23-12-2024,Notebook,Office,5,9,shipped
10696,Mia  PDX,09-05-2024,Mouse,Electronics,5,25,returned
10697,Jack  PHX,06/29/24,Blanket,Home,7,$34.99,returned
10698,Alice Smith,04/19/2024,Smartphone,Electronics,9,700,cancelled
10699,Rose  DAL,22-12-2024,"""Calculator""",Office,8,24.99,cancelled
10700,Karen  ATL,08/22/2024,Jacket,Clothing,4,$89.99,returned
10701,Frank  DAL,21-07-2024,Keyboard,Electronics,3,45,pending
ORD-10702,Frank  DAL,16-03-2024,Pen Set,Office,2,$12.99,cancelled
10703,Ivy  MIA,12-09-2024,Lamp,Home,5,40,cancelled
10704,Frank  DAL,16-03-2024,"""Tablet""",Electronics,9,350,Pending
10705,Sam  SEA,06/29/2024,Jump Rope,Sports,9,9.99,delivered
10706,Charlie  CHI,05-12-2024,Running Shoes,Sports,3,89.99,Pending
10707,Ivy  MIA,05/18/24,"""Blanket""",Home,4,34.99,delivered
10708,Quinn  SF,10-10-2024,Pillow,Home,7,24.99,Delivered
10709,Ivy  MIA,09/18/24,Stapler,Office,4,15,returned
10710,Bob  LA,01-05-2024,Water Bottle,Sports,10,14,Delivered
10711,Rose  DAL,24-08-2024,Jacket,Clothing,8,90,returned
10712,Mia  PDX,03-14-2024,"""Binder""",Office,7,5.99,returned
10713,Jack  PHX,03-18-2024,Rug,Home,2,89.99,RETURNED
10714,Jack  PHX,26-03-2024,Jump Rope,Sports,2,$9.99,shipped
10715,Paul  CHI,19-09-2024,Dumbbell,Sports,9,40,Delivered
10716,Paul  CHI,11-29-2024,Calculator,Office,2,24,Delivered
10717,Mia  PDX,29-08-2024,"""Pen Set""",Office,3,$12.99,shipped
10718,Tina  BOS,09-03-2024,Notebook,Office,2,9,cancelled
10719,Rose  DAL,08-07-2024,Whiteboard,Office,6,50,returned
10720,Leo  DEN,08/13/2024,Headphones,Electronics,3,89.99,processing
10721,Paul  CHI,08/21/24,Tablet,Electronics,3,349.99,RETURNED
ORD-10722,Frank  DAL,07-12-2024,Hat,Clothing,5,19.99,shipped
10723,Quinn  SF,03/26/24,Pen Set,Office,5,12.99,delivered
10724,Hank  BOS,01-03-2024,Desk Lamp,Office,2,34,cancelled
10725,Sam  SEA,16-04-2024,"""Dumbbell""",Sports,3,$39.99,shipped
10726,Jack  PHX,26-04-2024,Jeans,Clothing,10,$59.99,returned
10727,Bob  LA,10-30-2024,Notebook,Office,10,8.99,returned
10728,Ivy  MIA,06-05-2024,"""Coffee Maker""",Home,1,59.99,processing
10729,Frank  DAL,18-12-2024,Yoga Mat,Sports,4,$29.99,delivered
10730,Tina  BOS,03-07-2024,Resistance Band,Sports,1,$12.99,returned
10731,Tina  BOS,04-07-2024,Blender,Home,3,44.99,RETURNED
10732,Grace  SEA,12-02-2024,Toaster,Home,2,$29.99,Pending
10733,Sam  SEA,10/26/2024,Water Bottle,Sports,6,14,processing
10734,Paul  CHI,10-18-2024,Chair,Office,5,199,cancelled
10735,Mia  PDX,05-14-2024,Mouse,Electronics,5,$25.00,cancelled
10736,Alice Smith,04/17/24,Yoga Mat,Sports,3,29.99,pending
10737,Quinn  SF,26-11-2024,Dumbbell,Sports,3,39.99,pending
10738,Hank  BOS,01/14/2024,Jeans,Clothing,7,59.99,delivered
ORD-10739,Grace  SEA,07-10-2024,Coffee Maker,Home,9,$59.99,delivered
10740,Paul  CHI,11-03-2024,Binder,Office,2,6,Pending
10741,Jack  PHX,18-12-2024,Charger,Electronics,9,14,RETURNED
10742,Mia  PDX,02/13/2024,Dumbbell,Sports,4,$39.99,cancelled
10743,Rose  DAL,09-05-2024,Binder,Office,10,$5.99,pending
10744,Rose  DAL,11-08-2024,Mouse,Electronics,6,25,RETURNED
10745,Frank  DAL,28-02-2024,Smartphone,Electronics,4,$699.99,Delivered
10746,Mia  PDX,03-26-2024,Binder,Office,7,6,shipped
10747,Jack  PHX,03/18/24,Running Shoes,Sports,5,89.99,Delivered
ORD-10748,Leo  DEN,09-12-2024,Blanket,Home,6,34,pending
10749,Rose  DAL,13-05-2024,Notebook,Office,9,8.99,processing
10750,Ivy  MIA,10/29/2024,Stapler,Office,6,15.99,processing
10751,Eve  SF,18-07-2024,Dress,Clothing,4,49.99,Pending
10752,Alice Smith,11-11-2024,Tablet,Electronics,6,349.99,RETURNED
10753,Tina  BOS,02-02-2024,Calculator,Office,6,24,RETURNED
10754,Paul  CHI,27-12-2024,Blanket,Home,1,$34.99,Pending
10755,Paul  CHI,04-07-2024,Chair,Office,9,200,delivered
10756,Grace  SEA,05-04-2024,Hat,Clothing,9,19.99,Pending
10757,Diana  NYC,06/30/24,Notebook,Office,9,8.99,delivered
10758,Tina  BOS,06/30/2024,Yoga Mat,Sports,8,29,pending
10759,Bob  LA,14-08-2024,Belt,Clothing,9,29,pending
10760,Bob  LA,04-08-2024,Binder,Office,6,5.99,returned
10761,Paul  CHI,01-11-2024,Sneakers,Clothing,1,75,shipped
10762,Nate  NYC,25-05-2024,Pillow,Home,9,24.99,returned
10763,Olivia  LA,10-30-2024,Resistance Band,Sports,5,12.99,pending
10764,Sam  SEA,30-03-2024,Running Shoes,Sports,6,89.99,Delivered
10765,Tina  BOS,08/17/2024,USB Hub,Electronics,1,19,cancelled
10766,Bob  LA,08/22/24,Hat,Clothing,8,19,pending
10767,Olivia  LA,07-09-2024,"""Jacket""",Clothing,1,89,RETURNED
ORD-10768,Paul  CHI,03/29/2024,"""Rug""",Home,10,89.99,processing
10769,Rose  DAL,01/20/24,Jeans,Clothing,5,59.99,processing
10770,Sam  SEA,10/15/24,"""Lamp""",Home,4,39.99,RETURNED
10771,Grace  SEA,16-04-2024,Dress,Clothing,2,49.99,returned
10772,Leo  DEN,10-07-2024,Dumbbell,Sports,5,39,Pending
ORD-10773,Eve  SF,09-03-2024,Running Shoes,Sports,2,90,Delivered
10774,Tina  BOS,06/22/24,Calculator,Office,3,$24.99,shipped
10775,Sam  SEA,08-04-2024,Dress,Clothing,5,49.99,Pending
10776,Grace  SEA,08-08-2024,"""Jeans""",Clothing,6,60,Delivered
10777,Sam  SEA,05-02-2024,Lamp,Home,10,40,shipped
10778,Rose  DAL,18-05-2024,USB Hub,Electronics,9,19,delivered
10779,Nate  NYC,11-04-2024,Coffee Maker,Home,8,60,Delivered
10780,Mia  PDX,21-06-2024,Webcam,Electronics,7,$59.99,returned
10781,Bob  LA,25-03-2024,Water Bottle,Sports,8,14,cancelled
10782,Tina  BOS,08-05-2024,Jeans,Clothing,7,59.99,RETURNED
10783,Mia  PDX,29-11-2024,TShirt,Clothing,7,25,cancelled
10784,Grace  SEA,29-09-2024,Keyboard,Electronics,6,$45.00,delivered
10785,Bob  LA,25-05-2024,Socks,Clothing,3,10,shipped
10786,Rose  DAL,20-01-2024,Sneakers,Clothing,7,75,shipped
10787,Nate  NYC,07/28/2024,Pillow,Home,9,24.99,Pending
10788,Tina  BOS,11-06-2024,Blender,Home,3,44.99,cancelled
10789,Frank  DAL,02-09-2024,Clock,Home,3,$19.99,shipped
10790,Frank  DAL,02/29/2024,TShirt,Clothing,7,25,processing
10791,Sam  SEA,07/16/2024,Clock,Home,5,19,Pending
10792,Tina  BOS,11/26/2024,Toaster,Home,1,29.99,cancelled
10793,Bob  LA,03-01-2024,Dress,Clothing,6,49.99,Pending
10794,Bob  LA,03-24-2024,Hat,Clothing,7,$19.99,shipped
10795,Bob  LA,06-28-2024,"""Hat""",Clothing,7,19.99,Delivered
10796,Tina  BOS,08-07-2024,Blanket,Home,1,34.99,returned
10797,Alice  NYC,09-19-2024,Resistance Band,Sports,7,13,delivered
10798,Quinn  SF,07-10-2024,Rug,Home,2,89,shipped
10799,Mia  PDX,07-07-2024,Pillow,Home,6,24,shipped
10800,Jack  PHX,02/29/24,"""Dress""",Clothing,5,49.99,delivered
10801,Grace  SEA,05/13/24,"""Headphones""",Electronics,5,90,processing
ORD-10802,Olivia  LA,26-12-2024,Dumbbell,Sports,9,$39.99,delivered
10803,Mia  PDX,11-04-2024,Toaster,Home,4,29,delivered
10804,Rose  DAL,11-01-2024,Rug,Home,8,$89.99,delivered
10805,Hank  BOS,09-22-2024,Running Shoes,Sports,5,$89.99,cancelled
10806,Nate  NYC,09/17/2024,USB Hub,Electronics,4,19.99,processing
10807,Karen  ATL,05/15/2024,Pillow,Home,4,25,Pending
10808,Sam  SEA,13-03-2024,Socks,Clothing,6,10,RETURNED
10809,Tina  BOS,12-11-2024,Jump Rope,Sports,4,$9.99,shipped
10810,Paul  CHI,19-02-2024,"""Dress""",Clothing,4,50,processing
10811,Rose  DAL,12-05-2024,Hat,Clothing,6,20,shipped
10812,Frank  DAL,09-01-2024,Yoga Mat,Sports,10,30,returned
10813,Olivia  LA,22-01-2024,Chair,Office,3,199.99,shipped
10814,Quinn  SF,12-11-2024,Running Shoes,Sports,5,$89.99,pending
10815,Nate  NYC,11/18/24,Hat,Clothing,2,19.99,pending
10816,Rose  DAL,06-09-2024,Smartphone,Electronics,4,$699.99,Delivered
10817,Quinn  SF,09-15-2024,Desk Lamp,Office,9,34,RETURNED
10818,Tina  BOS,16-08-2024,Socks,Clothing,10,$9.99,Pending
10819,Rose  DAL,12-19-2024,Lamp,Home,2,39.99,RETURNED
10820,Nate  NYC,04-01-2024,Jacket,Clothing,8,89.99,Pending
10821,Hank  BOS,28-03-2024,Desk Lamp,Office,1,35,cancelled
10822,Tina  BOS,11-08-2024,Blanket,Home,9,35,delivered
10823,Alice  NYC,07-12-2024,Monitor,Electronics,3,299.99,processing
10824,Diana  NYC,06-13-2024,Whiteboard,Office,7,$49.99,processing
10825,Leo  DEN,11/27/24,Blanket,Home,6,$34.99,returned
10826,Grace  SEA,28-12-2024,"""Chair""",Office,5,199,RETURNED
10827,Frank  DAL,19-03-2024,Rug,Home,9,90,cancelled
10828,Frank  DAL,04-06-2024,Clock,Home,9,19.99,Pending
10829,Paul  CHI,24-05-2024,"""TShirt""",Clothing,4,25,delivered
10830,Tina  BOS,04-05-2024,Monitor,Electronics,10,299.99,RETURNED
10831,Bob  LA,03-05-2024,Smartphone,Electronics,8,$699.99,RETURNED
10832,Bob  LA,09/17/2024,Clock,Home,4,$19.99,returned
10833,Charlie  CHI,30-11-2024,Yoga Mat,Sports,9,$29.99,cancelled
10834,Rose  DAL,30-05-2024,Jacket,Clothing,8,90,RETURNED
10835,Sam  SEA,12-29-2024,Dumbbell,Sports,2,39.99,pending
10836,Olivia  LA,03-04-2024,Rug,Home,7,89.99,delivered
10837,Ivy  MIA,08-01-2024,Pen Set,Office,5,12.99,delivered
10838,Olivia  LA,12/23/2024,Blender,Home,5,45,delivered
10839,Sam  SEA,12/16/24,Dumbbell,Sports,2,$39.99,delivered
10840,Olivia  LA,02/14/2024,Running Shoes,Sports,4,89.99,RETURNED
10841,Mia  PDX,06/18/2024,Blanket,Home,5,34,Pending
10842,Charlie  CHI,11-06-2024,Chair,Office,1,199,delivered
10843,Eve  SF,04/30/24,Jump Rope,Sports,8,9.99,RETURNED
10844,Paul  CHI,05-12-2024,Running Shoes,Sports,2,90,returned
10845,Grace  SEA,01-26-2024,Keyboard,Electronics,2,45,cancelled
10846,Paul  CHI,08-30-2024,Calculator,Office,5,24,processing
10847,Alice Smith,08-02-2024,"""Jacket""",Clothing,7,$89.99,shipped
10848,Eve  SF,05/23/24,Yoga Mat,Sports,5,$29.99,Pending
10849,Bob  LA,28-10-2024,Toaster,Home,10,29.99,RETURNED
10850,Jack  PHX,09-27-2024,Binder,Office,4,6,pending
10851,Quinn  SF,04-12-2024,Dress,Clothing,5,$49.99,cancelled
10852,Ivy  MIA,02/20/2024,Resistance Band,Sports,1,12.99,delivered
10853,Grace  SEA,04-07-2024,Blender,Home,5,44,pending
10854,Eve  SF,07-10-2024,Pillow,Home,10,24.99,Delivered
10855,Hank  BOS,24-02-2024,Whiteboard,Office,6,49.99,RETURNED
10856,Paul  CHI,01-02-2024,"""TShirt""",Clothing,3,25,shipped
10857,Paul  CHI,05-06-2024,Lamp,Home,1,40,pending
10858,Alice  NYC,30-08-2024,Hat,Clothing,10,20,cancelled
10859,Bob  LA,03-07-2024,Jeans,Clothing,3,59.99,delivered
10860,Hank  BOS,20-07-2024,Blanket,Home,2,34.99,pending
10861,Eve  SF,12-12-2024,TShirt,Clothing,9,25,RETURNED
10862,Olivia  LA,28-09-2024,Blender,Home,4,44.99,processing
10863,Leo  DEN,10-21-2024,Mouse,Electronics,8,25,delivered
10864,Sam  SEA,01-01-2024,Tablet,Electronics,8,349.99,delivered
10865,Quinn  SF,07-29-2024,Socks,Clothing,10,10,delivered
10866,Sam  SEA,06-04-2024,Binder,Office,3,6,returned
10867,Tina  BOS,05/29/2024,Running Shoes,Sports,6,90,RETURNED
10868,Leo  DEN,09-07-2024,Resistance Band,Sports,2,12,pending
10869,Hank  BOS,07-04-2024,Belt,Clothing,6,29,cancelled
10870,Olivia  LA,07/15/2024,Jump Rope,Sports,5,9,Pending
10871,Charlie  CHI,29-12-2024,Blender,Home,7,44.99,RETURNED
ORD-10872,Grace  SEA,02-09-2024,Water Bottle,Sports,3,14.99,cancelled
10873,Grace  SEA,06-02-2024,TShirt,Clothing,2,$25.00,RETURNED
10874,Bob  LA,29-11-2024,Dumbbell,Sports,7,39,returned
ORD-10875,Ivy  MIA,22-09-2024,Notebook,Office,1,8,processing
10876,Mia  PDX,06-02-2024,Resistance Band,Sports,5,$12.99,RETURNED
10877,Paul  CHI,01-06-2024,Dumbbell,Sports,4,$39.99,returned
10878,Ivy  MIA,12-10-2024,Clock,Home,1,19.99,shipped
10879,Jack  PHX,02-10-2024,Socks,Clothing,4,9.99,Pending
10880,Mia  PDX,04-23-2024,Yoga Mat,Sports,5,29.99,delivered
10881,Mia  PDX,02-07-2024,Calculator,Office,10,$24.99,RETURNED
10882,Nate  NYC,06-22-2024,TShirt,Clothing,3,25,RETURNED
10883,Paul  CHI,11-02-2024,Pen Set,Office,3,12.99,cancelled
10884,Nate  NYC,22-08-2024,Charger,Electronics,8,14.99,processing
10885,Olivia  LA,01/17/24,Toaster,Home,7,29.99,pending
ORD-10886,Bob  LA,01/30/24,Chair,Office,6,199.99,returned
10887,Tina  BOS,12-03-2024,Webcam,Electronics,8,59.99,processing
10888,Diana  NYC,04-19-2024,Jacket,Clothing,9,89.99,pending
10889,Quinn  SF,13-01-2024,Blanket,Home,3,$34.99,delivered
10890,Charlie  CHI,04-03-2024,Blender,Home,8,44,cancelled
10891,Mia  PDX,30-04-2024,Rug,Home,8,89,cancelled
10892,Karen  ATL,02-03-2024,Toaster,Home,5,29.99,returned
10893,Tina  BOS,07/14/24,Running Shoes,Sports,9,89.99,RETURNED
10894,Leo  DEN,12-12-2024,Socks,Clothing,4,10,pending
10895,Bob  LA,29-10-2024,Clock,Home,9,19.99,processing
10896,Paul  CHI,11-20-2024,Jump Rope,Sports,7,9,cancelled
ORD-10897,Tina  BOS,02-12-2024,Jacket,Clothing,8,89,shipped
10898,Paul  CHI,11-04-2024,Laptop,Electronics,4,800,pending
10899,Nate  NYC,02/27/2024,Keyboard,Electronics,9,45,pending
10900,Mia  PDX,01-01-2024,TShirt,Clothing,1,25,processing
10901,Rose  DAL,31-10-2024,Water Bottle,Sports,1,14.99,shipped
10902,Diana  NYC,05-07-2024,Mouse,Electronics,4,25,Delivered
10903,Paul  CHI,29-05-2024,Pillow,Home,2,24,delivered
10904,Jack  PHX,10/18/24,Sneakers,Clothing,1,$75.00,cancelled
10905,Hank  BOS,03/23/2024,Keyboard,Electronics,4,45,returned
10906,Nate  NYC,25-10-2024,"""Jeans""",Clothing,1,59.99,pending
10907,Sam  SEA,02/24/2024,Notebook,Office,7,8.99,RETURNED
10908,Sam  SEA,05-11-2024,Hat,Clothing,7,19.99,Pending
10909,Diana Prince,10-04-2024,USB Hub,Electronics,9,$19.99,returned
ORD-10910,Hank  BOS,26-07-2024,Yoga Mat,Sports,2,$29.99,shipped
10911,Karen  ATL,11-09-2024,Stapler,Office,10,$15.99,Delivered
10912,Grace  SEA,12-11-2024,USB Hub,Electronics,4,19.99,cancelled
10913,Nate  NYC,11-08-2024,Yoga Mat,Sports,8,$29.99,shipped
10914,Eve  SF,09-02-2024,Binder,Office,7,6,returned
ORD-10915,Olivia  LA,01-24-2024,Notebook,Office,3,9,returned
10916,Sam  SEA,03-08-2024,Sneakers,Clothing,1,$75.00,returned
10917,Diana  NYC,10-08-2024,Hat,Clothing,2,$19.99,pending
10918,Grace  SEA,11/26/2024,Desk Lamp,Office,6,34,Delivered
10919,Bob  LA,27-04-2024,"""Binder""",Office,9,6,processing
10920,Diana  NYC,05-30-2024,Yoga Mat,Sports,9,$29.99,Pending
10921,Paul  CHI,03-21-2024,"""Yoga Mat""",Sports,7,29,shipped
10922,Eve  SF,12-26-2024,TShirt,Clothing,5,$25.00,returned
10923,Nate  NYC,16-05-2024,Mouse,Electronics,2,25,Delivered
ORD-10924,Diana  NYC,13-02-2024,Pen Set,Office,9,13,RETURNED
10925,Frank  DAL,03-03-2024,Belt,Clothing,4,29.99,RETURNED
10926,Leo  DEN,12-01-2024,Running Shoes,Sports,10,$89.99,delivered
10927,Hank  BOS,12/16/24,Notebook,Office,8,$8.99,pending
10928,Olivia  LA,03/30/24,Chair,Office,8,199.99,Delivered
10929,Olivia  LA,05-29-2024,Pillow,Home,10,24.99,cancelled
10930,Nate  NYC,18-08-2024,Tablet,Electronics,6,$349.99,cancelled
10931,Bob  LA,25-03-2024,Monitor,Electronics,2,299.99,returned
10932,Sam  SEA,07-03-2024,"""Whiteboard""",Office,2,50,returned
10933,Sam  SEA,05-24-2024,Water Bottle,Sports,7,14,returned
10934,Mia  PDX,05/21/24,"""Whiteboard""",Office,3,50,processing
10935,Jack  PHX,03-10-2024,Keyboard,Electronics,10,45,delivered
10936,Frank  DAL,06/14/2024,Toaster,Home,3,$29.99,RETURNED
10937,Nate  NYC,09-28-2024,Notebook,Office,10,8.99,RETURNED
10938,Alice  NYC,25-09-2024,Blanket,Home,6,$34.99,processing
10939,Rose  DAL,02/16/24,Jacket,Clothing,8,89,Delivered
10940,Hank  BOS,02-09-2024,"""Socks""",Clothing,9,9.99,Delivered
10941,Nate  NYC,10-11-2024,Blender,Home,10,44.99,RETURNED
10942,Rose  DAL,26-12-2024,Tablet,Electronics,10,349,cancelled
10943,Olivia  LA,27-07-2024,Yoga Mat,Sports,8,29.99,Pending
10944,Mia  PDX,03/13/24,Running Shoes,Sports,5,89.99,Delivered
10945,Rose  DAL,21-07-2024,"""Headphones""",Electronics,10,$89.99,cancelled
10946,Tina  BOS,06-17-2024,Socks,Clothing,9,10,RETURNED
10947,Nate  NYC,08/19/2024,Jump Rope,Sports,1,9.99,RETURNED
10948,Sam  SEA,01-23-2024,Resistance Band,Sports,4,12,Delivered
10949,Bob  LA,04/13/24,Dumbbell,Sports,7,$39.99,delivered
10950,Hank  BOS,09-02-2024,Blanket,Home,3,34,shipped
10951,Alice  NYC,07-01-2024,Keyboard,Electronics,1,45,returned
10952,Quinn  SF,03-06-2024,Headphones,Electronics,10,$89.99,delivered
10953,Ivy  MIA,02-06-2024,Hat,Clothing,3,19,Delivered
10954,Alice  NYC,10-07-2024,Belt,Clothing,3,29.99,RETURNED
10955,Grace  SEA,07-31-2024,Keyboard,Electronics,2,45,processing
10956,Diana  NYC,12-12-2024,Smartphone,Electronics,5,699.99,cancelled
10957,Bob  LA,01-03-2024,"""Coffee Maker""",Home,3,59.99,RETURNED
10958,Sam  SEA,07-08-2024,Running Shoes,Sports,7,$89.99,RETURNED
10959,Rose  DAL,09/29/2024,Stapler,Office,1,$15.99,RETURNED
10960,Hank  BOS,08-31-2024,Tablet,Electronics,4,350,processing
10961,Frank  DAL,01-12-2024,Pen Set,Office,9,12.99,shipped
ORD-10962,Rose  DAL,25-08-2024,"""Jeans""",Clothing,2,$59.99,shipped
10963,Karen  ATL,21-01-2024,Resistance Band,Sports,7,12,pending
10964,Ivy  MIA,02/24/2024,Calculator,Office,8,24,RETURNED
10965,Jack  PHX,03/28/2024,Rug,Home,6,89.99,Delivered
10966,Charlie  CHI,02-04-2024,Smartphone,Electronics,4,699.99,Delivered
10967,Grace  SEA,19-12-2024,Headphones,Electronics,1,89.99,shipped
10968,Sam  SEA,12-21-2024,Charger,Electronics,7,15,delivered
10969,Ivy  MIA,06/27/24,Belt,Clothing,2,30,cancelled
10970,Nate  NYC,02-08-2024,"""Mouse""",Electronics,9,$25.00,shipped
10971,Mia  PDX,07-05-2024,Stapler,Office,1,15,RETURNED
10972,Eve  SF,04-09-2024,Dress,Clothing,6,49.99,processing
10973,Ivy  MIA,27-12-2024,Jump Rope,Sports,8,9.99,returned
10974,Hank  BOS,04/14/2024,Jeans,Clothing,1,59.99,Delivered
10975,Paul  CHI,03/23/24,Resistance Band,Sports,8,12,delivered
10976,Frank  DAL,08-03-2024,Blender,Home,7,44.99,cancelled
10977,Olivia  LA,12/22/24,Desk Lamp,Office,8,34.99,delivered
10978,Hank  BOS,01-26-2024,Coffee Maker,Home,3,59.99,cancelled
10979,Rose  DAL,03-09-2024,Monitor,Electronics,4,299,processing
10980,Paul  CHI,09/25/24,Jacket,Clothing,2,89.99,Delivered
10981,Bob  LA,10-06-2024,TShirt,Clothing,10,25,shipped
10982,Charlie  CHI,30-03-2024,Jump Rope,Sports,5,9,shipped
10983,Frank  DAL,08-29-2024,Pillow,Home,8,$24.99,returned
10984,Karen  ATL,06-11-2024,"""Rug""",Home,5,89,Pending
10985,Frank  DAL,04-27-2024,Rug,Home,1,90,pending
10986,Grace  SEA,11-10-2024,Laptop,Electronics,10,799.99,Pending
10987,Karen  ATL,09/27/24,Desk Lamp,Office,3,34.99,returned
10988,Mia  PDX,03-05-2024,"""Jacket""",Clothing,1,89,processing
10989,Charlie  CHI,04-29-2024,Calculator,Office,10,24.99,shipped
10990,Frank  DAL,10-11-2024,Socks,Clothing,6,$9.99,RETURNED
10991,Jack  PHX,22-01-2024,Rug,Home,6,89,Delivered
10992,Rose  DAL,10/15/2024,Mouse,Electronics,5,25,Delivered
10993,Rose  DAL,04/27/24,Whiteboard,Office,9,49.99,shipped
10994,Bob  LA,10/13/2024,Charger,Electronics,2,15,delivered
10995,Charlie  CHI,28-09-2024,Jump Rope,Sports,10,$9.99,returned
10996,Ivy  MIA,27-11-2024,Yoga Mat,Sports,10,$29.99,shipped
10997,Leo  DEN,26-12-2024,Blanket,Home,6,$34.99,pending
10998,Diana  NYC,15-11-2024,Sneakers,Clothing,9,75,
10999,Jack  PHX,19-02-2024,Desk Lamp,Office,2,34.99,Delivered
11000,Nate  NYC,12-01-2024,Jeans,Clothing,9,$59.99,returned
11001,Tina  BOS,27-10-2024,USB Hub,Electronics,10,$19.99,returned
11002,Ivy  MIA,11-05-2024,Yoga Mat,Sports,2,29.99,delivered
11003,Sam  SEA,03/17/2024,Socks,Clothing,2,9.99,delivered
11004,Olivia  LA,12/20/24,Belt,Clothing,1,$29.99,processing
11005,Grace  SEA,22-04-2024,Notebook,Office,4,8.99,Pending
11006,Karen  ATL,18-01-2024,Keyboard,Electronics,4,45,returned
11007,Bob  LA,31-05-2024,Notebook,Office,1,8.99,returned
11008,Mia  PDX,28-12-2024,Blanket,Home,8,34.99,Delivered
11009,Hank  BOS,17-10-2024,"""Blender""",Home,3,45,Delivered
11010,Rose  DAL,09/24/2024,Running Shoes,Sports,2,90,returned
11011,Grace  SEA,11-09-2024,Webcam,Electronics,10,59.99,returned
11012,Rose  DAL,01/20/24,USB Hub,Electronics,2,19.99,shipped
11013,Leo  DEN,31-01-2024,Dumbbell,Sports,2,39.99,cancelled
11014,Sam  SEA,10-23-2024,Belt,Clothing,8,29,Delivered
11015,Paul  CHI,08-01-2024,TShirt,Clothing,6,$25.00,pending
11016,Ivy  MIA,09-11-2024,Water Bottle,Sports,4,15,Delivered
11017,Nate  NYC,02/20/2024,Jeans,Clothing,3,60,shipped
11018,Grace  SEA,05-11-2024,"""Jump Rope""",Sports,4,9.99,cancelled
11019,Alice Smith,02/15/2024,Hat,Clothing,7,20,returned
11020,Eve  SF,21-11-2024,Dumbbell,Sports,8,39.99,processing
11021,Bob  LA,02-04-2024,Smartphone,Electronics,3,699.99,pending
11022,Sam  SEA,07-09-2024,Pillow,Home,10,24,cancelled
11023,Frank  DAL,26-03-2024,Jacket,Clothing,2,89.99,processing
11024,Hank  BOS,02-07-2024,Blanket,Home,2,34,returned
11025,Nate  NYC,11-10-2024,Blanket,Home,9,34.99,shipped
11026,Charlie  CHI,06/25/2024,Stapler,Office,1,16,
11027,Tina  BOS,10-10-2024,"""Hat""",Clothing,3,19.99,pending
11028,Leo  DEN,12/15/24,Jump Rope,Sports,1,9.99,Pending
11029,Alice  NYC,04/24/2024,Pillow,Home,7,$24.99,returned
11030,Paul  CHI,07/22/2024,Blanket,Home,1,34.99,processing
11031,Paul  CHI,22-04-2024,Blanket,Home,7,34.99,Pending
11032,Frank  DAL,07-19-2024,Dress,Clothing,9,49,returned
11033,Quinn  SF,09-09-2024,Mouse,Electronics,3,25,RETURNED
11034,Alice  NYC,06-12-2024,Keyboard,Electronics,1,$45.00,pending
11035,Rose  DAL,17-03-2024,Pen Set,Office,1,12.99,
11036,Ivy  MIA,02-18-2024,Sneakers,Clothing,10,75,RETURNED
11037,Frank  DAL,02-11-2024,Smartphone,Electronics,10,700,returned
11038,Nate  NYC,12/26/24,Coffee Maker,Home,10,60,Pending
11039,Bob  LA,12-28-2024,Notebook,Office,10,$8.99,shipped
ORD-11040,Frank  DAL,11-23-2024,Pillow,Home,5,25,delivered
11041,Ivy  MIA,13-07-2024,Jeans,Clothing,5,59.99,Delivered
11042,Grace  SEA,01/30/2024,Chair,Office,7,199,Delivered
11043,Karen  ATL,12-02-2024,Belt,Clothing,8,29.99,RETURNED
11044,Sam  SEA,23-11-2024,"""Yoga Mat""",Sports,5,29,processing
11045,Hank  BOS,01/31/24,Dumbbell,Sports,7,39,shipped
11046,Diana Prince,02-07-2024,Chair,Office,2,199.99,Pending
11047,Leo  DEN,08-06-2024,Lamp,Home,6,39,returned
11048,Frank  DAL,03/14/2024,Socks,Clothing,5,$9.99,processing
11049,Mia  PDX,19-06-2024,"""Water Bottle""",Sports,6,$14.99,RETURNED
11050,Olivia  LA,05-08-2024,Monitor,Electronics,3,299,pending
11051,Sam  SEA,29-02-2024,"""Chair""",Office,4,$199.99,Delivered
ORD-11052,Eve  SF,10/22/24,Dumbbell,Sports,4,39,RETURNED
11053,Hank  BOS,01-06-2024,Pen Set,Office,5,12,cancelled
11054,Frank  DAL,07/18/24,Rug,Home,3,89.99,cancelled
11055,Alice  NYC,02/20/24,Tablet,Electronics,7,350,cancelled
11056,Olivia  LA,06-05-2024,Calculator,Office,1,24.99,pending
11057,Charlie  CHI,11-09-2024,Yoga Mat,Sports,10,29,returned
11058,Hank  BOS,05/17/24,Pillow,Home,6,24,delivered
11059,Diana  NYC,01/14/24,Hat,Clothing,4,19.99,pending
ORD-11060,Rose  DAL,09-19-2024,Yoga Mat,Sports,3,29.99,delivered
11061,Leo  DEN,13-09-2024,Jump Rope,Sports,10,9.99,RETURNED
11062,Ivy  MIA,08-10-2024,Blender,Home,3,44.99,pending
11063,Rose  DAL,22-03-2024,Jeans,Clothing,1,59.99,returned
11064,Jack  PHX,21-05-2024,Toaster,Home,4,29.99,cancelled
11065,Karen  ATL,09/22/24,Headphones,Electronics,3,89,cancelled
11066,Bob  LA,01-10-2024,Rug,Home,6,89.99,shipped
11067,Hank  BOS,01-10-2024,Jump Rope,Sports,9,9.99,Delivered
11068,Grace  SEA,02/26/2024,Jacket,Clothing,9,89.99,processing
11069,Mia  PDX,23-05-2024,Socks,Clothing,7,$9.99,processing
11070,Tina  BOS,10-06-2024,Running Shoes,Sports,8,89.99,RETURNED
11071,Bob  LA,07-08-2024,"""Smartphone""",Electronics,4,700,pending
11072,Frank  DAL,09-03-2024,Dumbbell,Sports,4,40,RETURNED
11073,Charlie  CHI,09-07-2024,Belt,Clothing,10,29,shipped
11074,Ivy  MIA,18-09-2024,Socks,Clothing,3,10,processing
11075,Tina  BOS,07-30-2024,Socks,Clothing,3,10,shipped
11076,Bob  LA,02-02-2024,Pen Set,Office,4,12.99,Pending
11077,Nate  NYC,21-05-2024,Hat,Clothing,4,19.99,shipped
11078,Hank  BOS,10-02-2024,Sneakers,Clothing,6,$75.00,Pending
11079,Alice  NYC,14-12-2024,Lamp,Home,3,40,shipped
11080,Eve  SF,09/16/2024,Pillow,Home,6,$24.99,processing
11081,Leo  DEN,12/14/24,Notebook,Office,10,$8.99,Pending
11082,Grace  SEA,02/29/24,USB Hub,Electronics,8,19.99,Delivered
11083,Karen  ATL,31-12-2024,Clock,Home,3,19.99,pending
11084,Frank  DAL,07-07-2024,Resistance Band,Sports,4,13,processing
11085,Charlie  CHI,13-05-2024,Jeans,Clothing,4,59,Pending
11086,Jack  PHX,06-10-2024,Resistance Band,Sports,4,$12.99,cancelled
11087,Quinn  SF,20-12-2024,Jump Rope,Sports,2,10,returned
11088,Paul  CHI,06-28-2024,Chair,Office,4,200,delivered
11089,Leo  DEN,28-12-2024,Socks,Clothing,7,9,shipped
11090,Eve  SF,07-02-2024,Socks,Clothing,3,9,RETURNED
11091,Mia  PDX,01-03-2024,Binder,Office,9,5.99,RETURNED
11092,Rose  DAL,09/18/2024,Laptop,Electronics,10,799.99,cancelled
11093,Tina  BOS,05-01-2024,Tablet,Electronics,5,350,delivered
11094,Karen  ATL,05-09-2024,Chair,Office,10,199.99,Delivered
11095,Rose  DAL,04-02-2024,"""Whiteboard""",Office,8,49.99,Delivered
11096,Ivy  MIA,18-03-2024,Jump Rope,Sports,10,9.99,processing
11097,Tina  BOS,05-23-2024,Laptop,Electronics,6,$799.99,cancelled
ORD-11098,Mia  PDX,25-01-2024,Keyboard,Electronics,9,45,returned
11099,Quinn  SF,24-05-2024,Dumbbell,Sports,8,39.99,RETURNED
11100,Frank  DAL,02-01-2024,Toaster,Home,3,$29.99,cancelled
11101,Leo  DEN,04-04-2024,Jacket,Clothing,9,89,Delivered
11102,Mia  PDX,06/20/2024,TShirt,Clothing,7,25,pending
11103,Paul  CHI,16-12-2024,Sneakers,Clothing,6,75,RETURNED
11104,Grace  SEA,04/16/24,Calculator,Office,6,24.99,Delivered
11105,Olivia  LA,11-12-2024,Lamp,Home,5,39.99,Pending
11106,Alice Smith,12-11-2024,"""TShirt""",Clothing,10,25,pending
ORD-11107,Mia  PDX,07-29-2024,"""Blanket""",Home,4,34.99,Pending
11108,Leo  DEN,08/30/24,Coffee Maker,Home,8,59,cancelled
11109,Bob  LA,21-08-2024,"""Mouse""",Electronics,3,25,returned
11110,Mia  PDX,10-10-2024,Sneakers,Clothing,4,75,RETURNED
11111,Charlie  CHI,17-01-2024,Dress,Clothing,6,50,Pending
ORD-11112,Hank  BOS,05/30/24,Clock,Home,4,19.99,returned
11113,Olivia  LA,02-09-2024,Stapler,Office,7,16,shipped
11114,Diana  NYC,14-09-2024,Dumbbell,Sports,4,39.99,processing
11115,Leo  DEN,03-24-2024,Resistance Band,Sports,9,12.99,processing
11116,Diana  NYC,05-11-2024,Sneakers,Clothing,3,75,Delivered
ORD-11117,Alice  NYC,20-08-2024,Lamp,Home,2,40,RETURNED
11118,Ivy  MIA,04/21/24,Yoga Mat,Sports,8,29.99,pending
11119,Frank  DAL,10-24-2024,Hat,Clothing,8,$19.99,Pending
11120,Diana  NYC,12-02-2024,Rug,Home,1,89.99,processing
11121,Eve  SF,03-21-2024,Yoga Mat,Sports,6,$29.99,processing
11122,Jack  PHX,23-08-2024,Socks,Clothing,7,$9.99,shipped
11123,Eve  SF,12/23/24,Smartphone,Electronics,1,699,processing
11124,Grace  SEA,04-05-2024,"""USB Hub""",Electronics,5,19.99,pending
11125,Alice  NYC,05/24/24,Coffee Maker,Home,4,$59.99,shipped
ORD-11126,Diana  NYC,06-08-2024,Dumbbell,Sports,8,40,delivered
11127,Eve  SF,01-08-2024,Binder,Office,3,5,processing
ORD-11128,Charlie  CHI,09/19/2024,Tablet,Electronics,3,$349.99,shipped
11129,Tina  BOS,12/27/2024,Stapler,Office,1,15.99,returned
11130,Jack  PHX,08/17/24,Laptop,Electronics,2,799.99,delivered
11131,Diana Prince,10-11-2024,Clock,Home,9,19.99,processing
11132,Grace  SEA,10-12-2024,"""Monitor""",Electronics,4,299.99,delivered
ORD-11133,Hank  BOS,17-06-2024,Blanket,Home,4,34.99,shipped
11134,Hank  BOS,09-10-2024,Mouse,Electronics,10,$25.00,pending
11135,Hank  BOS,01/13/2024,Monitor,Electronics,7,$299.99,processing
11136,Bob  LA,24-07-2024,TShirt,Clothing,10,$25.00,RETURNED
11137,Rose  DAL,09/14/2024,Dumbbell,Sports,1,39,RETURNED
11138,Diana  NYC,03/20/2024,Resistance Band,Sports,2,12.99,cancelled
11139,Quinn  SF,05-12-2024,TShirt,Clothing,10,25,returned
11140,Nate  NYC,16-10-2024,"""Rug""",Home,4,$89.99,delivered
11141,Karen  ATL,26-12-2024,"""Water Bottle""",Sports,6,14,cancelled
11142,Eve  SF,27-02-2024,Webcam,Electronics,6,59.99,Delivered
11143,Nate  NYC,12/23/24,"""Dumbbell""",Sports,8,39,pending
11144,Diana Prince,05/30/2024,Notebook,Office,3,9,shipped
11145,Grace  SEA,11/25/24,Toaster,Home,8,29,returned
ORD-11146,Karen  ATL,08-04-2024,Laptop,Electronics,4,799,cancelled
11147,Rose  DAL,12/28/2024,Clock,Home,3,19.99,delivered
11148,Ivy  MIA,08-02-2024,Blender,Home,3,44.99,returned
11149,Mia  PDX,04-04-2024,Desk Lamp,Office,5,34.99,delivered
11150,Paul  CHI,09-03-2024,Clock,Home,2,19,processing
11151,Rose  DAL,10-21-2024,Rug,Home,4,$89.99,Pending
11152,Tina  BOS,31-12-2024,Dumbbell,Sports,9,39.99,pending
11153,Tina  BOS,09-03-2024,Chair,Office,3,200,returned
11154,Mia  PDX,18-10-2024,Pillow,Home,3,$24.99,returned
11155,Ivy  MIA,16-03-2024,Smartphone,Electronics,2,$699.99,shipped
11156,Grace  SEA,10/13/2024,Pen Set,Office,4,12,pending
ORD-11157,Jack  PHX,02-27-2024,Stapler,Office,10,15,pending
11158,Grace  SEA,08-19-2024,Sneakers,Clothing,4,$75.00,cancelled
11159,Charlie  CHI,11-03-2024,Dress,Clothing,2,49,shipped
11160,Grace  SEA,01/28/24,Resistance Band,Sports,6,13,returned
11161,Leo  DEN,10-03-2024,Clock,Home,4,19.99,cancelled
11162,Bob  LA,07/31/2024,"""Rug""",Home,4,$89.99,Delivered
11163,Charlie  CHI,13-07-2024,Notebook,Office,1,9,cancelled
11164,Grace  SEA,12/20/24,Webcam,Electronics,7,59.99,RETURNED
11165,Leo  DEN,03/15/2024,Dress,Clothing,1,49,pending
11166,Charlie  CHI,06-20-2024,Yoga Mat,Sports,7,29.99,cancelled
11167,Tina  BOS,06-19-2024,Monitor,Electronics,8,$299.99,cancelled
11168,Diana  NYC,04-13-2024,Keyboard,Electronics,3,$45.00,Delivered
11169,Nate  NYC,30-09-2024,Coffee Maker,Home,1,59.99,cancelled
11170,Ivy  MIA,14-03-2024,Resistance Band,Sports,8,12.99,pending
11171,Tina  BOS,11-05-2024,Yoga Mat,Sports,7,29.99,processing
11172,Ivy  MIA,07-05-2024,USB Hub,Electronics,6,19,returned
11173,Alice  NYC,08-22-2024,Clock,Home,2,20,Pending
11174,Rose  DAL,13-11-2024,Headphones,Electronics,3,89.99,Pending
11175,Ivy  MIA,04/19/24,Charger,Electronics,1,$14.99,shipped
11176,Quinn  SF,07-08-2024,Monitor,Electronics,6,299.99,RETURNED
11177,Karen  ATL,07/22/24,Sneakers,Clothing,10,75,cancelled
11178,Grace  SEA,13-02-2024,Laptop,Electronics,6,799.99,cancelled
11179,Grace  SEA,01/17/2024,Blender,Home,10,$44.99,RETURNED
11180,Karen  ATL,02/15/24,"""Jump Rope""",Sports,2,9.99,shipped
11181,Ivy  MIA,09-15-2024,Running Shoes,Sports,1,89.99,shipped
11182,Eve  SF,04/24/2024,"""Yoga Mat""",Sports,4,29,delivered
11183,Rose  DAL,10/16/24,Blender,Home,3,44,cancelled
ORD-11184,Hank  BOS,06-01-2024,Socks,Clothing,4,9.99,returned
11185,Rose  DAL,12-18-2024,Headphones,Electronics,6,89.99,cancelled
11186,Rose  DAL,09-02-2024,USB Hub,Electronics,3,19,RETURNED
11187,Paul  CHI,03-26-2024,Pen Set,Office,8,12.99,RETURNED
11188,Olivia  LA,28-03-2024,Hat,Clothing,10,19.99,Pending
11189,Diana  NYC,12/19/2024,Lamp,Home,9,40,returned
11190,Eve  SF,02-11-2024,Blanket,Home,6,35,processing
11191,Jack  PHX,11/13/24,Monitor,Electronics,9,$299.99,returned
11192,Charlie  CHI,06-03-2024,TShirt,Clothing,6,25,cancelled
11193,Charlie  CHI,07-11-2024,Binder,Office,2,$5.99,Delivered
11194,Ivy  MIA,12/13/24,Running Shoes,Sports,3,89,shipped
11195,Grace  SEA,03-05-2024,Jacket,Clothing,3,$89.99,cancelled
11196,Quinn  SF,16-06-2024,Rug,Home,8,$89.99,Delivered
11197,Olivia  LA,24-02-2024,Jacket,Clothing,4,90,RETURNED
11198,Mia  PDX,11-11-2024,Lamp,Home,5,39.99,returned
11199,Mia  PDX,01-05-2024,Clock,Home,7,20,Pending
11200,Alice  NYC,08-05-2024,"""Socks""",Clothing,5,$9.99,processing
11201,Nate  NYC,10-03-2024,"""Water Bottle""",Sports,1,15,Delivered
11202,Rose  DAL,10/14/24,Sneakers,Clothing,1,75,Delivered
11203,Bob  LA,07-30-2024,Notebook,Office,8,$8.99,pending
11204,Jack  PHX,27-02-2024,TShirt,Clothing,7,25,processing
11205,Charlie  CHI,24-12-2024,Lamp,Home,3,39.99,shipped
11206,Olivia  LA,02-03-2024,Running Shoes,Sports,4,90,Delivered
11207,Diana  NYC,11-19-2024,Calculator,Office,10,$24.99,processing
11208,Ivy  MIA,07-12-2024,Dumbbell,Sports,6,39.99,cancelled
11209,Paul  CHI,01/30/24,Belt,Clothing,9,29.99,Delivered
11210,Eve  SF,09/27/2024,Keyboard,Electronics,1,45,RETURNED
11211,Diana  NYC,05-09-2024,"""Jump Rope""",Sports,7,$9.99,RETURNED
11212,Grace  SEA,04-02-2024,Pen Set,Office,1,13,shipped
ORD-11213,Alice Smith,05-24-2024,Binder,Office,2,$5.99,pending
11214,Hank  BOS,03-10-2024,Pillow,Home,9,24.99,pending
11215,Quinn  SF,01-22-2024,Jacket,Clothing,4,89.99,returned
11216,Alice  NYC,03-05-2024,Hat,Clothing,6,20,Delivered
11217,Nate  NYC,05-06-2024,Calculator,Office,10,25,cancelled
11218,Ivy  MIA,12/16/2024,"""Notebook""",Office,9,8,returned
11219,Frank  DAL,07-05-2024,Lamp,Home,6,39,cancelled
11220,Alice  NYC,04/22/24,"""Jeans""",Clothing,3,59.99,Pending
11221,Frank  DAL,12/24/24,USB Hub,Electronics,5,19,returned
11222,Hank  BOS,05-21-2024,Stapler,Office,8,15,Pending
11223,Tina  BOS,03-07-2024,Yoga Mat,Sports,2,$29.99,shipped
11224,Hank  BOS,25-01-2024,Socks,Clothing,7,9.99,delivered
ORD-11225,Jack  PHX,16-04-2024,Notebook,Office,5,9,returned
11226,Nate  NYC,03/21/2024,Socks,Clothing,6,9.99,delivered
11227,Bob  LA,25-09-2024,Whiteboard,Office,3,49.99,Pending
11228,Bob  LA,01-12-2024,Toaster,Home,9,$29.99,RETURNED
11229,Nate  NYC,06/13/2024,Dress,Clothing,9,49.99,delivered
11230,Grace  SEA,09-18-2024,Lamp,Home,1,39,Delivered
11231,Ivy  MIA,04/20/24,Running Shoes,Sports,5,89.99,cancelled
11232,Frank  DAL,05-02-2024,Running Shoes,Sports,6,90,cancelled
11233,Ivy  MIA,09/19/24,Keyboard,Electronics,9,$45.00,delivered
11234,Rose  DAL,03/30/24,Desk Lamp,Office,9,$34.99,cancelled
11235,Hank  BOS,05-04-2024,Yoga Mat,Sports,8,30,processing
11236,Mia  PDX,12/14/24,Resistance Band,Sports,8,12.99,RETURNED
11237,Sam  SEA,09-05-2024,Jump Rope,Sports,3,9.99,Pending
11238,Bob  LA,03/28/2024,Monitor,Electronics,10,299.99,pending
11239,Hank  BOS,08-11-2024,Tablet,Electronics,5,349,RETURNED
11240,Diana  NYC,09-10-2024,Smartphone,Electronics,4,$699.99,processing
11241,Eve  SF,05-05-2024,Water Bottle,Sports,5,14.99,shipped
11242,Charlie  CHI,08-07-2024,"""Clock""",Home,8,20,Delivered
11243,Bob  LA,02/28/24,Jump Rope,Sports,6,$9.99,pending
11244,Jack  PHX,12/27/24,"""Chair""",Office,7,$199.99,shipped
11245,Rose  DAL,15-01-2024,"""Charger""",Electronics,10,14,Pending
11246,Bob  LA,05-05-2024,Binder,Office,2,5,RETURNED
ORD-11247,Hank  BOS,22-02-2024,Blanket,Home,1,34.99,RETURNED
11248,Eve  SF,07-04-2024,Belt,Clothing,4,29.99,Pending
11249,Leo  DEN,10/16/2024,Socks,Clothing,6,9.99,cancelled
11250,Diana  NYC,02-07-2024,TShirt,Clothing,2,25,Delivered
11251,Rose  DAL,16-02-2024,Laptop,Electronics,7,799.99,RETURNED
11252,Eve  SF,06/22/24,Keyboard,Electronics,7,45,processing
11253,Sam  SEA,21-05-2024,Laptop,Electronics,5,799,RETURNED
11254,Grace  SEA,07/27/24,Jeans,Clothing,9,59.99,Delivered
11255,Rose  DAL,13-05-2024,Dress,Clothing,9,50,shipped
11256,Sam  SEA,09/14/24,Jump Rope,Sports,4,9.99,pending
11257,Ivy  MIA,04-09-2024,Water Bottle,Sports,2,14.99,RETURNED
11258,Karen  ATL,05/17/2024,Clock,Home,3,19.99,delivered
11259,Tina  BOS,09-08-2024,Chair,Office,1,200,RETURNED
ORD-11260,Charlie  CHI,03-04-2024,"""Tablet""",Electronics,3,$349.99,delivered
11261,Rose  DAL,01-25-2024,Stapler,Office,9,15,pending
11262,Quinn  SF,03-07-2024,Notebook,Office,8,8,Delivered
11263,Tina  BOS,02-07-2024,Hat,Clothing,2,19.99,processing
11264,Jack  PHX,10-10-2024,Clock,Home,6,$19.99,cancelled
11265,Jack  PHX,06-08-2024,Jump Rope,Sports,5,9.99,returned
11266,Alice  NYC,06-03-2024,USB Hub,Electronics,8,$19.99,pending
11267,Charlie  CHI,03-24-2024,Webcam,Electronics,10,59.99,delivered
11268,Leo  DEN,07-10-2024,Headphones,Electronics,2,89,pending
11269,Ivy  MIA,04-30-2024,Running Shoes,Sports,8,90,Pending
11270,Rose  DAL,06-01-2024,Blanket,Home,3,$34.99,delivered
11271,Olivia  LA,22-01-2024,Hat,Clothing,5,19,delivered
11272,Nate  NYC,09-08-2024,Jacket,Clothing,3,89,Pending
11273,Frank  DAL,06/15/24,Running Shoes,Sports,5,90,shipped
11274,Rose  DAL,07-04-2024,Yoga Mat,Sports,10,29,returned
11275,Nate  NYC,03/22/2024,Jeans,Clothing,1,59.99,cancelled
11276,Mia  PDX,02-25-2024,Water Bottle,Sports,4,14.99,shipped
11277,Rose  DAL,05/20/24,Smartphone,Electronics,5,699.99,cancelled
11278,Tina  BOS,06-08-2024,Coffee Maker,Home,6,60,cancelled
11279,Hank  BOS,16-11-2024,USB Hub,Electronics,5,19,pending
11280,Rose  DAL,19-03-2024,Pen Set,Office,7,12.99,Delivered
11281,Leo  DEN,11/16/24,Water Bottle,Sports,2,14,cancelled
11282,Karen  ATL,11-09-2024,Hat,Clothing,3,20,RETURNED
11283,Jack  PHX,02-10-2024,Water Bottle,Sports,9,14.99,shipped
11284,Bob  LA,06/22/24,Smartphone,Electronics,4,700,shipped
11285,Frank  DAL,02-02-2024,Water Bottle,Sports,3,14.99,processing
11286,Ivy  MIA,08-26-2024,Rug,Home,3,89,processing
11287,Alice  NYC,06-06-2024,Dumbbell,Sports,3,$39.99,pending
11288,Quinn  SF,10/13/2024,Jacket,Clothing,2,89.99,cancelled
11289,Karen  ATL,06-05-2024,Lamp,Home,3,39.99,processing
11290,Nate  NYC,01-11-2024,Blanket,Home,7,35,cancelled
11291,Nate  NYC,13-10-2024,Resistance Band,Sports,6,12.99,returned
11292,Grace  SEA,12-20-2024,Mouse,Electronics,5,25,cancelled
ORD-11293,Karen  ATL,05-08-2024,Smartphone,Electronics,6,$699.99,cancelled
11294,Diana  NYC,11/20/2024,"""Socks""",Clothing,8,$9.99,cancelled
11295,Quinn  SF,03-15-2024,Lamp,Home,6,39,processing
11296,Paul  CHI,24-03-2024,Monitor,Electronics,10,$299.99,Delivered
11297,Eve  SF,05-10-2024,Lamp,Home,2,39.99,delivered
ORD-11298,Hank  BOS,03-31-2024,Stapler,Office,4,15,processing
11299,Grace  SEA,28-09-2024,"""Headphones""",Electronics,1,90,pending
11300,Frank  DAL,05-03-2024,Blanket,Home,9,34.99,RETURNED
11301,Frank  DAL,01-01-2024,Charger,Electronics,10,$14.99,RETURNED
11302,Bob  LA,12-01-2024,Pen Set,Office,2,13,processing
11303,Sam  SEA,04-05-2024,Jeans,Clothing,6,59.99,Delivered
11304,Frank  DAL,14-09-2024,Rug,Home,2,89.99,pending
11305,Ivy  MIA,06-09-2024,Dumbbell,Sports,7,40,cancelled
11306,Ivy  MIA,08-06-2024,Dumbbell,Sports,2,39.99,shipped
11307,Paul  CHI,07-06-2024,Belt,Clothing,10,29,delivered
11308,Frank  DAL,13-12-2024,"""USB Hub""",Electronics,7,19.99,RETURNED
11309,Sam  SEA,20-10-2024,Running Shoes,Sports,1,89,pending
11310,Charlie  CHI,02-11-2024,Monitor,Electronics,1,300,delivered
11311,Charlie  CHI,07-03-2024,Toaster,Home,5,30,Pending
11312,Mia  PDX,01-02-2024,Smartphone,Electronics,9,699.99,processing
11313,Sam  SEA,04-05-2024,Dumbbell,Sports,5,39,pending
11314,Karen  ATL,01-20-2024,Desk Lamp,Office,7,34.99,pending
11315,Frank  DAL,09-02-2024,Desk Lamp,Office,5,$34.99,Pending
11316,Mia  PDX,29-06-2024,Dress,Clothing,2,49.99,returned
11317,Paul  CHI,18-06-2024,Calculator,Office,6,24.99,RETURNED
11318,Charlie  CHI,05-01-2024,Jacket,Clothing,9,89.99,cancelled
11319,Paul  CHI,29-03-2024,Sneakers,Clothing,3,$75.00,Pending
11320,Paul  CHI,23-11-2024,Yoga Mat,Sports,1,29.99,returned
11321,Sam  SEA,13-10-2024,Tablet,Electronics,4,349,delivered
11322,Quinn  SF,22-11-2024,Water Bottle,Sports,10,14,shipped
11323,Bob  LA,07-08-2024,Clock,Home,4,19.99,shipped
11324,Alice Smith,04/13/2024,Socks,Clothing,3,10,Delivered
11325,Diana Prince,21-10-2024,Pillow,Home,1,$24.99,Delivered
11326,Quinn  SF,05-08-2024,Dress,Clothing,3,$49.99,delivered
11327,Frank  DAL,05-08-2024,Belt,Clothing,4,29.99,Delivered
11328,Eve  SF,04-11-2024,Keyboard,Electronics,1,45,Pending
11329,Hank  BOS,01-11-2024,Tablet,Electronics,2,349,returned
11330,Leo  DEN,04-10-2024,Smartphone,Electronics,2,699,shipped
11331,Tina  BOS,03/26/2024,Monitor,Electronics,6,299,pending
11332,Sam  SEA,01-01-2024,"""Belt""",Clothing,1,29,Delivered
11333,Karen  ATL,03-09-2024,Yoga Mat,Sports,8,$29.99,processing
11334,Olivia  LA,12-01-2024,Chair,Office,7,199,returned
11335,Frank  DAL,01/14/2024,Webcam,Electronics,8,59,Delivered
ORD-11336,Frank  DAL,04/22/2024,USB Hub,Electronics,5,19,Pending
11337,Tina  BOS,04-03-2024,Jump Rope,Sports,6,10,Delivered
11338,Olivia  LA,01-02-2024,Pen Set,Office,6,12.99,shipped
11339,Bob  LA,09-10-2024,Toaster,Home,5,29.99,Pending
11340,Quinn  SF,04-08-2024,Desk Lamp,Office,3,35,delivered
11341,Mia  PDX,07/19/2024,Lamp,Home,2,39.99,Pending
11342,Nate  NYC,04-18-2024,Headphones,Electronics,10,89.99,Delivered
11343,Nate  NYC,19-10-2024,Lamp,Home,8,39.99,processing
11344,Karen  ATL,04/24/24,Calculator,Office,3,25,Delivered
11345,Charlie  CHI,22-10-2024,Calculator,Office,8,25,processing
11346,Olivia  LA,02-03-2024,Belt,Clothing,2,30,returned
11347,Quinn  SF,12/24/24,USB Hub,Electronics,4,20,processing
11348,Nate  NYC,23-04-2024,Rug,Home,10,90,RETURNED
11349,Paul  CHI,10-28-2024,Desk Lamp,Office,4,34.99,Pending
11350,Alice  NYC,06-05-2024,Hat,Clothing,3,19.99,cancelled
11351,Rose  DAL,07-28-2024,Dress,Clothing,10,49.99,shipped
11352,Bob  LA,09-06-2024,Keyboard,Electronics,10,45,Delivered
11353,Olivia  LA,05/21/24,Hat,Clothing,2,19.99,returned
11354,Hank  BOS,09-04-2024,Desk Lamp,Office,6,$34.99,Pending
11355,Ivy  MIA,04-20-2024,Sneakers,Clothing,6,$75.00,delivered
11356,Frank  DAL,04-04-2024,Lamp,Home,5,39,cancelled
11357,Mia  PDX,24-09-2024,USB Hub,Electronics,10,20,RETURNED
11358,Hank  BOS,19-03-2024,Monitor,Electronics,5,299.99,Delivered
11359,Frank  DAL,24-12-2024,Laptop,Electronics,8,$799.99,shipped
11360,Paul  CHI,06/21/24,"""Belt""",Clothing,8,29.99,RETURNED
11361,Olivia  LA,07-01-2024,Resistance Band,Sports,4,12.99,shipped
11362,Rose  DAL,07/26/24,Clock,Home,6,19,returned
11363,Nate  NYC,07-02-2024,Toaster,Home,7,30,delivered
11364,Leo  DEN,10-11-2024,Dumbbell,Sports,10,$39.99,returned
11365,Ivy  MIA,24-06-2024,Rug,Home,9,90,pending
11366,Eve  SF,29-08-2024,Headphones,Electronics,4,89.99,shipped
11367,Charlie  CHI,10/24/2024,Socks,Clothing,2,$9.99,cancelled
11368,Tina  BOS,12-19-2024,"""Running Shoes""",Sports,10,90,pending
11369,Diana  NYC,05/28/24,Headphones,Electronics,7,89.99,RETURNED
11370,Bob  LA,08-06-2024,USB Hub,Electronics,7,$19.99,RETURNED
11371,Quinn  SF,09-10-2024,Pen Set,Office,2,12,pending
11372,Eve  SF,19-09-2024,Rug,Home,9,89,Delivered
11373,Karen  ATL,16-07-2024,Yoga Mat,Sports,6,29.99,processing
11374,Frank  DAL,08/26/24,Binder,Office,6,6,shipped
11375,Leo  DEN,08/26/2024,Dumbbell,Sports,3,40,delivered
11376,Frank  DAL,05-11-2024,Running Shoes,Sports,3,89.99,delivered
11377,Nate  NYC,08/25/2024,"""Dress""",Clothing,5,$49.99,shipped
11378,Frank  DAL,08/25/2024,Charger,Electronics,7,$14.99,Pending
11379,Sam  SEA,08-23-2024,Pen Set,Office,5,13,shipped
ORD-11380,Frank  DAL,01-07-2024,Pen Set,Office,1,12.99,delivered
11381,Diana  NYC,01-08-2024,"""Monitor""",Electronics,4,300,shipped
11382,Charlie  CHI,05-12-2024,Sneakers,Clothing,3,75,processing
11383,Hank  BOS,03/13/24,Pillow,Home,7,24,RETURNED
11384,Mia  PDX,11/29/2024,Water Bottle,Sports,6,$14.99,shipped
11385,Bob  LA,13-10-2024,Webcam,Electronics,2,59,Pending
11386,Eve  SF,07-30-2024,Notebook,Office,5,8.99,processing
11387,Quinn  SF,07-09-2024,Notebook,Office,5,$8.99,Delivered
11388,Ivy  MIA,22-08-2024,Calculator,Office,6,$24.99,RETURNED
11389,Eve  SF,09-07-2024,"""Binder""",Office,9,6,shipped
11390,Diana  NYC,02/21/2024,Pillow,Home,7,24,returned
11391,Karen  ATL,04-02-2024,Calculator,Office,5,24.99,RETURNED
11392,Quinn  SF,17-04-2024,"""TShirt""",Clothing,10,25,cancelled
11393,Olivia  LA,07-07-2024,Laptop,Electronics,10,800,returned
11394,Sam  SEA,03-30-2024,Blanket,Home,4,34.99,pending
11395,Olivia  LA,11-05-2024,Webcam,Electronics,6,60,returned
ORD-11396,Rose  DAL,10-08-2024,"""Coffee Maker""",Home,8,59.99,returned
11397,Alice  NYC,07/14/24,Headphones,Electronics,8,89.99,shipped
11398,Frank  DAL,11-13-2024,Jeans,Clothing,8,59,cancelled
11399,Nate  NYC,11-07-2024,Rug,Home,8,89,returned
11400,Paul  CHI,03-03-2024,Water Bottle,Sports,3,14.99,processing
11401,Quinn  SF,06-09-2024,Lamp,Home,6,40,Pending
11402,Sam  SEA,27-12-2024,Belt,Clothing,4,N/A,shipped
11403,Jack  PHX,02-14-2024,Jump Rope,Sports,9,10,Pending
11404,Frank  DAL,19-02-2024,Rug,Home,4,89.99,shipped
11405,Karen  ATL,11-05-2024,Binder,Office,10,$5.99,Delivered
11406,Grace  SEA,12-24-2024,"""Clock""",Home,7,19.99,shipped
11407,Bob  LA,11-03-2024,Stapler,Office,4,15.99,shipped
ORD-11408,Sam  SEA,17-10-2024,Laptop,Electronics,4,799.99,processing
11409,Paul  CHI,06-11-2024,"""Laptop""",Electronics,1,799.99,pending
11410,Alice  NYC,10-10-2024,Yoga Mat,Sports,6,29.99,returned
11411,Nate  NYC,21-11-2024,Rug,Home,5,89.99,returned
11412,Tina  BOS,03-09-2024,Resistance Band,Sports,8,$12.99,shipped
11413,Rose  DAL,03-03-2024,Hat,Clothing,7,$19.99,Delivered
11414,Charlie  CHI,27-06-2024,Notebook,Office,9,$8.99,pending
11415,Tina  BOS,10/27/2024,Blanket,Home,6,34.99,Pending
11416,Hank  BOS,21-04-2024,Socks,Clothing,5,9.99,RETURNED
11417,Grace  SEA,24-05-2024,Water Bottle,Sports,2,14,delivered
11418,Hank  BOS,30-07-2024,Blender,Home,8,$44.99,returned
11419,Jack  PHX,17-11-2024,Jacket,Clothing,1,90,returned
11420,Sam  SEA,01-30-2024,Monitor,Electronics,3,$299.99,cancelled
11421,Charlie  CHI,25-02-2024,Hat,Clothing,5,$19.99,RETURNED
11422,Rose  DAL,02-04-2024,Stapler,Office,10,15.99,processing
11423,Bob  LA,08-04-2024,Socks,Clothing,8,10,Pending
11424,Rose  DAL,02-07-2024,Water Bottle,Sports,5,$14.99,cancelled
11425,Sam  SEA,03/27/2024,Pillow,Home,1,25,RETURNED
11426,Tina  BOS,02/28/2024,Lamp,Home,7,40,delivered
11427,Jack  PHX,29-09-2024,Sneakers,Clothing,4,75,shipped
11428,Sam  SEA,03-09-2024,Resistance Band,Sports,7,12.99,cancelled
11429,Leo  DEN,10-22-2024,"""Tablet""",Electronics,2,350,returned
11430,Jack  PHX,13-01-2024,Belt,Clothing,9,30,delivered
11431,Alice  NYC,09-10-2024,Running Shoes,Sports,2,90,pending
11432,Tina  BOS,03/27/24,Dumbbell,Sports,2,39.99,delivered
11433,Charlie  CHI,11-04-2024,Dumbbell,Sports,4,39,processing
11434,Rose  DAL,03/22/24,Clock,Home,3,19,shipped
11435,Quinn  SF,03/26/24,Notebook,Office,6,$8.99,processing
11436,Tina  BOS,29-04-2024,Pillow,Home,2,$24.99,shipped
11437,Nate  NYC,05-05-2024,Lamp,Home,1,40,delivered
11438,Ivy  MIA,03/22/2024,Yoga Mat,Sports,1,29.99,processing
11439,Grace  SEA,07-01-2024,Resistance Band,Sports,6,12.99,pending
ORD-11440,Frank  DAL,04-07-2024,Toaster,Home,1,$29.99,pending
11441,Hank  BOS,24-06-2024,Tablet,Electronics,1,349.99,returned
11442,Ivy  MIA,09/14/24,"""Monitor""",Electronics,9,300,cancelled
11443,Eve  SF,01/18/2024,Stapler,Office,9,15.99,Delivered
11444,Rose  DAL,04/19/24,Socks,Clothing,7,9.99,delivered
11445,Jack  PHX,31-03-2024,Binder,Office,3,$5.99,RETURNED
11446,Karen  ATL,08-07-2024,"""Charger""",Electronics,6,15,pending
11447,Eve  SF,10-16-2024,Dumbbell,Sports,5,39.99,RETURNED
11448,Quinn  SF,22-05-2024,Mouse,Electronics,2,25,shipped
11449,Mia  PDX,01-09-2024,Pillow,Home,2,24.99,cancelled
11450,Leo  DEN,13-07-2024,Jump Rope,Sports,10,$9.99,Pending
11451,Mia  PDX,11-07-2024,Blanket,Home,10,34,pending
ORD-11452,Ivy  MIA,29-12-2024,Belt,Clothing,6,29.99,cancelled
ORD-11453,Charlie  CHI,30-12-2024,Clock,Home,9,19.99,delivered
11454,Grace  SEA,19-01-2024,Blender,Home,7,44.99,Delivered
11455,Jack  PHX,02-04-2024,Toaster,Home,4,29.99,delivered
11456,Diana Prince,09-20-2024,"""Smartphone""",Electronics,8,700,processing
11457,Grace  SEA,11/16/2024,Jeans,Clothing,8,60,delivered
11458,Alice Smith,22-08-2024,Pillow,Home,8,25,cancelled
11459,Grace  SEA,07-09-2024,Coffee Maker,Home,1,59.99,cancelled
11460,Tina  BOS,25-10-2024,Sneakers,Clothing,5,75,RETURNED
11461,Grace  SEA,06/25/2024,Yoga Mat,Sports,6,29.99,processing
11462,Karen  ATL,10/15/2024,Pillow,Home,8,24.99,RETURNED
11463,Jack  PHX,26-07-2024,Jeans,Clothing,9,59,returned
11464,Nate  NYC,30-04-2024,Charger,Electronics,1,14,delivered
11465,Ivy  MIA,11/21/2024,Laptop,Electronics,7,799.99,returned
11466,Frank  DAL,30-11-2024,Lamp,Home,10,39.99,delivered
11467,Eve  SF,06/18/2024,Yoga Mat,Sports,3,29.99,RETURNED
11468,Mia  PDX,04-08-2024,Dumbbell,Sports,6,40,processing
11469,Frank  DAL,02/20/2024,Blanket,Home,2,35,cancelled
11470,Ivy  MIA,05/25/24,Lamp,Home,1,39.99,processing
11471,Hank  BOS,01/18/2024,USB Hub,Electronics,4,19.99,cancelled
11472,Olivia  LA,01-11-2024,"""Socks""",Clothing,4,10,cancelled
11473,Rose  DAL,01-11-2024,Headphones,Electronics,10,89.99,Pending
11474,Quinn  SF,04/13/24,Chair,Office,6,200,delivered
11475,Tina  BOS,06-05-2024,"""Resistance Band""",Sports,9,13,Delivered
11476,Jack  PHX,31-08-2024,Notebook,Office,8,$8.99,RETURNED
11477,Charlie  CHI,02/21/24,Coffee Maker,Home,9,60,returned
11478,Jack  PHX,17-03-2024,Tablet,Electronics,6,$349.99,shipped
11479,Leo  DEN,02-12-2024,TShirt,Clothing,1,$25.00,RETURNED
11480,Sam  SEA,04-27-2024,Whiteboard,Office,8,50,Pending
11481,Hank  BOS,11-04-2024,Blender,Home,6,44.99,cancelled
11482,Leo  DEN,22-10-2024,Pen Set,Office,4,13,shipped
11483,Leo  DEN,01-07-2024,Blender,Home,1,44.99,delivered
11484,Rose  DAL,13-01-2024,Water Bottle,Sports,10,$14.99,Delivered
11485,Grace  SEA,05-03-2024,Rug,Home,2,89.99,Delivered
11486,Charlie  CHI,09/22/2024,Binder,Office,7,5.99,pending
11487,Karen  ATL,02-07-2024,Clock,Home,10,$19.99,shipped
11488,Hank  BOS,03-24-2024,Pen Set,Office,10,12,shipped
11489,Quinn  SF,30-09-2024,Socks,Clothing,1,9.99,Pending
11490,Diana  NYC,07-07-2024,Water Bottle,Sports,1,14,shipped
11491,Nate  NYC,12/30/2024,Stapler,Office,1,$15.99,pending
11492,Bob  LA,29-08-2024,Blender,Home,2,44.99,
11493,Frank  DAL,01/21/24,TShirt,Clothing,7,25,Delivered
11494,Diana Prince,11/19/2024,Whiteboard,Office,2,49,shipped
11495,Quinn  SF,08-04-2024,Dress,Clothing,5,49.99,pending
11496,Grace  SEA,01-12-2024,Stapler,Office,2,$15.99,processing
ORD-11497,Olivia  LA,19-08-2024,Keyboard,Electronics,1,45,Delivered
11498,Hank  BOS,03-03-2024,Socks,Clothing,6,9.99,shipped
11499,Grace  SEA,06-07-2024,Belt,Clothing,1,29,returned
11500,Tina  BOS,08-05-2024,Water Bottle,Sports,7,$14.99,delivered
11501,Diana Prince,04-02-2024,Water Bottle,Sports,3,15,cancelled
11502,Rose  DAL,25-12-2024,Headphones,Electronics,4,89,delivered
11503,Ivy  MIA,12/26/2024,Sneakers,Clothing,8,75,Delivered
11504,Tina  BOS,07-06-2024,Jeans,Clothing,10,59,cancelled
11505,Frank  DAL,12-08-2024,Stapler,Office,1,15.99,processing
11506,Mia  PDX,09-28-2024,Hat,Clothing,5,19.99,RETURNED
11507,Leo  DEN,10-01-2024,Yoga Mat,Sports,1,29,returned
11508,Karen  ATL,04/28/24,TShirt,Clothing,8,25,returned
11509,Tina  BOS,04/19/24,Calculator,Office,5,24.99,shipped
11510,Leo  DEN,03-02-2024,Whiteboard,Office,3,$49.99,processing
11511,Ivy  MIA,09-07-2024,Socks,Clothing,6,9.99,shipped
11512,Eve  SF,12/16/24,Socks,Clothing,2,10,pending
11513,Nate  NYC,13-01-2024,"""Pen Set""",Office,10,$12.99,RETURNED
11514,Charlie  CHI,12/21/24,Coffee Maker,Home,4,59.99,delivered
11515,Ivy  MIA,01-06-2024,Clock,Home,7,20,delivered
11516,Olivia  LA,23-10-2024,Belt,Clothing,7,$29.99,RETURNED
11517,Sam  SEA,10-10-2024,Jacket,Clothing,1,89,Delivered
11518,Bob  LA,08-24-2024,Notebook,Office,9,8,shipped
11519,Karen  ATL,01-02-2024,"""Keyboard""",Electronics,3,45,returned
11520,Charlie  CHI,10-26-2024,Clock,Home,8,20,pending
11521,Alice  NYC,14-10-2024,Jump Rope,Sports,2,9,Delivered
11522,Olivia  LA,13-06-2024,Rug,Home,10,89.99,Delivered
11523,Eve  SF,25-04-2024,Dumbbell,Sports,7,39,RETURNED
11524,Nate  NYC,01/13/2024,Jump Rope,Sports,8,10,processing
11525,Ivy  MIA,01/27/2024,Jeans,Clothing,8,59.99,cancelled
11526,Rose  DAL,05-02-2024,Jacket,Clothing,3,$89.99,RETURNED
11527,Diana Prince,10/21/2024,Dumbbell,Sports,8,39,Delivered
ORD-11528,Paul  CHI,18-08-2024,Coffee Maker,Home,4,59.99,Delivered
11529,Quinn  SF,08/25/24,Resistance Band,Sports,7,12,cancelled
11530,Bob  LA,05/22/24,Notebook,Office,3,8,processing
11531,Frank  DAL,12-08-2024,Resistance Band,Sports,10,12,Pending
11532,Tina  BOS,04-09-2024,USB Hub,Electronics,5,$19.99,returned
11533,Rose  DAL,10-11-2024,USB Hub,Electronics,9,19.99,Delivered
11534,Quinn  SF,19-10-2024,Sneakers,Clothing,4,75,pending
11535,Sam  SEA,09/27/24,Dress,Clothing,8,49.99,Delivered
11536,Tina  BOS,11-03-2024,"""Keyboard""",Electronics,4,45,Delivered
ORD-11537,Grace  SEA,04-03-2024,Toaster,Home,2,29.99,returned
11538,Hank  BOS,02-04-2024,Yoga Mat,Sports,7,29.99,cancelled
11539,Sam  SEA,03/23/24,Hat,Clothing,1,$19.99,processing
11540,Paul  CHI,03-30-2024,"""Yoga Mat""",Sports,3,29,returned
11541,Mia  PDX,16-12-2024,Desk Lamp,Office,5,34.99,processing
11542,Quinn  SF,11-06-2024,Keyboard,Electronics,5,45,shipped
11543,Bob  LA,01/13/24,Socks,Clothing,5,$9.99,returned
11544,Grace  SEA,02/14/2024,"""Dumbbell""",Sports,7,39.99,returned
ORD-11545,Quinn  SF,01-03-2024,Monitor,Electronics,3,$299.99,cancelled
11546,Diana Prince,12-04-2024,Desk Lamp,Office,3,$34.99,pending
11547,Jack  PHX,13-03-2024,Pillow,Home,5,24,shipped
11548,Ivy  MIA,12-22-2024,Webcam,Electronics,2,60,RETURNED
11549,Quinn  SF,03-05-2024,Webcam,Electronics,1,59.99,Pending
11550,Diana Prince,07-12-2024,Pen Set,Office,10,12.99,Pending
11551,Nate  NYC,06-02-2024,Coffee Maker,Home,3,60,RETURNED
11552,Alice  NYC,22-03-2024,Jump Rope,Sports,9,9.99,pending
11553,Alice  NYC,08-01-2024,Keyboard,Electronics,9,$45.00,RETURNED
11554,Grace  SEA,06-10-2024,Blanket,Home,5,34.99,pending
11555,Diana  NYC,11/16/24,Yoga Mat,Sports,5,30,Pending
ORD-11556,Charlie  CHI,18-02-2024,Keyboard,Electronics,8,45,Delivered
11557,Frank  DAL,03-02-2024,Laptop,Electronics,2,799.99,pending
11558,Leo  DEN,09-08-2024,Laptop,Electronics,2,799.99,Pending
11559,Karen  ATL,03-11-2024,Pillow,Home,8,24.99,returned
11560,Paul  CHI,16-11-2024,Clock,Home,2,19.99,shipped
11561,Quinn  SF,07/18/2024,Rug,Home,7,89.99,processing
11562,Mia  PDX,15-04-2024,TShirt,Clothing,7,25,shipped
11563,Jack  PHX,23-04-2024,Charger,Electronics,8,$14.99,RETURNED
11564,Olivia  LA,04-05-2024,Clock,Home,10,19.99,delivered
11565,Frank  DAL,02-12-2024,Laptop,Electronics,1,$799.99,cancelled
11566,Bob  LA,01-20-2024,Pillow,Home,9,25,shipped
11567,Alice  NYC,07-06-2024,Notebook,Office,3,8.99,Pending
11568,Leo  DEN,06/28/24,Yoga Mat,Sports,9,$29.99,Pending
11569,Tina  BOS,09/16/24,Clock,Home,3,19,cancelled
11570,Paul  CHI,12-05-2024,Jump Rope,Sports,2,9,RETURNED
11571,Grace  SEA,05/21/24,Pen Set,Office,4,12,RETURNED
11572,Eve  SF,14-08-2024,Jacket,Clothing,8,89.99,processing
11573,Mia  PDX,07-09-2024,Dress,Clothing,3,50,cancelled
11574,Rose  DAL,03-22-2024,Water Bottle,Sports,1,14.99,
11575,Leo  DEN,06/25/2024,Dress,Clothing,10,50,pending
11576,Sam  SEA,25-10-2024,Blanket,Home,4,$34.99,returned
11577,Diana Prince,13-02-2024,Yoga Mat,Sports,9,29.99,Pending
11578,Rose  DAL,01/25/2024,Calculator,Office,8,24.99,RETURNED
11579,Ivy  MIA,05-08-2024,Blanket,Home,5,34.99,returned
11580,Tina  BOS,16-08-2024,Dress,Clothing,7,$49.99,pending
11581,Paul  CHI,08-01-2024,"""Resistance Band""",Sports,2,12,processing
11582,Rose  DAL,13-01-2024,Mouse,Electronics,5,25,cancelled
11583,Sam  SEA,02-12-2024,Smartphone,Electronics,3,699,processing
11584,Paul  CHI,11-02-2024,Mouse,Electronics,1,25,cancelled
11585,Nate  NYC,04-10-2024,Webcam,Electronics,5,59.99,cancelled
11586,Bob  LA,08-04-2024,"""Jacket""",Clothing,6,89.99,RETURNED
11587,Diana  NYC,08-30-2024,"""Jacket""",Clothing,6,90,pending
11588,Tina  BOS,06/17/2024,Coffee Maker,Home,2,60,pending
11589,Grace  SEA,02-01-2024,TShirt,Clothing,1,25,returned
11590,Alice Smith,08-10-2024,Whiteboard,Office,2,49.99,shipped
11591,Grace  SEA,07-02-2024,"""Headphones""",Electronics,3,89.99,Delivered
11592,Alice  NYC,17-08-2024,Pen Set,Office,4,$12.99,RETURNED
11593,Leo  DEN,07/18/2024,Belt,Clothing,2,$29.99,shipped
11594,Quinn  SF,04/23/24,Pen Set,Office,5,12.99,Pending
11595,Mia  PDX,30-10-2024,Resistance Band,Sports,10,$12.99,cancelled
11596,Ivy  MIA,09-11-2024,Blender,Home,7,$44.99,pending
11597,Bob  LA,18-10-2024,Jeans,Clothing,3,59.99,Pending
ORD-11598,Quinn  SF,06/19/24,"""Binder""",Office,3,5,RETURNED
11599,Grace  SEA,07/17/24,Coffee Maker,Home,10,$59.99,pending
11600,Charlie  CHI,09/27/24,Rug,Home,2,$89.99,shipped
11601,Olivia  LA,10-08-2024,Jeans,Clothing,3,59,pending
11602,Frank  DAL,15-12-2024,Clock,Home,10,19.99,returned
11603,Diana Prince,09-11-2024,"""Binder""",Office,5,5,shipped
11604,Nate  NYC,21-06-2024,Binder,Office,7,5.99,Pending
11605,Quinn  SF,11-06-2024,Headphones,Electronics,2,$89.99,shipped
11606,Leo  DEN,06/29/2024,Blender,Home,10,44.99,shipped
11607,Bob  LA,08/28/2024,Sneakers,Clothing,1,75,Pending
11608,Frank  DAL,08/14/2024,Pen Set,Office,6,12,shipped
11609,Paul  CHI,25-01-2024,Stapler,Office,8,$15.99,returned
11610,Ivy  MIA,02-06-2024,Running Shoes,Sports,4,90,cancelled
11611,Charlie  CHI,01/15/24,"""Webcam""",Electronics,9,59.99,RETURNED
11612,Diana  NYC,06/18/24,"""Dress""",Clothing,6,50,pending
11613,Jack  PHX,03/26/24,Hat,Clothing,9,19.99,Pending
11614,Nate  NYC,07-04-2024,Notebook,Office,5,8.99,shipped
11615,Hank  BOS,14-08-2024,Jump Rope,Sports,3,9.99,processing
11616,Hank  BOS,12/26/24,Stapler,Office,1,15,delivered
11617,Ivy  MIA,04/28/2024,USB Hub,Electronics,10,19.99,returned
11618,Tina  BOS,27-05-2024,Coffee Maker,Home,9,60,shipped
ORD-11619,Karen  ATL,09-08-2024,Running Shoes,Sports,6,89.99,RETURNED
11620,Jack  PHX,05/22/2024,Binder,Office,7,5,shipped
11621,Ivy  MIA,09/22/2024,Dress,Clothing,4,49.99,pending
11622,Leo  DEN,19-04-2024,Laptop,Electronics,5,799,shipped
11623,Ivy  MIA,22-08-2024,Rug,Home,1,89,returned
11624,Ivy  MIA,23-03-2024,Toaster,Home,3,$29.99,RETURNED
11625,Tina  BOS,18-11-2024,"""Webcam""",Electronics,1,59,Pending
11626,Frank  DAL,08-21-2024,Hat,Clothing,9,20,shipped
11627,Mia  PDX,07-02-2024,Binder,Office,7,$5.99,pending
11628,Bob  LA,22-03-2024,Webcam,Electronics,2,59,cancelled
11629,Olivia  LA,03-03-2024,Jump Rope,Sports,3,9.99,delivered
11630,Ivy  MIA,10/24/24,Keyboard,Electronics,9,45,pending
11631,Ivy  MIA,20-12-2024,Pen Set,Office,8,13,RETURNED
11632,Alice Smith,11/14/2024,USB Hub,Electronics,4,$19.99,cancelled
11633,Frank  DAL,12-05-2024,Whiteboard,Office,1,49.99,returned
11634,Tina  BOS,01-10-2024,Notebook,Office,6,8.99,RETURNED
11635,Tina  BOS,12-07-2024,Socks,Clothing,9,9.99,Delivered
11636,Diana  NYC,20-01-2024,Jeans,Clothing,10,60,cancelled
11637,Olivia  LA,19-07-2024,Calculator,Office,3,$24.99,RETURNED
11638,Quinn  SF,28-11-2024,Webcam,Electronics,3,59.99,returned
11639,Olivia  LA,02/26/24,Lamp,Home,7,39.99,delivered
ORD-11640,Quinn  SF,21-11-2024,Yoga Mat,Sports,5,29,Delivered
11641,Eve  SF,01-12-2024,Blender,Home,4,44,returned
11642,Leo  DEN,04/19/24,Stapler,Office,10,15,shipped
11643,Mia  PDX,20-06-2024,Headphones,Electronics,4,89.99,processing
ORD-11644,Leo  DEN,05-09-2024,"""Hat""",Clothing,7,20,delivered
11645,Rose  DAL,11-07-2024,Tablet,Electronics,5,350,RETURNED
11646,Nate  NYC,15-02-2024,Headphones,Electronics,8,89.99,Pending
11647,Sam  SEA,10-02-2024,Sneakers,Clothing,6,$75.00,RETURNED
11648,Grace  SEA,05/26/2024,"""Jacket""",Clothing,8,89,pending
11649,Eve  SF,01-12-2024,Keyboard,Electronics,6,45,shipped
11650,Rose  DAL,10-03-2024,Water Bottle,Sports,4,14.99,Pending
11651,Sam  SEA,06-05-2024,Pen Set,Office,7,12.99,pending
11652,Charlie  CHI,01/30/2024,Sneakers,Clothing,7,$75.00,shipped
11653,Leo  DEN,22-01-2024,Coffee Maker,Home,4,59.99,returned
11654,Grace  SEA,12-07-2024,Yoga Mat,Sports,10,29.99,cancelled
11655,Frank  DAL,08-10-2024,Running Shoes,Sports,3,$89.99,processing
11656,Grace  SEA,05-05-2024,Resistance Band,Sports,10,12.99,delivered
11657,Bob  LA,29-09-2024,Dress,Clothing,5,50,processing
11658,Nate  NYC,23-12-2024,Dumbbell,Sports,3,39,returned
11659,Ivy  MIA,29-12-2024,Yoga Mat,Sports,5,29.99,Delivered
11660,Grace  SEA,10-29-2024,Jacket,Clothing,4,89.99,Pending
ORD-11661,Bob  LA,07/13/24,Hat,Clothing,5,$19.99,RETURNED
11662,Paul  CHI,12-02-2024,USB Hub,Electronics,5,19,returned
11663,Ivy  MIA,07-08-2024,Dumbbell,Sports,8,39.99,Pending
11664,Alice Smith,02-01-2024,Blanket,Home,6,$34.99,returned
11665,Paul  CHI,04/20/2024,"""Smartphone""",Electronics,9,699.99,pending
11666,Tina  BOS,05-10-2024,"""Belt""",Clothing,3,30,pending
11667,Hank  BOS,01/19/24,Dumbbell,Sports,2,39,RETURNED
11668,Grace  SEA,12-10-2024,Webcam,Electronics,7,$59.99,pending
11669,Karen  ATL,02-06-2024,Resistance Band,Sports,10,12.99,RETURNED
11670,Nate  NYC,10/18/24,Coffee Maker,Home,6,$59.99,processing
11671,Olivia  LA,09-09-2024,Jacket,Clothing,4,89,cancelled
11672,Leo  DEN,06/28/2024,Tablet,Electronics,8,349,RETURNED
11673,Alice  NYC,03-12-2024,"""Jacket""",Clothing,,$89.99,shipped
11674,Tina  BOS,09-04-2024,Rug,Home,10,89.99,Pending
11675,Diana  NYC,07-12-2024,Blender,Home,5,45,Delivered
11676,Ivy  MIA,07/19/2024,Sneakers,Clothing,7,75,cancelled
11677,Sam  SEA,05-08-2024,Socks,Clothing,7,10,cancelled
11678,Ivy  MIA,03-01-2024,Charger,Electronics,4,14.99,pending
11679,Paul  CHI,24-01-2024,Running Shoes,Sports,4,89.99,returned
11680,Jack  PHX,11-05-2024,"""Rug""",Home,8,89.99,processing
11681,Leo  DEN,14-03-2024,Dress,Clothing,7,49.99,delivered
11682,Grace  SEA,08-05-2024,"""Dumbbell""",Sports,4,$39.99,delivered
11683,Paul  CHI,09/17/2024,Dumbbell,Sports,10,39.99,shipped
11684,Olivia  LA,23-12-2024,Blanket,Home,3,34,returned
11685,Hank  BOS,01-03-2024,Smartphone,Electronics,9,700,shipped
11686,Quinn  SF,07-10-2024,Stapler,Office,2,15.99,processing
11687,Rose  DAL,10/14/24,Resistance Band,Sports,3,13,Pending
11688,Leo  DEN,12/16/24,Clock,Home,9,20,cancelled
11689,Charlie  CHI,18-04-2024,Hat,Clothing,2,19.99,Delivered
11690,Grace  SEA,01/30/2024,Pen Set,Office,1,$12.99,delivered
11691,Jack  PHX,05/14/24,"""Jeans""",Clothing,1,59.99,pending
11692,Quinn  SF,11-07-2024,Water Bottle,Sports,2,14.99,Pending
11693,Alice Smith,09-05-2024,Belt,Clothing,7,$29.99,cancelled
11694,Eve  SF,02/29/24,Monitor,Electronics,5,299.99,returned
11695,Sam  SEA,23-01-2024,"""Blanket""",Home,8,$34.99,returned
11696,Rose  DAL,02/14/2024,Jeans,Clothing,6,60,Delivered
11697,Nate  NYC,01-05-2024,Yoga Mat,Sports,1,29.99,processing
ORD-11698,Quinn  SF,07-28-2024,Resistance Band,Sports,1,$12.99,shipped
11699,Grace  SEA,06/22/2024,Blender,Home,3,$44.99,cancelled
11700,Mia  PDX,01-11-2024,Belt,Clothing,1,29.99,delivered
11701,Karen  ATL,30-05-2024,Socks,Clothing,7,9.99,returned
11702,Frank  DAL,05-09-2024,"""Running Shoes""",Sports,8,$89.99,processing
11703,Olivia  LA,08-30-2024,Jacket,Clothing,6,89,Delivered
11704,Ivy  MIA,02/22/24,Clock,Home,9,19,delivered
ORD-11705,Olivia  LA,25-03-2024,Running Shoes,Sports,6,89.99,cancelled
11706,Leo  DEN,07-03-2024,Yoga Mat,Sports,4,29.99,Delivered
11707,Leo  DEN,07-17-2024,Lamp,Home,8,40,Pending
11708,Eve  SF,03/31/24,Jump Rope,Sports,10,$9.99,cancelled
11709,Karen  ATL,01-26-2024,Water Bottle,Sports,3,14,cancelled
11710,Eve  SF,03/14/24,Dress,Clothing,4,$49.99,Delivered
11711,Nate  NYC,22-03-2024,Chair,Office,3,199.99,returned
11712,Nate  NYC,06/25/2024,Clock,Home,8,$19.99,processing
11713,Rose  DAL,03-17-2024,Tablet,Electronics,6,349,returned
ORD-11714,Charlie  CHI,10-03-2024,Blanket,Home,2,34.99,RETURNED
11715,Quinn  SF,03/22/24,Resistance Band,Sports,5,12,processing
11716,Jack  PHX,09/25/24,Tablet,Electronics,8,350,returned
11717,Hank  BOS,07/28/2024,Running Shoes,Sports,8,89,cancelled
11718,Diana  NYC,03-06-2024,Jacket,Clothing,8,89.99,processing
11719,Grace  SEA,18-03-2024,Smartphone,Electronics,8,$699.99,returned
11720,Jack  PHX,05/15/2024,USB Hub,Electronics,8,19,delivered
11721,Paul  CHI,11-11-2024,Smartphone,Electronics,5,699.99,delivered
11722,Jack  PHX,12/17/2024,Stapler,Office,6,16,shipped
11723,Leo  DEN,15-10-2024,Dumbbell,Sports,9,40,returned
11724,Karen  ATL,04-11-2024,Dumbbell,Sports,5,39,processing
11725,Rose  DAL,10-04-2024,Mouse,Electronics,6,25,returned
11726,Bob  LA,26-04-2024,Jacket,Clothing,4,$89.99,returned
11727,Mia  PDX,28-05-2024,Laptop,Electronics,5,799,cancelled
11728,Tina  BOS,05/17/2024,USB Hub,Electronics,2,19.99,Pending
11729,Rose  DAL,19-06-2024,Calculator,Office,8,24,delivered
11730,Quinn  SF,06-02-2024,Keyboard,Electronics,1,45,pending
11731,Ivy  MIA,15-06-2024,Toaster,Home,6,30,shipped
11732,Bob  LA,09-03-2024,"""Charger""",Electronics,7,14.99,processing
ORD-11733,Ivy  MIA,05-09-2024,Coffee Maker,Home,6,59,processing
11734,Sam  SEA,04-12-2024,Dumbbell,Sports,2,$39.99,RETURNED
11735,Bob  LA,10-13-2024,Chair,Office,2,199.99,pending
11736,Alice  NYC,24-04-2024,Dress,Clothing,1,49,processing
11737,Tina  BOS,02/17/24,Pen Set,Office,3,13,delivered
11738,Ivy  MIA,08-27-2024,Monitor,Electronics,2,299,Pending
11739,Paul  CHI,05-07-2024,TShirt,Clothing,8,25,Delivered
11740,Grace  SEA,04-23-2024,Mouse,Electronics,2,25,processing
11741,Charlie  CHI,05-04-2024,Dumbbell,Sports,8,39.99,pending
11742,Paul  CHI,07/22/24,Pillow,Home,4,24.99,cancelled
11743,Diana  NYC,16-08-2024,Dumbbell,Sports,1,40,cancelled
11744,Paul  CHI,01-06-2024,Stapler,Office,9,$15.99,RETURNED
11745,Olivia  LA,09/16/24,Resistance Band,Sports,1,13,processing
11746,Bob  LA,17-11-2024,Yoga Mat,Sports,10,29.99,processing
ORD-11747,Ivy  MIA,06-21-2024,Whiteboard,Office,8,49,returned
11748,Frank  DAL,12/13/2024,Yoga Mat,Sports,5,$29.99,delivered
ORD-11749,Rose  DAL,10/29/24,Clock,Home,10,19.99,Pending
11750,Sam  SEA,05-03-2024,Hat,Clothing,8,20,RETURNED
11751,Frank  DAL,28-03-2024,Smartphone,Electronics,6,699.99,returned
11752,Hank  BOS,03-04-2024,Clock,Home,10,20,Delivered
11753,Diana  NYC,03-03-2024,Resistance Band,Sports,5,12.99,returned
11754,Karen  ATL,21-07-2024,Clock,Home,2,20,processing
11755,Grace  SEA,12/26/2024,"""Tablet""",Electronics,1,349,pending
11756,Sam  SEA,30-07-2024,Stapler,Office,1,16,processing
11757,Grace  SEA,12-05-2024,Keyboard,Electronics,9,45,shipped
11758,Bob  LA,08/25/2024,Resistance Band,Sports,2,13,processing
11759,Grace  SEA,05-06-2024,Keyboard,Electronics,5,45,Pending
11760,Quinn  SF,12-08-2024,Yoga Mat,Sports,2,29.99,shipped
11761,Bob  LA,19-08-2024,Whiteboard,Office,1,49.99,returned
11762,Olivia  LA,11-11-2024,Dumbbell,Sports,3,39,cancelled
11763,Charlie  CHI,03/27/24,Headphones,Electronics,2,90,cancelled
ORD-11764,Eve  SF,03/15/24,Hat,Clothing,2,19,cancelled
11765,Jack  PHX,08-09-2024,Calculator,Office,7,24.99,delivered
11766,Sam  SEA,08-31-2024,Sneakers,Clothing,7,75,shipped
11767,Karen  ATL,03-01-2024,Running Shoes,Sports,6,$89.99,Delivered
11768,Grace  SEA,03-06-2024,Binder,Office,1,5,Pending
11769,Leo  DEN,06-04-2024,"""Chair""",Office,9,$199.99,pending
11770,Eve  SF,03-12-2024,Blanket,Home,2,34,delivered
11771,Mia  PDX,22-06-2024,Desk Lamp,Office,9,34.99,shipped
11772,Charlie  CHI,08-27-2024,Coffee Maker,Home,1,60,RETURNED
ORD-11773,Ivy  MIA,09-12-2024,Pen Set,Office,7,12.99,shipped
11774,Rose  DAL,01-16-2024,TShirt,Clothing,3,25,returned
11775,Rose  DAL,01-11-2024,Whiteboard,Office,9,49.99,delivered
11776,Sam  SEA,03/25/2024,Monitor,Electronics,6,300,Pending
11777,Jack  PHX,04-09-2024,Chair,Office,10,200,Pending
11778,Jack  PHX,08/23/24,Jump Rope,Sports,4,10,shipped
ORD-11779,Eve  SF,01/21/2024,Blanket,Home,5,35,pending
11780,Bob  LA,06/23/24,Jump Rope,Sports,3,9.99,pending
11781,Olivia  LA,28-12-2024,Belt,Clothing,7,$29.99,Pending
11782,Quinn  SF,06/30/24,Charger,Electronics,1,15,processing
11783,Tina  BOS,21-10-2024,Toaster,Home,8,29,cancelled
11784,Mia  PDX,12/17/2024,Dumbbell,Sports,9,39.99,shipped
11785,Frank  DAL,07-01-2024,"""Water Bottle""",Sports,7,14,processing
11786,Leo  DEN,04-09-2024,Running Shoes,Sports,10,89.99,RETURNED
11787,Leo  DEN,10/23/2024,"""Yoga Mat""",Sports,6,$29.99,Delivered
11788,Paul  CHI,06-20-2024,Coffee Maker,Home,5,59.99,Delivered
11789,Diana  NYC,15-11-2024,Whiteboard,Office,10,$49.99,delivered
11790,Frank  DAL,22-09-2024,USB Hub,Electronics,9,19.99,cancelled
11791,Nate  NYC,21-01-2024,Monitor,Electronics,2,$299.99,returned
11792,Tina  BOS,07/14/2024,Webcam,Electronics,1,60,processing
11793,Karen  ATL,06-04-2024,Coffee Maker,Home,1,59.99,shipped
11794,Jack  PHX,19-06-2024,Mouse,Electronics,5,25,cancelled
11795,Hank  BOS,26-06-2024,Pillow,Home,3,$24.99,returned
11796,Bob  LA,10-07-2024,Tablet,Electronics,7,350,pending
11797,Diana  NYC,15-04-2024,"""Jeans""",Clothing,10,60,Pending
11798,Bob  LA,12-01-2024,Calculator,Office,3,24,shipped
11799,Rose  DAL,18-01-2024,Stapler,Office,7,$15.99,pending
11800,Olivia  LA,10-04-2024,Resistance Band,Sports,4,12.99,pending
11801,Karen  ATL,08-08-2024,Jeans,Clothing,7,60,RETURNED
11802,Eve  SF,05-02-2024,Rug,Home,10,89.99,returned
11803,Ivy  MIA,31-03-2024,Blanket,Home,2,34.99,Pending
11804,Hank  BOS,27-06-2024,Toaster,Home,5,$29.99,Pending
11805,Hank  BOS,06/23/2024,"""Toaster""",Home,9,$29.99,pending
11806,Sam  SEA,07/31/2024,"""USB Hub""",Electronics,3,19,returned
ORD-11807,Hank  BOS,03-26-2024,Whiteboard,Office,5,49.99,pending
11808,Mia  PDX,30-11-2024,Socks,Clothing,6,9.99,delivered
11809,Sam  SEA,07/20/24,Lamp,Home,2,39.99,returned
11810,Rose  DAL,05-05-2024,Chair,Office,5,199.99,pending
11811,Tina  BOS,04-05-2024,Toaster,Home,7,29.99,processing
ORD-11812,Paul  CHI,07/20/24,Jacket,Clothing,7,$89.99,pending
11813,Karen  ATL,05-12-2024,Tablet,Electronics,8,349,pending
11814,Frank  DAL,03-10-2024,Chair,Office,4,199.99,processing
11815,Charlie  CHI,15-05-2024,Headphones,Electronics,4,$89.99,cancelled
11816,Leo  DEN,05-08-2024,"""Charger""",Electronics,3,15,cancelled
11817,Frank  DAL,18-04-2024,Calculator,Office,9,$24.99,cancelled
11818,Rose  DAL,06-28-2024,Running Shoes,Sports,9,89.99,Delivered
11819,Mia  PDX,01-01-2024,"""Jeans""",Clothing,4,$59.99,returned
11820,Ivy  MIA,19-12-2024,"""Jump Rope""",Sports,2,9.99,processing
11821,Nate  NYC,15-02-2024,Pillow,Home,,24,processing
11822,Jack  PHX,05/20/24,Belt,Clothing,5,29,returned
11823,Bob  LA,29-04-2024,Socks,Clothing,3,9,delivered
11824,Tina  BOS,10-07-2024,Hat,Clothing,4,19,shipped
11825,Mia  PDX,04/18/2024,Jacket,Clothing,9,90,cancelled
11826,Olivia  LA,09-01-2024,Tablet,Electronics,9,349,Delivered
11827,Tina  BOS,09-12-2024,Monitor,Electronics,2,299.99,processing
ORD-11828,Leo  DEN,11/19/2024,"""Pillow""",Home,6,25,cancelled
11829,Charlie  CHI,08-24-2024,Blender,Home,8,44,processing
11830,Karen  ATL,10/30/24,Desk Lamp,Office,2,$34.99,Pending
11831,Ivy  MIA,14-03-2024,Yoga Mat,Sports,10,30,shipped
11832,Leo  DEN,06-03-2024,Jacket,Clothing,5,90,cancelled
11833,Karen  ATL,09-07-2024,Toaster,Home,7,29,RETURNED
11834,Charlie  CHI,04/30/24,TShirt,Clothing,5,25,pending
11835,Karen  ATL,02/24/24,Chair,Office,2,200,Pending
11836,Sam  SEA,11/17/24,Sneakers,Clothing,4,75,delivered
11837,Mia  PDX,03-24-2024,Sneakers,Clothing,2,$75.00,delivered
11838,Frank  DAL,09-10-2024,Headphones,Electronics,8,89.99,pending
11839,Hank  BOS,07-07-2024,Jacket,Clothing,6,$89.99,returned
11840,Diana  NYC,12-10-2024,TShirt,Clothing,7,25,returned
11841,Bob  LA,24-11-2024,Stapler,Office,2,15.99,pending
11842,Diana  NYC,10-02-2024,Jacket,Clothing,4,$89.99,processing
11843,Leo  DEN,06-07-2024,USB Hub,Electronics,8,19.99,pending
11844,Nate  NYC,01/15/24,USB Hub,Electronics,4,20,processing
11845,Mia  PDX,06-16-2024,Chair,Office,6,199,pending
11846,Grace  SEA,05-19-2024,Socks,Clothing,10,9,Delivered
11847,Olivia  LA,09-05-2024,Resistance Band,Sports,1,12.99,pending
11848,Olivia  LA,04/15/2024,Yoga Mat,Sports,9,$29.99,Pending
11849,Ivy  MIA,12-01-2024,Mouse,Electronics,10,25,RETURNED
11850,Jack  PHX,14-02-2024,Dress,Clothing,1,49,Delivered
11851,Diana  NYC,04/25/24,Resistance Band,Sports,8,13,RETURNED
11852,Frank  DAL,11-03-2024,Stapler,Office,4,$15.99,delivered
11853,Mia  PDX,29-08-2024,Calculator,Office,4,24,RETURNED
11854,Bob  LA,03-09-2024,Toaster,Home,1,30,returned
11855,Paul  CHI,10-04-2024,Pillow,Home,3,25,shipped
11856,Bob  LA,12/28/24,"""Pillow""",Home,3,24,returned
11857,Leo  DEN,18-09-2024,Mouse,Electronics,6,$25.00,cancelled
11858,Tina  BOS,07-12-2024,Water Bottle,Sports,5,14,Pending
11859,Ivy  MIA,30-09-2024,Toaster,Home,2,30,pending
11860,Alice Smith,05-08-2024,Water Bottle,Sports,3,14,Delivered
11861,Olivia  LA,03/18/24,Hat,Clothing,8,19.99,cancelled
11862,Diana Prince,03-13-2024,"""Running Shoes""",Sports,10,$89.99,shipped
11863,Karen  ATL,04-02-2024,USB Hub,Electronics,2,$19.99,Pending
11864,Diana Prince,14-08-2024,Jump Rope,Sports,2,9.99,Pending
ORD-11865,Ivy  MIA,08-01-2024,Clock,Home,2,19.99,Delivered
11866,Bob  LA,25-11-2024,Blender,Home,5,$44.99,shipped
11867,Diana  NYC,05-25-2024,Running Shoes,Sports,3,89,Pending
11868,Eve  SF,05/13/24,"""Blanket""",Home,10,34.99,shipped
11869,Leo  DEN,02-04-2024,"""Jacket""",Clothing,10,89.99,delivered
11870,Ivy  MIA,03/19/2024,Water Bottle,Sports,6,14.99,Pending
11871,Diana Prince,08-10-2024,Running Shoes,Sports,10,89,Delivered
ORD-11872,Jack  PHX,08-12-2024,Pen Set,Office,6,12.99,cancelled
11873,Paul  CHI,04/14/24,Lamp,Home,7,$39.99,processing
11874,Bob  LA,01/20/2024,Lamp,Home,2,39.99,delivered
11875,Karen  ATL,30-11-2024,Jump Rope,Sports,7,$9.99,RETURNED
11876,Quinn  SF,01/16/2024,Jeans,Clothing,8,59.99,pending
11877,Nate  NYC,07-12-2024,"""Yoga Mat""",Sports,4,29,Delivered
11878,Nate  NYC,22-12-2024,Keyboard,Electronics,8,45,Pending
11879,Grace  SEA,16-05-2024,"""Clock""",Home,10,$19.99,shipped
11880,Nate  NYC,13-12-2024,"""Jacket""",Clothing,1,$89.99,Pending
11881,Hank  BOS,21-01-2024,Lamp,Home,7,39.99,delivered
11882,Karen  ATL,12-24-2024,Webcam,Electronics,4,59.99,cancelled
11883,Quinn  SF,06/15/2024,Clock,Home,3,20,delivered
11884,Jack  PHX,28-11-2024,Notebook,Office,8,8.99,cancelled
11885,Ivy  MIA,06-23-2024,Jacket,Clothing,6,90,processing
11886,Alice  NYC,06-02-2024,Binder,Office,8,5.99,RETURNED
11887,Olivia  LA,18-03-2024,Resistance Band,Sports,9,12.99,RETURNED
11888,Tina  BOS,12/15/24,Tablet,Electronics,6,$349.99,pending
11889,Nate  NYC,07/28/2024,Keyboard,Electronics,9,45,processing
11890,Nate  NYC,17-02-2024,Keyboard,Electronics,8,$45.00,returned
11891,Hank  BOS,06-18-2024,Calculator,Office,3,$24.99,cancelled
11892,Tina  BOS,05/27/2024,Dumbbell,Sports,9,$39.99,RETURNED
11893,Rose  DAL,25-02-2024,Monitor,Electronics,10,299.99,processing
11894,Eve  SF,06-12-2024,Stapler,Office,4,15.99,processing
11895,Mia  PDX,04-14-2024,Jump Rope,Sports,9,9.99,Delivered
11896,Hank  BOS,04/18/24,Lamp,Home,7,39,cancelled
11897,Hank  BOS,02-04-2024,Blanket,Home,2,34.99,delivered
11898,Quinn  SF,05-07-2024,Running Shoes,Sports,4,89.99,cancelled
11899,Rose  DAL,28-10-2024,Resistance Band,Sports,6,12.99,Pending
ORD-11900,Tina  BOS,26-05-2024,Toaster,Home,4,29,delivered
11901,Sam  SEA,27-07-2024,Clock,Home,4,20,Delivered
11902,Rose  DAL,12-08-2024,Resistance Band,Sports,6,12.99,Pending
11903,Sam  SEA,30-11-2024,Coffee Maker,Home,5,60,
11904,Alice  NYC,22-05-2024,Blanket,Home,5,34,returned
11905,Nate  NYC,11-18-2024,Laptop,Electronics,8,800,shipped
11906,Rose  DAL,09-10-2024,Notebook,Office,6,8,Delivered
ORD-11907,Alice  NYC,10/28/24,Rug,Home,9,89,delivered
11908,Olivia  LA,29-02-2024,Desk Lamp,Office,5,34.99,cancelled
11909,Nate  NYC,08-16-2024,Running Shoes,Sports,2,89,pending
11910,Tina  BOS,02-11-2024,Sneakers,Clothing,9,$75.00,returned
11911,Alice Smith,18-08-2024,Yoga Mat,Sports,5,29,cancelled
11912,Bob  LA,06/16/24,Mouse,Electronics,3,25,shipped
11913,Mia  PDX,04-03-2024,Calculator,Office,5,24.99,Delivered
11914,Paul  CHI,14-04-2024,Yoga Mat,Sports,2,$29.99,processing
11915,Ivy  MIA,17-05-2024,Whiteboard,Office,10,50,RETURNED
11916,Sam  SEA,22-05-2024,Binder,Office,10,$5.99,processing
11917,Tina  BOS,23-07-2024,Sneakers,Clothing,8,75,Delivered
ORD-11918,Olivia  LA,06-07-2024,Monitor,Electronics,6,299.99,Delivered
11919,Leo  DEN,19-07-2024,Resistance Band,Sports,6,12.99,returned
11920,Frank  DAL,19-02-2024,Mouse,Electronics,6,25,cancelled
11921,Grace  SEA,30-11-2024,Dress,Clothing,8,50,Delivered
11922,Diana  NYC,05/14/24,Dress,Clothing,6,49.99,RETURNED
11923,Quinn  SF,12/26/2024,Jacket,Clothing,3,$89.99,delivered
11924,Paul  CHI,08-09-2024,Jacket,Clothing,2,89.99,Pending
11925,Alice  NYC,28-07-2024,Belt,Clothing,3,29.99,shipped
11926,Mia  PDX,15-09-2024,Running Shoes,Sports,2,$89.99,delivered
11927,Leo  DEN,04-11-2024,Sneakers,Clothing,8,$75.00,delivered
11928,Rose  DAL,07/21/24,Pen Set,Office,4,12.99,Delivered
11929,Grace  SEA,12-06-2024,Running Shoes,Sports,8,89.99,processing
11930,Sam  SEA,05-24-2024,Chair,Office,3,199,shipped
11931,Charlie  CHI,07-05-2024,Blanket,Home,5,35,cancelled
11932,Quinn  SF,05-03-2024,TShirt,Clothing,5,25,returned
11933,Leo  DEN,17-09-2024,Water Bottle,Sports,9,14.99,returned
11934,Diana  NYC,16-05-2024,Pen Set,Office,1,12.99,delivered
11935,Mia  PDX,02/23/2024,"""Webcam""",Electronics,3,59.99,Pending
11936,Nate  NYC,03/15/24,Chair,Office,9,$199.99,pending
11937,Olivia  LA,02-05-2024,Pen Set,Office,10,12.99,processing
11938,Eve  SF,10/16/2024,USB Hub,Electronics,8,19.99,pending
11939,Quinn  SF,17-02-2024,Running Shoes,Sports,6,N/A,cancelled
ORD-11940,Bob  LA,11/29/2024,Laptop,Electronics,4,$799.99,shipped
11941,Karen  ATL,19-12-2024,Whiteboard,Office,6,$49.99,Delivered
11942,Charlie  CHI,10/23/2024,Blender,Home,6,44,shipped
11943,Leo  DEN,16-08-2024,Smartphone,Electronics,5,699.99,Pending
11944,Olivia  LA,21-07-2024,Tablet,Electronics,8,350,cancelled
11945,Alice Smith,21-01-2024,Clock,Home,4,19.99,returned
11946,Ivy  MIA,05/26/2024,USB Hub,Electronics,2,20,pending
11947,Frank  DAL,09-05-2024,USB Hub,Electronics,8,19.99,Delivered
11948,Sam  SEA,08-05-2024,Yoga Mat,Sports,9,29,shipped
11949,Rose  DAL,26-12-2024,Chair,Office,1,199.99,pending
11950,Nate  NYC,10-03-2024,Resistance Band,Sports,10,$12.99,Delivered
11951,Rose  DAL,29-06-2024,Jeans,Clothing,6,60,processing
11952,Karen  ATL,12-05-2024,Notebook,Office,9,8.99,delivered
11953,Grace  SEA,17-04-2024,Dumbbell,Sports,8,$39.99,returned
11954,Rose  DAL,02-18-2024,Clock,Home,10,20,Delivered
11955,Paul  CHI,04/20/2024,Running Shoes,Sports,5,$89.99,processing
11956,Bob  LA,07-04-2024,Charger,Electronics,3,15,Pending
11957,Frank  DAL,03/27/2024,Pen Set,Office,8,12.99,returned
11958,Paul  CHI,31-03-2024,Keyboard,Electronics,10,45,Pending
11959,Nate  NYC,10-17-2024,Pillow,Home,8,25,RETURNED
11960,Frank  DAL,03/29/24,Sneakers,Clothing,2,$75.00,delivered
11961,Bob  LA,10-31-2024,"""Pen Set""",Office,8,12,processing
11962,Hank  BOS,28-02-2024,Jeans,Clothing,10,59,returned
11963,Olivia  LA,12-07-2024,Calculator,Office,8,25,returned
11964,Tina  BOS,06/23/24,"""Running Shoes""",Sports,5,89.99,delivered
11965,Charlie  CHI,17-07-2024,Belt,Clothing,4,29.99,delivered
ORD-11966,Paul  CHI,01-10-2024,Pillow,Home,1,24.99,Delivered
11967,Tina  BOS,29-11-2024,Jump Rope,Sports,9,9.99,shipped
11968,Sam  SEA,04-11-2024,Water Bottle,Sports,6,$14.99,RETURNED
11969,Quinn  SF,18-12-2024,"""Blender""",Home,8,45,Pending
11970,Sam  SEA,01-18-2024,Jeans,Clothing,2,$59.99,shipped
11971,Nate  NYC,03/18/2024,Whiteboard,Office,6,49,shipped
11972,Ivy  MIA,03/20/24,Hat,Clothing,2,19.99,delivered
11973,Tina  BOS,16-06-2024,Calculator,Office,10,$24.99,cancelled
11974,Nate  NYC,27-06-2024,Desk Lamp,Office,10,34.99,delivered
11975,Jack  PHX,06-12-2024,Sneakers,Clothing,6,75,Delivered
11976,Rose  DAL,12-10-2024,Headphones,Electronics,10,$89.99,returned
11977,Alice  NYC,18-04-2024,"""Charger""",Electronics,1,14.99,shipped
11978,Alice  NYC,07-03-2024,Mouse,Electronics,2,$25.00,processing
11979,Paul  CHI,10-09-2024,Jump Rope,Sports,3,$9.99,RETURNED
11980,Eve  SF,10-08-2024,Desk Lamp,Office,7,35,delivered
11981,Jack  PHX,11-27-2024,Charger,Electronics,1,15,shipped
11982,Ivy  MIA,05/29/2024,Smartphone,Electronics,3,$699.99,Delivered
11983,Hank  BOS,05-17-2024,Tablet,Electronics,8,350,delivered
11984,Ivy  MIA,12-23-2024,Monitor,Electronics,2,299.99,shipped
11985,Karen  ATL,03/19/24,Blender,Home,3,44.99,shipped
11986,Leo  DEN,04-02-2024,Whiteboard,Office,9,49.99,Pending
11987,Karen  ATL,16-01-2024,Toaster,Home,9,29.99,Delivered
11988,Sam  SEA,08-09-2024,Pen Set,Office,4,12,cancelled
11989,Bob  LA,07-02-2024,Blanket,Home,6,34,processing
11990,Olivia  LA,21-02-2024,USB Hub,Electronics,4,20,Delivered
11991,Frank  DAL,05-02-2024,"""Dumbbell""",Sports,3,$39.99,RETURNED
11992,Frank  DAL,09-06-2024,Socks,Clothing,2,9.99,shipped
11993,Leo  DEN,05-11-2024,Chair,Office,9,$199.99,Delivered
11994,Quinn  SF,06/26/24,Toaster,Home,2,29,Delivered
11995,Diana  NYC,23-04-2024,TShirt,Clothing,8,25,pending
11996,Leo  DEN,07-15-2024,Clock,Home,6,$19.99,shipped
11997,Eve  SF,11-02-2024,Desk Lamp,Office,3,$34.99,shipped
11998,Bob  LA,02-21-2024,"""Jump Rope""",Sports,1,9.99,Pending
11999,Hank  BOS,23-02-2024,"""Jacket""",Clothing,7,89.99,delivered
12000,Hank  BOS,12-08-2024,Whiteboard,Office,8,49,cancelled
12001,Eve  SF,02-02-2024,Hat,Clothing,1,19.99,cancelled
12002,Bob  LA,07-03-2024,Yoga Mat,Sports,6,29.99,Delivered
12003,Frank  DAL,11/18/24,Running Shoes,Sports,5,89,RETURNED
12004,Hank  BOS,12-04-2024,Laptop,Electronics,2,799.99,RETURNED
12005,Tina  BOS,06-11-2024,Jacket,Clothing,2,90,shipped
ORD-12006,Tina  BOS,07-25-2024,Socks,Clothing,1,$9.99,Delivered
12007,Tina  BOS,26-12-2024,"""Sneakers""",Clothing,8,75,cancelled
12008,Bob  LA,11-06-2024,Dress,Clothing,3,50,pending
12009,Paul  CHI,11-03-2024,Dress,Clothing,2,50,returned
12010,Karen  ATL,02-20-2024,USB Hub,Electronics,10,19,Delivered
12011,Hank  BOS,03-12-2024,Socks,Clothing,9,$9.99,pending
12012,Karen  ATL,06/26/24,Hat,Clothing,2,19.99,pending
ORD-12013,Paul  CHI,06/28/2024,TShirt,Clothing,5,25,Delivered
12014,Jack  PHX,24-05-2024,Keyboard,Electronics,2,45,Delivered
12015,Bob  LA,03-04-2024,Notebook,Office,5,8.99,cancelled
12016,Jack  PHX,27-06-2024,Rug,Home,3,90,processing
12017,Quinn  SF,08-12-2024,Laptop,Electronics,1,800,Delivered
12018,Sam  SEA,08/30/24,Jacket,Clothing,4,89.99,cancelled
12019,Alice  NYC,10/23/24,Clock,Home,8,19.99,processing
12020,Diana Prince,17-12-2024,Mouse,Electronics,7,$25.00,cancelled
ORD-12021,Quinn  SF,02/17/2024,"""Laptop""",Electronics,1,799.99,Delivered
12022,Grace  SEA,10-01-2024,Lamp,Home,5,39.99,shipped
12023,Tina  BOS,12-17-2024,Running Shoes,Sports,7,90,Delivered
12024,Tina  BOS,05/26/2024,Running Shoes,Sports,9,89.99,returned
12025,Tina  BOS,31-07-2024,Binder,Office,7,$5.99,returned
12026,Tina  BOS,24-04-2024,Blanket,Home,6,35,shipped
12027,Paul  CHI,02-20-2024,Tablet,Electronics,2,349.99,cancelled
12028,Jack  PHX,04-12-2024,Lamp,Home,2,$39.99,shipped
12029,Sam  SEA,08/29/2024,Rug,Home,8,89,Delivered
12030,Eve  SF,12-18-2024,Webcam,Electronics,2,59.99,cancelled
12031,Rose  DAL,19-12-2024,"""Belt""",Clothing,1,30,Pending
12032,Diana  NYC,06-02-2024,Running Shoes,Sports,1,89.99,Pending
12033,Hank  BOS,04-15-2024,Jeans,Clothing,3,59.99,delivered
12034,Tina  BOS,09/13/24,Clock,Home,5,19,cancelled
12035,Alice  NYC,04/22/2024,Binder,Office,2,5.99,delivered
12036,Jack  PHX,10/28/24,USB Hub,Electronics,8,20,shipped
12037,Leo  DEN,13-08-2024,Blender,Home,10,45,Pending
12038,Frank  DAL,05-08-2024,Rug,Home,4,89.99,Pending
12039,Mia  PDX,03/17/24,Running Shoes,Sports,1,$89.99,RETURNED
12040,Bob  LA,20-10-2024,Notebook,Office,9,8,returned
12041,Quinn  SF,12/20/2024,"""Dumbbell""",Sports,5,39.99,shipped
12042,Mia  PDX,04-18-2024,Jacket,Clothing,9,89.99,cancelled
12043,Nate  NYC,08/30/24,Clock,Home,1,19.99,returned
12044,Paul  CHI,09-26-2024,Notebook,Office,2,8.99,Delivered
12045,Sam  SEA,04-12-2024,TShirt,Clothing,6,25,returned
ORD-12046,Paul  CHI,04/25/24,Dumbbell,Sports,2,39.99,delivered
12047,Mia  PDX,26-02-2024,Dumbbell,Sports,8,39.99,Pending
12048,Grace  SEA,24-09-2024,Water Bottle,Sports,2,$14.99,delivered
12049,Mia  PDX,03-07-2024,Blanket,Home,1,34,processing
12050,Karen  ATL,05-12-2024,Binder,Office,6,6,delivered
12051,Paul  CHI,01-12-2024,Webcam,Electronics,5,59.99,Delivered
12052,Alice  NYC,25-04-2024,Keyboard,Electronics,6,45,RETURNED
12053,Bob  LA,07-12-2024,"""Smartphone""",Electronics,6,700,RETURNED
12054,Ivy  MIA,31-08-2024,Dress,Clothing,10,50,Pending
12055,Mia  PDX,12-02-2024,Toaster,Home,5,30,shipped
12056,Bob  LA,02/28/24,"""Dumbbell""",Sports,6,$39.99,Delivered
12057,Hank  BOS,22-07-2024,Tablet,Electronics,9,$349.99,pending
12058,Quinn  SF,12-01-2024,Whiteboard,Office,6,$49.99,Pending
12059,Paul  CHI,12-10-2024,"""Smartphone""",Electronics,10,$699.99,pending
12060,Hank  BOS,05-08-2024,Notebook,Office,9,$8.99,pending
12061,Charlie  CHI,16-06-2024,Yoga Mat,Sports,9,29,shipped
12062,Paul  CHI,01-02-2024,Chair,Office,1,199,
12063,Alice  NYC,01-03-2024,Resistance Band,Sports,9,13,returned
12064,Karen  ATL,11/27/24,Jacket,Clothing,8,89,cancelled
12065,Ivy  MIA,08-23-2024,Running Shoes,Sports,1,90,Delivered
12066,Leo  DEN,04-01-2024,Hat,Clothing,3,19.99,pending
12067,Tina  BOS,09-06-2024,Chair,Office,9,199.99,shipped
12068,Ivy  MIA,02/14/24,Whiteboard,Office,10,49,Pending
12069,Jack  PHX,02-04-2024,Coffee Maker,Home,6,59,RETURNED
12070,Paul  CHI,11-04-2024,Charger,Electronics,5,15,RETURNED
12071,Tina  BOS,01/21/2024,Stapler,Office,7,15.99,RETURNED
12072,Hank  BOS,02/15/2024,Webcam,Electronics,10,59.99,cancelled
12073,Diana  NYC,02-03-2024,Running Shoes,Sports,3,89,Delivered
12074,Sam  SEA,30-07-2024,Stapler,Office,4,15,Delivered
12075,Eve  SF,07-12-2024,Tablet,Electronics,9,349.99,Delivered
12076,Ivy  MIA,13-01-2024,Blanket,Home,4,34,RETURNED
12077,Diana  NYC,13-07-2024,Charger,Electronics,3,14.99,Pending
12078,Frank  DAL,11-07-2024,Rug,Home,5,89.99,returned
12079,Charlie  CHI,09-18-2024,Resistance Band,Sports,1,12.99,delivered
12080,Paul  CHI,03/26/24,Clock,Home,1,19,processing
12081,Charlie  CHI,06-12-2024,Laptop,Electronics,2,800,RETURNED
12082,Ivy  MIA,12-12-2024,Dumbbell,Sports,9,39.99,returned
12083,Leo  DEN,11-12-2024,Pen Set,Office,4,12.99,Delivered
12084,Alice  NYC,25-12-2024,Running Shoes,Sports,1,89.99,Pending
12085,Charlie  CHI,20-05-2024,Headphones,Electronics,6,89.99,RETURNED
12086,Eve  SF,10/20/24,Jeans,Clothing,3,59.99,shipped
12087,Nate  NYC,02-06-2024,Hat,Clothing,8,19,pending
12088,Bob  LA,06/21/2024,"""Coffee Maker""",Home,9,60,pending
12089,Frank  DAL,10/22/24,Pen Set,Office,1,12.99,cancelled
12090,Eve  SF,13-07-2024,Tablet,Electronics,7,349,returned
12091,Grace  SEA,03-03-2024,TShirt,Clothing,8,25,Delivered
12092,Ivy  MIA,07/17/24,Smartphone,Electronics,8,$699.99,pending
12093,Nate  NYC,04-08-2024,Hat,Clothing,10,19.99,RETURNED
12094,Tina  BOS,02-10-2024,Clock,Home,4,19.99,shipped
12095,Eve  SF,03-01-2024,Coffee Maker,Home,2,60,pending
12096,Charlie  CHI,10/17/2024,Mouse,Electronics,7,$25.00,pending
12097,Jack  PHX,04/29/2024,Notebook,Office,8,8,shipped
12098,Diana  NYC,10-20-2024,Laptop,Electronics,4,799.99,processing
12099,Paul  CHI,02-10-2024,Jump Rope,Sports,10,9,pending
12100,Jack  PHX,09-01-2024,Pen Set,Office,10,12.99,cancelled
12101,Sam  SEA,10/19/2024,Binder,Office,3,5,processing
12102,Tina  BOS,12/13/2024,Yoga Mat,Sports,3,30,delivered
12103,Mia  PDX,01-12-2024,Sneakers,Clothing,4,$75.00,Pending
12104,Frank  DAL,19-09-2024,Clock,Home,7,19.99,delivered
12105,Nate  NYC,27-02-2024,Blender,Home,5,44.99,pending
12106,Hank  BOS,07-01-2024,Keyboard,Electronics,2,45,Delivered
ORD-12107,Charlie  CHI,17-05-2024,Webcam,Electronics,8,60,RETURNED
12108,Bob  LA,10-07-2024,Blender,Home,10,44.99,delivered
12109,Eve  SF,12-07-2024,Notebook,Office,8,8,delivered
12110,Karen  ATL,10/24/2024,Coffee Maker,Home,6,60,pending
12111,Bob  LA,04-27-2024,Resistance Band,Sports,5,$12.99,RETURNED
12112,Karen  ATL,22-05-2024,Chair,Office,9,199.99,RETURNED
12113,Ivy  MIA,05-29-2024,Hat,Clothing,5,19.99,RETURNED
12114,Eve  SF,31-03-2024,"""Binder""",Office,2,6,pending
12115,Olivia  LA,14-01-2024,TShirt,Clothing,7,25,Pending
12116,Leo  DEN,12/24/2024,Monitor,Electronics,9,300,shipped
12117,Alice  NYC,15-02-2024,Laptop,Electronics,4,800,cancelled
12118,Leo  DEN,25-02-2024,Whiteboard,Office,6,50,pending
12119,Hank  BOS,17-05-2024,Sneakers,Clothing,1,75,delivered
12120,Hank  BOS,12-06-2024,Lamp,Home,9,40,
12121,Charlie  CHI,02/25/24,Binder,Office,7,6,returned
12122,Charlie  CHI,05-02-2024,Keyboard,Electronics,9,45,Delivered
12123,Karen  ATL,05-24-2024,Pen Set,Office,3,13,pending
12124,Alice  NYC,07-24-2024,Water Bottle,Sports,6,15,Pending
12125,Grace  SEA,28-09-2024,"""Toaster""",Home,6,29.99,pending
ORD-12126,Leo  DEN,03/31/24,Laptop,Electronics,4,800,delivered
12127,Grace  SEA,09-07-2024,Belt,Clothing,1,29.99,delivered
12128,Grace  SEA,07-09-2024,Resistance Band,Sports,1,13,delivered
12129,Nate  NYC,06/30/24,Blanket,Home,2,34.99,RETURNED
12130,Jack  PHX,06/27/24,Calculator,Office,4,24,processing
12131,Charlie  CHI,24-05-2024,Sneakers,Clothing,3,75,shipped
12132,Eve  SF,11-10-2024,Sneakers,Clothing,3,75,returned
12133,Rose  DAL,25-03-2024,Rug,Home,8,$89.99,Pending
12134,Diana  NYC,14-05-2024,Dumbbell,Sports,9,40,delivered
12135,Leo  DEN,07-12-2024,Socks,Clothing,7,9.99,shipped
12136,Rose  DAL,04-09-2024,Dumbbell,Sports,9,39.99,returned
12137,Jack  PHX,23-04-2024,"""Calculator""",Office,3,25,RETURNED
12138,Frank  DAL,03/18/24,Dumbbell,Sports,7,$39.99,returned
12139,Quinn  SF,10/18/2024,Monitor,Electronics,10,$299.99,cancelled
12140,Grace  SEA,03-09-2024,Running Shoes,Sports,6,$89.99,processing
12141,Jack  PHX,27-10-2024,Dumbbell,Sports,6,39.99,returned
12142,Alice Smith,02/22/24,"""Pillow""",Home,8,$24.99,pending
12143,Quinn  SF,06-12-2024,Notebook,Office,8,9,RETURNED
12144,Nate  NYC,01-06-2024,Desk Lamp,Office,5,$34.99,shipped
12145,Quinn  SF,11-25-2024,Jacket,Clothing,10,89,RETURNED
12146,Charlie  CHI,10/20/2024,Rug,Home,3,90,pending
12147,Paul  CHI,19-04-2024,Sneakers,Clothing,1,75,Delivered
12148,Paul  CHI,22-05-2024,Yoga Mat,Sports,5,$29.99,Delivered
12149,Ivy  MIA,25-09-2024,Webcam,Electronics,7,59.99,Pending
12150,Quinn  SF,07/27/24,Coffee Maker,Home,9,59.99,processing
ORD-12151,Frank  DAL,11/23/24,Hat,Clothing,4,20,returned
12152,Mia  PDX,01/21/2024,Socks,Clothing,7,10,Delivered
12153,Alice  NYC,26-06-2024,Headphones,Electronics,10,$89.99,pending
12154,Jack  PHX,01-03-2024,Blanket,Home,10,34.99,Delivered
12155,Karen  ATL,04-08-2024,"""Yoga Mat""",Sports,7,29.99,pending
12156,Alice  NYC,03-03-2024,Sneakers,Clothing,4,75,cancelled
12157,Quinn  SF,03-12-2024,Blender,Home,9,44,Delivered
12158,Olivia  LA,03-30-2024,Jump Rope,Sports,4,9.99,Pending
12159,Karen  ATL,12-15-2024,Chair,Office,1,200,Pending
12160,Ivy  MIA,08-18-2024,Keyboard,Electronics,10,45,Delivered
12161,Bob  LA,06-26-2024,Lamp,Home,8,40,Delivered
12162,Charlie  CHI,08-18-2024,Yoga Mat,Sports,1,$29.99,pending
12163,Ivy  MIA,06-25-2024,Webcam,Electronics,9,59,Delivered
12164,Hank  BOS,03-03-2024,Resistance Band,Sports,3,12.99,Pending
12165,Hank  BOS,09-05-2024,Stapler,Office,1,15.99,RETURNED
12166,Alice Smith,12-22-2024,Toaster,Home,8,29.99,shipped
12167,Hank  BOS,06/19/2024,Mouse,Electronics,5,25,Pending
12168,Eve  SF,12/29/2024,Jacket,Clothing,5,90,RETURNED
12169,Paul  CHI,07-08-2024,Blender,Home,7,44.99,cancelled
12170,Diana  NYC,13-03-2024,Stapler,Office,10,15,RETURNED
12171,Olivia  LA,01/30/2024,USB Hub,Electronics,2,20,pending
12172,Olivia  LA,07/15/24,Yoga Mat,Sports,10,29.99,Delivered
12173,Ivy  MIA,10-09-2024,Calculator,Office,2,24.99,processing
12174,Alice  NYC,02-12-2024,Laptop,Electronics,10,$799.99,Pending
12175,Eve  SF,01-08-2024,Monitor,Electronics,9,$299.99,pending
12176,Jack  PHX,04-12-2024,"""Jacket""",Clothing,8,89.99,Delivered
ORD-12177,Tina  BOS,10-21-2024,Pillow,Home,8,24,shipped
12178,Mia  PDX,03/25/24,Stapler,Office,7,15.99,Delivered
12179,Charlie  CHI,04/23/2024,Water Bottle,Sports,1,$14.99,Delivered
12180,Karen  ATL,08-20-2024,Sneakers,Clothing,4,75,processing
12181,Rose  DAL,09-30-2024,Jump Rope,Sports,,9,Pending
12182,Rose  DAL,03/23/24,Stapler,Office,9,15.99,Delivered
12183,Paul  CHI,11-05-2024,TShirt,Clothing,7,25,RETURNED
12184,Quinn  SF,28-03-2024,"""Pen Set""",Office,10,$12.99,Pending
12185,Ivy  MIA,01/31/2024,Yoga Mat,Sports,2,29.99,shipped
12186,Hank  BOS,21-01-2024,"""USB Hub""",Electronics,8,$19.99,returned
12187,Sam  SEA,30-09-2024,Tablet,Electronics,7,349.99,RETURNED
12188,Olivia  LA,01-09-2024,"""Dumbbell""",Sports,2,$39.99,pending
12189,Olivia  LA,17-05-2024,Dumbbell,Sports,6,39.99,RETURNED
12190,Nate  NYC,03-09-2024,Pillow,Home,2,24.99,delivered
12191,Eve  SF,01-11-2024,"""Blender""",Home,7,44,returned
12192,Rose  DAL,01/18/24,Socks,Clothing,1,9.99,shipped
12193,Jack  PHX,20-05-2024,Rug,Home,7,89.99,cancelled
12194,Diana  NYC,02/20/24,Calculator,Office,8,$24.99,returned
12195,Nate  NYC,08/29/24,"""Lamp""",Home,10,39.99,pending
12196,Quinn  SF,04-09-2024,Binder,Office,6,6,RETURNED
12197,Mia  PDX,05-09-2024,Binder,Office,10,5.99,cancelled
12198,Nate  NYC,12-13-2024,Toaster,Home,8,30,pending
12199,Eve  SF,11-17-2024,Mouse,Electronics,5,25,Pending
12200,Karen  ATL,14-04-2024,Keyboard,Electronics,6,45,Delivered
12201,Ivy  MIA,06-29-2024,Pen Set,Office,8,12.99,delivered
12202,Alice  NYC,27-08-2024,Hat,Clothing,5,19.99,delivered
12203,Alice  NYC,03/27/24,Blanket,Home,3,34.99,shipped
12204,Karen  ATL,04-21-2024,Headphones,Electronics,9,89,pending
12205,Diana  NYC,20-01-2024,Lamp,Home,1,39.99,delivered
12206,Nate  NYC,09-01-2024,Coffee Maker,Home,7,60,RETURNED
12207,Alice  NYC,23-07-2024,"""Notebook""",Office,2,8.99,pending
12208,Jack  PHX,03-10-2024,Binder,Office,6,6,Pending
12209,Alice  NYC,08-26-2024,TShirt,Clothing,2,25,processing
12210,Jack  PHX,01-17-2024,Stapler,Office,7,15.99,Pending
12211,Mia  PDX,07-01-2024,Belt,Clothing,9,29,Pending
12212,Sam  SEA,07-09-2024,Dumbbell,Sports,3,39.99,delivered
12213,Sam  SEA,04-05-2024,Laptop,Electronics,8,800,Delivered
12214,Olivia  LA,10-06-2024,Jeans,Clothing,10,59,pending
12215,Rose  DAL,07-06-2024,Yoga Mat,Sports,6,29.99,Delivered
12216,Eve  SF,05-07-2024,"""Yoga Mat""",Sports,1,29,cancelled
12217,Tina  BOS,07/30/24,"""TShirt""",Clothing,8,25,pending
12218,Hank  BOS,06/26/24,Calculator,Office,10,25,returned
12219,Ivy  MIA,06-09-2024,Coffee Maker,Home,7,59.99,returned
12220,Hank  BOS,08-08-2024,Belt,Clothing,3,30,cancelled
12221,Eve  SF,20-08-2024,Stapler,Office,7,15,delivered
ORD-12222,Charlie  CHI,30-07-2024,Laptop,Electronics,1,799,pending
12223,Bob  LA,05-18-2024,Pillow,Home,3,$24.99,delivered
12224,Alice  NYC,02-14-2024,Pen Set,Office,8,13,shipped
12225,Ivy  MIA,11-11-2024,Chair,Office,7,199.99,processing
12226,Alice  NYC,11/13/2024,Belt,Clothing,8,29,RETURNED
12227,Nate  NYC,01-12-2024,Dress,Clothing,1,49.99,Delivered
12228,Alice Smith,13-05-2024,Whiteboard,Office,7,50,cancelled
12229,Sam  SEA,02-08-2024,Water Bottle,Sports,10,14,pending
12230,Hank  BOS,08/22/24,Tablet,Electronics,4,349.99,returned
12231,Charlie  CHI,11/30/24,Desk Lamp,Office,10,$34.99,Delivered
12232,Grace  SEA,10-04-2024,Sneakers,Clothing,9,75,pending
12233,Bob  LA,06-01-2024,Clock,Home,1,19.99,Pending
12234,Hank  BOS,29-08-2024,Blender,Home,10,44.99,processing
12235,Jack  PHX,17-04-2024,Hat,Clothing,2,19.99,shipped
12236,Rose  DAL,18-02-2024,USB Hub,Electronics,10,19.99,RETURNED
12237,Karen  ATL,01-09-2024,Resistance Band,Sports,8,12,processing
12238,Ivy  MIA,07-06-2024,"""Monitor""",Electronics,8,299.99,RETURNED
12239,Nate  NYC,30-01-2024,Calculator,Office,3,$24.99,delivered
12240,Karen  ATL,01-07-2024,"""Laptop""",Electronics,1,799.99,RETURNED
12241,Leo  DEN,28-08-2024,Hat,Clothing,4,19.99,Pending
12242,Charlie  CHI,04-10-2024,Blender,Home,7,44.99,processing
12243,Alice Smith,26-01-2024,Chair,Office,9,$199.99,pending
12244,Charlie  CHI,20-01-2024,Running Shoes,Sports,3,$89.99,RETURNED
12245,Olivia  LA,24-09-2024,"""Pen Set""",Office,1,$12.99,processing
12246,Quinn  SF,12/21/24,Blanket,Home,8,34.99,Delivered
12247,Karen  ATL,26-04-2024,TShirt,Clothing,2,25,returned
12248,Hank  BOS,29-02-2024,Yoga Mat,Sports,9,29.99,Pending
12249,Diana  NYC,11/23/24,Blanket,Home,6,34.99,Delivered
12250,Tina  BOS,03-23-2024,Pillow,Home,6,25,cancelled
12251,Olivia  LA,11-20-2024,Desk Lamp,Office,5,$34.99,cancelled
ORD-12252,Eve  SF,01/29/2024,Yoga Mat,Sports,7,29.99,RETURNED
12253,Tina  BOS,01-06-2024,TShirt,Clothing,7,$25.00,processing
12254,Rose  DAL,10-12-2024,Stapler,Office,2,15.99,shipped
ORD-12255,Tina  BOS,21-07-2024,Belt,Clothing,8,$29.99,Delivered
12256,Quinn  SF,24-04-2024,Hat,Clothing,7,$19.99,returned
12257,Jack  PHX,11-12-2024,Resistance Band,Sports,7,13,delivered
12258,Leo  DEN,09/21/2024,Sneakers,Clothing,5,$75.00,Pending
12259,Grace  SEA,26-07-2024,Yoga Mat,Sports,5,29.99,Pending
12260,Bob  LA,08-09-2024,Rug,Home,10,89,shipped
12261,Ivy  MIA,05-12-2024,Stapler,Office,3,16,returned
12262,Rose  DAL,06-05-2024,Sneakers,Clothing,9,75,RETURNED
12263,Jack  PHX,11-12-2024,Lamp,Home,10,40,delivered
12264,Eve  SF,09-02-2024,Webcam,Electronics,2,59,returned
12265,Eve  SF,09-04-2024,"""Running Shoes""",Sports,10,89.99,delivered
12266,Frank  DAL,12-01-2024,Chair,Office,9,200,cancelled
12267,Leo  DEN,04/20/24,Socks,Clothing,3,$9.99,returned
12268,Ivy  MIA,13-03-2024,Rug,Home,3,89.99,delivered
12269,Jack  PHX,04-20-2024,TShirt,Clothing,6,$25.00,processing
12270,Grace  SEA,24-06-2024,Dumbbell,Sports,5,$39.99,Pending
12271,Tina  BOS,11-19-2024,Pillow,Home,7,24,pending
12272,Quinn  SF,08/21/2024,Headphones,Electronics,6,89,Delivered
12273,Rose  DAL,11-04-2024,Socks,Clothing,2,9.99,pending
12274,Karen  ATL,10-26-2024,Resistance Band,Sports,7,12,pending
12275,Bob  LA,26-01-2024,Smartphone,Electronics,7,699.99,Delivered
12276,Paul  CHI,08-02-2024,Rug,Home,8,89.99,returned
12277,Nate  NYC,03/15/2024,Jacket,Clothing,8,90,pending
12278,Paul  CHI,19-11-2024,Resistance Band,Sports,8,12,shipped
12279,Olivia  LA,10-09-2024,Notebook,Office,9,8.99,delivered
12280,Mia  PDX,29-03-2024,Whiteboard,Office,5,50,returned
12281,Diana  NYC,10/29/24,Tablet,Electronics,1,350,cancelled
12282,Nate  NYC,02/17/2024,Jump Rope,Sports,3,9.99,Pending
12283,Diana Prince,07-03-2024,Pen Set,Office,7,12,pending
12284,Tina  BOS,03-16-2024,Pillow,Home,3,$24.99,returned
12285,Eve  SF,10-11-2024,Notebook,Office,,9,delivered
12286,Diana  NYC,07-01-2024,Calculator,Office,4,24.99,shipped
12287,Ivy  MIA,05/17/2024,Monitor,Electronics,9,$299.99,Delivered
12288,Sam  SEA,09-27-2024,Hat,Clothing,9,N/A,delivered
12289,Rose  DAL,19-04-2024,Binder,Office,5,6,pending
12290,Leo  DEN,07-14-2024,Coffee Maker,Home,4,60,processing
12291,Ivy  MIA,02-16-2024,"""Pillow""",Home,3,24.99,Pending
12292,Hank  BOS,10/28/24,Belt,Clothing,4,30,delivered
12293,Hank  BOS,08-21-2024,Monitor,Electronics,10,299.99,Pending
ORD-12294,Olivia  LA,11-08-2024,Binder,Office,5,6,returned
12295,Eve  SF,13-01-2024,Dumbbell,Sports,10,39,RETURNED
12296,Diana  NYC,05/20/2024,Sneakers,Clothing,3,75,pending
12297,Ivy  MIA,22-09-2024,Dress,Clothing,2,49.99,Pending
12298,Nate  NYC,04-02-2024,Lamp,Home,7,39.99,cancelled
12299,Eve  SF,11-20-2024,Tablet,Electronics,7,350,Delivered
12300,Olivia  LA,11-16-2024,Running Shoes,Sports,10,90,pending
12301,Hank  BOS,03-09-2024,Pillow,Home,8,24.99,delivered
12302,Grace  SEA,26-03-2024,Lamp,Home,3,$39.99,cancelled
12303,Grace  SEA,02-10-2024,Chair,Office,1,199.99,pending
12304,Karen  ATL,02-20-2024,Keyboard,Electronics,4,45,Delivered
12305,Leo  DEN,11-16-2024,Resistance Band,Sports,3,12,Pending
12306,Paul  CHI,03/31/24,Running Shoes,Sports,10,90,Pending
12307,Bob  LA,06-16-2024,Dumbbell,Sports,2,39.99,delivered
12308,Charlie  CHI,14-02-2024,Sneakers,Clothing,2,$75.00,returned
12309,Quinn  SF,09/22/2024,Desk Lamp,Office,1,34.99,Delivered
12310,Paul  CHI,06/26/24,"""Calculator""",Office,8,24.99,delivered
12311,Mia  PDX,01-01-2024,Belt,Clothing,6,$29.99,delivered
12312,Ivy  MIA,18-06-2024,Clock,Home,10,19,delivered
12313,Grace  SEA,05/19/2024,Notebook,Office,8,8.99,RETURNED
ORD-12314,Hank  BOS,04-07-2024,Dress,Clothing,4,50,processing
12315,Charlie  CHI,13-06-2024,TShirt,Clothing,10,$25.00,Pending
ORD-12316,Mia  PDX,05-03-2024,Tablet,Electronics,5,350,Pending
12317,Grace  SEA,10/28/24,USB Hub,Electronics,10,20,returned
12318,Tina  BOS,04-17-2024,Blender,Home,9,$44.99,shipped
12319,Bob  LA,04-08-2024,"""TShirt""",Clothing,7,25,RETURNED
12320,Paul  CHI,09/17/2024,Desk Lamp,Office,4,34.99,pending
12321,Bob  LA,11-12-2024,"""Mouse""",Electronics,7,25,Delivered
12322,Grace  SEA,18-02-2024,Resistance Band,Sports,5,$12.99,RETURNED
12323,Bob  LA,01/17/24,Clock,Home,9,20,delivered
12324,Leo  DEN,02-29-2024,"""Yoga Mat""",Sports,5,29.99,cancelled
12325,Mia  PDX,24-01-2024,Stapler,Office,9,$15.99,cancelled
12326,Charlie  CHI,14-05-2024,Smartphone,Electronics,9,699.99,RETURNED
12327,Sam  SEA,03-10-2024,Hat,Clothing,8,19.99,Pending
12328,Karen  ATL,24-07-2024,Resistance Band,Sports,7,$12.99,delivered
12329,Jack  PHX,28-08-2024,Dress,Clothing,6,$49.99,delivered
12330,Karen  ATL,16-04-2024,Toaster,Home,10,$29.99,RETURNED
12331,Frank  DAL,21-09-2024,Clock,Home,6,19.99,delivered
12332,Jack  PHX,07-09-2024,"""Jacket""",Clothing,3,$89.99,RETURNED
12333,Olivia  LA,11/16/24,"""Rug""",Home,8,$89.99,processing
12334,Sam  SEA,23-06-2024,Water Bottle,Sports,2,14,Pending
12335,Quinn  SF,17-08-2024,Resistance Band,Sports,4,$12.99,shipped
12336,Charlie  CHI,11-11-2024,Jeans,Clothing,1,60,processing
12337,Hank  BOS,11-05-2024,Socks,Clothing,6,$9.99,returned
12338,Sam  SEA,06-21-2024,Webcam,Electronics,1,$59.99,delivered
12339,Leo  DEN,07-16-2024,Calculator,Office,9,24.99,Pending
12340,Eve  SF,28-06-2024,"""Clock""",Home,9,20,cancelled
12341,Jack  PHX,23-06-2024,Clock,Home,4,$19.99,Delivered
12342,Jack  PHX,07-10-2024,Sneakers,Clothing,1,$75.00,processing
12343,Nate  NYC,08-11-2024,Hat,Clothing,9,$19.99,pending
12344,Tina  BOS,06-04-2024,Blender,Home,1,$44.99,shipped
12345,Rose  DAL,08-07-2024,Resistance Band,Sports,8,13,returned
12346,Tina  BOS,15-03-2024,TShirt,Clothing,10,25,processing
ORD-12347,Nate  NYC,02-14-2024,Water Bottle,Sports,9,15,cancelled
12348,Frank  DAL,04-06-2024,"""Hat""",Clothing,8,19,RETURNED
12349,Grace  SEA,02/16/2024,Resistance Band,Sports,2,12,delivered
12350,Diana Prince,05-16-2024,Belt,Clothing,10,29,delivered
12351,Bob  LA,03/14/24,Smartphone,Electronics,10,699.99,
12352,Alice  NYC,18-10-2024,Running Shoes,Sports,8,90,delivered
12353,Mia  PDX,06-09-2024,Belt,Clothing,8,29,returned
12354,Grace  SEA,05/16/2024,Pillow,Home,8,$24.99,Pending
12355,Olivia  LA,08-23-2024,Hat,Clothing,5,19.99,RETURNED
12356,Ivy  MIA,07/29/2024,Smartphone,Electronics,5,699.99,RETURNED
12357,Karen  ATL,03-09-2024,Sneakers,Clothing,5,75,returned
12358,Rose  DAL,02/20/24,Pen Set,Office,8,13,processing
12359,Frank  DAL,05/25/2024,Clock,Home,9,$19.99,shipped
12360,Karen  ATL,08/14/24,TShirt,Clothing,1,25,shipped
12361,Jack  PHX,08-14-2024,Running Shoes,Sports,1,89,Delivered
12362,Eve  SF,27-01-2024,USB Hub,Electronics,4,19,processing
12363,Alice  NYC,14-04-2024,Chair,Office,6,200,cancelled
12364,Grace  SEA,02-10-2024,"""Dress""",Clothing,3,49.99,Pending
12365,Leo  DEN,02-10-2024,Socks,Clothing,5,9.99,shipped
12366,Rose  DAL,11/23/24,Clock,Home,3,19,RETURNED
12367,Charlie  CHI,01/31/2024,Belt,Clothing,1,29,RETURNED
12368,Diana Prince,09-10-2024,Jeans,Clothing,2,59.99,Pending
12369,Diana  NYC,02-02-2024,TShirt,Clothing,6,25,pending
12370,Nate  NYC,18-09-2024,Jeans,Clothing,6,59.99,delivered
12371,Paul  CHI,08/21/24,Jump Rope,Sports,1,9.99,shipped
12372,Karen  ATL,09-22-2024,Dress,Clothing,5,49,shipped
12373,Mia  PDX,04/22/24,Whiteboard,Office,2,49.99,shipped
12374,Hank  BOS,05-12-2024,Keyboard,Electronics,10,45,RETURNED
12375,Jack  PHX,10-08-2024,Socks,Clothing,4,10,RETURNED
12376,Jack  PHX,24-11-2024,Stapler,Office,10,15,cancelled
12377,Olivia  LA,06-02-2024,Hat,Clothing,2,19.99,RETURNED
12378,Tina  BOS,08/21/24,Desk Lamp,Office,5,35,cancelled
12379,Paul  CHI,03-17-2024,Webcam,Electronics,3,60,Delivered
12380,Charlie  CHI,07-28-2024,Webcam,Electronics,9,$59.99,pending
12381,Eve  SF,12-07-2024,Coffee Maker,Home,3,59.99,delivered
12382,Diana  NYC,29-11-2024,Mouse,Electronics,1,25,processing
12383,Alice  NYC,11/24/24,Jump Rope,Sports,3,$9.99,RETURNED
12384,Charlie  CHI,03/22/2024,Whiteboard,Office,7,49,Delivered
12385,Alice Smith,11-21-2024,Jacket,Clothing,9,$89.99,pending
12386,Sam  SEA,16-02-2024,Jump Rope,Sports,5,$9.99,Delivered
12387,Charlie  CHI,10-04-2024,"""Chair""",Office,10,199,returned
12388,Mia  PDX,07-05-2024,Water Bottle,Sports,8,14,Delivered
12389,Rose  DAL,21-03-2024,Jump Rope,Sports,5,9.99,shipped
12390,Paul  CHI,07-15-2024,Jeans,Clothing,1,59,Delivered
12391,Nate  NYC,11-02-2024,Toaster,Home,3,$29.99,Pending
12392,Ivy  MIA,11/25/2024,Water Bottle,Sports,4,14.99,RETURNED
12393,Mia  PDX,10/31/24,TShirt,Clothing,2,25,cancelled
12394,Olivia  LA,04/22/24,Resistance Band,Sports,5,12.99,pending
12395,Diana Prince,19-11-2024,"""Clock""",Home,5,19.99,RETURNED
12396,Nate  NYC,19-05-2024,Sneakers,Clothing,9,75,returned
12397,Sam  SEA,23-06-2024,Jeans,Clothing,5,$59.99,returned
12398,Ivy  MIA,06-10-2024,Dumbbell,Sports,2,39.99,pending
12399,Bob  LA,04-05-2024,Webcam,Electronics,1,59,RETURNED
12400,Jack  PHX,09-09-2024,"""Blanket""",Home,10,34,shipped
12401,Alice  NYC,11/29/24,Rug,Home,10,89.99,pending
12402,Nate  NYC,12-12-2024,Resistance Band,Sports,9,$12.99,shipped
12403,Charlie  CHI,11-08-2024,Smartphone,Electronics,7,699.99,Delivered
12404,Nate  NYC,18-02-2024,Resistance Band,Sports,2,12.99,processing
12405,Frank  DAL,06-09-2024,Dumbbell,Sports,10,$39.99,Delivered
12406,Sam  SEA,19-08-2024,Smartphone,Electronics,8,699,RETURNED
12407,Olivia  LA,04/30/24,Hat,Clothing,9,$19.99,cancelled
12408,Hank  BOS,16-11-2024,Blender,Home,10,44.99,RETURNED
12409,Grace  SEA,09-09-2024,"""Sneakers""",Clothing,9,$75.00,Delivered
12410,Charlie  CHI,02-12-2024,Belt,Clothing,2,30,RETURNED
12411,Bob  LA,09-09-2024,Jump Rope,Sports,1,$9.99,delivered
12412,Eve  SF,05-07-2024,Blender,Home,2,44.99,Pending
12413,Alice  NYC,11/29/2024,Smartphone,Electronics,1,699,shipped
12414,Sam  SEA,08-02-2024,Jump Rope,Sports,7,9,Delivered
12415,Bob  LA,20-08-2024,Jump Rope,Sports,1,9.99,RETURNED
12416,Jack  PHX,18-09-2024,Clock,Home,4,19,pending
12417,Olivia  LA,12-06-2024,Water Bottle,Sports,5,$14.99,shipped
12418,Rose  DAL,15-05-2024,Webcam,Electronics,8,59,shipped
12419,Sam  SEA,09-11-2024,"""Webcam""",Electronics,4,60,Pending
12420,Mia  PDX,06-15-2024,Whiteboard,Office,9,49,processing
12421,Quinn  SF,13-04-2024,Pillow,Home,7,25,cancelled
12422,Paul  CHI,24-11-2024,Belt,Clothing,10,29.99,returned
12423,Frank  DAL,29-12-2024,Socks,Clothing,2,10,delivered
12424,Frank  DAL,10-01-2024,Resistance Band,Sports,2,12,delivered
12425,Grace  SEA,08-03-2024,Pen Set,Office,1,12,Delivered
12426,Rose  DAL,04-01-2024,Blender,Home,3,44.99,pending
12427,Leo  DEN,04/27/2024,Coffee Maker,Home,6,59.99,RETURNED
12428,Olivia  LA,12-04-2024,Keyboard,Electronics,5,$45.00,shipped
12429,Diana  NYC,05-04-2024,Webcam,Electronics,10,$59.99,cancelled
12430,Frank  DAL,01/20/24,Coffee Maker,Home,9,59.99,Pending
12431,Charlie  CHI,03/23/24,Notebook,Office,4,$8.99,pending
12432,Quinn  SF,11/18/24,TShirt,Clothing,3,25,shipped
12433,Grace  SEA,18-06-2024,Running Shoes,Sports,5,89.99,delivered
12434,Alice  NYC,25-01-2024,Stapler,Office,1,16,shipped
12435,Jack  PHX,10-18-2024,Laptop,Electronics,6,799.99,delivered
ORD-12436,Quinn  SF,24-08-2024,Coffee Maker,Home,3,59,pending
12437,Sam  SEA,04-04-2024,Monitor,Electronics,9,299.99,Delivered
12438,Mia  PDX,08-05-2024,Yoga Mat,Sports,9,29,shipped
12439,Nate  NYC,14-05-2024,Dumbbell,Sports,9,40,cancelled
12440,Nate  NYC,02-11-2024,Water Bottle,Sports,10,14.99,returned
12441,Jack  PHX,02-12-2024,Stapler,Office,5,15,shipped
12442,Frank  DAL,11-09-2024,Blanket,Home,5,34.99,Pending
12443,Nate  NYC,12-02-2024,Hat,Clothing,7,20,returned
12444,Ivy  MIA,10-28-2024,Lamp,Home,6,39.99,processing
12445,Tina  BOS,05-23-2024,Socks,Clothing,5,9.99,shipped
12446,Sam  SEA,13-11-2024,TShirt,Clothing,1,25,processing
12447,Mia  PDX,12-17-2024,Clock,Home,6,20,Pending
12448,Diana  NYC,05-07-2024,Stapler,Office,9,15.99,pending
12449,Charlie  CHI,07-10-2024,Sneakers,Clothing,3,75,delivered
ORD-12450,Mia  PDX,26-04-2024,Toaster,Home,3,29,delivered
ORD-12451,Tina  BOS,02/24/2024,"""Webcam""",Electronics,2,$59.99,pending
12452,Charlie  CHI,22-06-2024,"""Running Shoes""",Sports,5,89,pending
12453,Tina  BOS,06/17/2024,Binder,Office,6,5,Pending
12454,Karen  ATL,27-09-2024,Mouse,Electronics,6,$25.00,cancelled
12455,Mia  PDX,06-29-2024,Water Bottle,Sports,8,$14.99,shipped
12456,Bob  LA,20-04-2024,Coffee Maker,Home,1,59.99,pending
12457,Paul  CHI,08-23-2024,Dress,Clothing,4,49.99,shipped
12458,Sam  SEA,07/19/24,Desk Lamp,Office,8,$34.99,Delivered
12459,Sam  SEA,06-05-2024,Blender,Home,5,44,delivered
12460,Hank  BOS,03-09-2024,Notebook,Office,2,8.99,delivered
12461,Eve  SF,11/28/24,Belt,Clothing,8,29.99,returned
12462,Paul  CHI,02/22/2024,Sneakers,Clothing,4,75,delivered
12463,Ivy  MIA,06/17/24,Charger,Electronics,10,14.99,RETURNED
12464,Nate  NYC,08-02-2024,Belt,Clothing,5,$29.99,pending
12465,Sam  SEA,02-10-2024,"""Toaster""",Home,7,29.99,delivered
12466,Diana  NYC,12-01-2024,Monitor,Electronics,9,$299.99,Pending
12467,Bob  LA,11-10-2024,Charger,Electronics,3,15,cancelled
12468,Tina  BOS,25-12-2024,Clock,Home,7,$19.99,RETURNED
12469,Nate  NYC,09-06-2024,Binder,Office,6,6,RETURNED
12470,Charlie  CHI,06/17/2024,Dumbbell,Sports,9,39,RETURNED
12471,Hank  BOS,24-06-2024,Chair,Office,2,$199.99,shipped
12472,Diana  NYC,10-12-2024,Dumbbell,Sports,1,39.99,Delivered
12473,Frank  DAL,06/21/24,Calculator,Office,1,24,processing
12474,Sam  SEA,02/16/2024,Running Shoes,Sports,10,90,returned
12475,Karen  ATL,09-28-2024,Jeans,Clothing,5,$59.99,Delivered
12476,Ivy  MIA,19-02-2024,USB Hub,Electronics,7,19.99,pending
12477,Hank  BOS,06-22-2024,Keyboard,Electronics,8,45,RETURNED
12478,Diana Prince,03-03-2024,"""Notebook""",Office,2,8,processing
12479,Tina  BOS,13-08-2024,"""Rug""",Home,10,$89.99,RETURNED
12480,Quinn  SF,11-10-2024,Stapler,Office,2,$15.99,cancelled
12481,Olivia  LA,07-17-2024,Running Shoes,Sports,4,89.99,shipped
12482,Ivy  MIA,29-12-2024,Belt,Clothing,2,29.99,Pending
12483,Tina  BOS,06/26/24,Binder,Office,2,$5.99,returned
12484,Hank  BOS,05/25/24,Stapler,Office,8,$15.99,Pending
12485,Olivia  LA,08/19/24,Calculator,Office,2,24.99,pending
12486,Quinn  SF,17-08-2024,Charger,Electronics,9,14.99,processing
12487,Sam  SEA,02-16-2024,Toaster,Home,5,$29.99,processing
12488,Frank  DAL,12/23/24,Clock,Home,6,19.99,pending
12489,Charlie  CHI,09-11-2024,Charger,Electronics,9,$14.99,Delivered
12490,Grace  SEA,05-11-2024,Water Bottle,Sports,8,14.99,RETURNED
12491,Paul  CHI,10/14/2024,Water Bottle,Sports,7,14.99,Pending
12492,Diana  NYC,10-11-2024,Laptop,Electronics,8,799.99,Delivered
12493,Charlie  CHI,03/28/2024,Binder,Office,10,5.99,Pending
12494,Olivia  LA,05-04-2024,Binder,Office,3,5.99,delivered
12495,Quinn  SF,05-21-2024,Mouse,Electronics,3,$25.00,processing
12496,Charlie  CHI,08-24-2024,"""Chair""",Office,9,200,delivered
12497,Alice Smith,16-05-2024,"""Socks""",Clothing,8,10,Pending
12498,Nate  NYC,21-03-2024,Dumbbell,Sports,5,40,shipped
12499,Rose  DAL,28-04-2024,Whiteboard,Office,9,$49.99,pending
12500,Hank  BOS,06-01-2024,Pen Set,Office,9,12.99,pending
12501,Alice Smith,03/28/2024,Jump Rope,Sports,10,9.99,processing
ORD-12502,Rose  DAL,03/29/2024,Whiteboard,Office,8,50,processing
ORD-12503,Ivy  MIA,04-14-2024,Yoga Mat,Sports,3,29.99,delivered
12504,Paul  CHI,12-08-2024,Belt,Clothing,8,29.99,returned
12505,Quinn  SF,06/27/24,Clock,Home,5,$19.99,processing
ORD-12506,Jack  PHX,11-08-2024,Calculator,Office,2,24.99,pending
ORD-12507,Grace  SEA,07/22/2024,Charger,Electronics,3,$14.99,processing
12508,Ivy  MIA,23-09-2024,Webcam,Electronics,1,59,Delivered
12509,Hank  BOS,10-04-2024,Running Shoes,Sports,3,$89.99,processing
12510,Mia  PDX,02-08-2024,Blanket,Home,2,35,returned
12511,Rose  DAL,02-28-2024,Clock,Home,7,20,Pending
12512,Eve  SF,11-24-2024,Dumbbell,Sports,10,$39.99,shipped
12513,Eve  SF,18-12-2024,Notebook,Office,7,9,Pending
12514,Paul  CHI,05-11-2024,Blender,Home,3,44.99,Delivered
12515,Bob  LA,30-10-2024,Resistance Band,Sports,4,12,processing
12516,Ivy  MIA,18-01-2024,Notebook,Office,3,$8.99,cancelled
12517,Bob  LA,01/23/24,Chair,Office,10,$199.99,Delivered
12518,Leo  DEN,11-25-2024,Dumbbell,Sports,4,39,pending
12519,Nate  NYC,05-11-2024,Jump Rope,Sports,4,10,processing
12520,Charlie  CHI,11/28/24,Stapler,Office,7,16,Delivered
12521,Jack  PHX,10-10-2024,Mouse,Electronics,6,25,returned
12522,Grace  SEA,11-04-2024,Pen Set,Office,5,$12.99,shipped
12523,Tina  BOS,01-22-2024,Binder,Office,9,6,shipped
12524,Charlie  CHI,07-22-2024,Coffee Maker,Home,5,59.99,cancelled
12525,Rose  DAL,02-03-2024,Coffee Maker,Home,1,59,pending
12526,Rose  DAL,15-06-2024,Tablet,Electronics,7,349.99,Delivered
12527,Ivy  MIA,07-18-2024,Dumbbell,Sports,8,39.99,RETURNED
12528,Nate  NYC,20-04-2024,Notebook,Office,2,9,RETURNED
12529,Tina  BOS,06-04-2024,Yoga Mat,Sports,2,30,RETURNED
12530,Charlie  CHI,14-08-2024,Water Bottle,Sports,5,14.99,shipped
12531,Eve  SF,09-11-2024,Blender,Home,2,$44.99,delivered
ORD-12532,Diana  NYC,29-03-2024,Lamp,Home,3,40,RETURNED
12533,Jack  PHX,06-10-2024,"""Water Bottle""",Sports,1,14.99,pending
12534,Grace  SEA,16-02-2024,Binder,Office,3,$5.99,RETURNED
12535,Nate  NYC,02-22-2024,Jump Rope,Sports,6,10,processing
12536,Bob  LA,10-12-2024,Desk Lamp,Office,4,$34.99,returned
12537,Charlie  CHI,05-03-2024,Headphones,Electronics,1,$89.99,processing
ORD-12538,Tina  BOS,07/27/24,Webcam,Electronics,3,60,pending
12539,Tina  BOS,05/18/24,Jacket,Clothing,2,89,Pending
12540,Karen  ATL,04-20-2024,Binder,Office,7,5,pending
12541,Diana  NYC,04-08-2024,Chair,Office,2,199.99,pending
12542,Hank  BOS,12/27/24,Stapler,Office,9,15.99,returned
12543,Karen  ATL,11-05-2024,Dumbbell,Sports,1,39.99,shipped
12544,Nate  NYC,29-03-2024,Pen Set,Office,6,12.99,pending
12545,Grace  SEA,17-04-2024,Laptop,Electronics,6,799.99,delivered
12546,Quinn  SF,19-03-2024,Jump Rope,Sports,4,9,returned
12547,Sam  SEA,12-01-2024,Pen Set,Office,7,13,Delivered
12548,Grace  SEA,20-04-2024,Clock,Home,8,20,returned
12549,Charlie  CHI,20-05-2024,"""Charger""",Electronics,7,$14.99,delivered
12550,Ivy  MIA,04-05-2024,Pillow,Home,8,24.99,pending
12551,Bob  LA,10-02-2024,Toaster,Home,2,29.99,cancelled
12552,Alice  NYC,29-06-2024,USB Hub,Electronics,1,19,delivered
12553,Ivy  MIA,11/30/24,"""Hat""",Clothing,6,19.99,pending
12554,Eve  SF,09/20/2024,Mouse,Electronics,2,25,returned
12555,Nate  NYC,10-04-2024,"""Lamp""",Home,4,39,RETURNED
12556,Frank  DAL,02-09-2024,Rug,Home,8,$89.99,Pending
ORD-12557,Leo  DEN,13-04-2024,Toaster,Home,5,29,RETURNED
12558,Diana  NYC,03-12-2024,Jacket,Clothing,4,90,cancelled
12559,Charlie  CHI,01-05-2024,Clock,Home,6,19.99,processing
12560,Karen  ATL,08-12-2024,Chair,Office,9,199,delivered
12561,Tina  BOS,28-06-2024,Lamp,Home,3,$39.99,RETURNED
12562,Eve  SF,11-04-2024,Running Shoes,Sports,7,89,returned
12563,Rose  DAL,08-07-2024,Coffee Maker,Home,6,60,Delivered
12564,Karen  ATL,08/25/2024,Resistance Band,Sports,8,12.99,shipped
12565,Leo  DEN,10-11-2024,Dress,Clothing,3,49.99,processing
12566,Tina  BOS,01-21-2024,Desk Lamp,Office,4,35,pending
12567,Alice  NYC,08-18-2024,Pen Set,Office,4,12,shipped
12568,Olivia  LA,09-07-2024,Chair,Office,4,199.99,delivered
12569,Alice  NYC,11/22/2024,Pen Set,Office,2,$12.99,delivered
12570,Rose  DAL,03-03-2024,Jump Rope,Sports,9,$9.99,shipped
12571,Eve  SF,09-16-2024,Tablet,Electronics,7,350,pending
12572,Bob  LA,08-10-2024,"""Stapler""",Office,4,$15.99,pending
ORD-12573,Tina  BOS,25-04-2024,Notebook,Office,9,8.99,pending
12574,Olivia  LA,04-25-2024,Clock,Home,3,19.99,returned
12575,Hank  BOS,03-06-2024,"""Whiteboard""",Office,9,$49.99,Pending
12576,Paul  CHI,01-30-2024,Pillow,Home,3,25,pending
12577,Paul  CHI,11-05-2024,Blender,Home,10,44.99,shipped
12578,Grace  SEA,07-23-2024,TShirt,Clothing,7,$25.00,cancelled
12579,Olivia  LA,12-02-2024,Hat,Clothing,6,19.99,Delivered
12580,Eve  SF,06-05-2024,Pen Set,Office,9,12,Delivered
12581,Paul  CHI,11-04-2024,Jacket,Clothing,3,90,returned
12582,Ivy  MIA,08-01-2024,Headphones,Electronics,9,89,Pending
12583,Olivia  LA,06/25/2024,TShirt,Clothing,5,25,pending
ORD-12584,Grace  SEA,08/21/24,Pen Set,Office,10,$12.99,cancelled
12585,Alice Smith,10-01-2024,USB Hub,Electronics,2,$19.99,RETURNED
12586,Mia  PDX,08-26-2024,Blender,Home,7,45,delivered
12587,Charlie  CHI,06-07-2024,Jacket,Clothing,4,89.99,processing
12588,Jack  PHX,14-09-2024,Jeans,Clothing,4,59.99,Delivered
12589,Mia  PDX,04-03-2024,Jump Rope,Sports,6,9.99,Pending
12590,Olivia  LA,06-01-2024,Laptop,Electronics,8,799.99,returned
12591,Diana  NYC,02-07-2024,Webcam,Electronics,10,60,returned
12592,Olivia  LA,07-02-2024,Jeans,Clothing,1,$59.99,delivered
12593,Frank  DAL,10-06-2024,Desk Lamp,Office,7,35,Pending
12594,Eve  SF,30-05-2024,Mouse,Electronics,3,25,Pending
12595,Paul  CHI,10-03-2024,Keyboard,Electronics,4,$45.00,processing
12596,Bob  LA,18-01-2024,Calculator,Office,5,$24.99,returned
12597,Mia  PDX,07-02-2024,Water Bottle,Sports,8,15,Delivered
12598,Charlie  CHI,08/22/2024,Whiteboard,Office,5,$49.99,Delivered
12599,Sam  SEA,26-04-2024,Whiteboard,Office,5,50,shipped
12600,Sam  SEA,14-03-2024,Lamp,Home,3,39.99,Delivered
12601,Leo  DEN,01-01-2024,Sneakers,Clothing,6,75,shipped
12602,Eve  SF,03/13/24,Dress,Clothing,10,50,Pending
12603,Olivia  LA,02-10-2024,Pillow,Home,3,25,returned
12604,Leo  DEN,08-11-2024,Water Bottle,Sports,8,15,returned
12605,Nate  NYC,09/18/2024,Belt,Clothing,4,$29.99,processing
12606,Eve  SF,05-10-2024,Stapler,Office,3,$15.99,Delivered
12607,Eve  SF,28-05-2024,"""Resistance Band""",Sports,8,$12.99,delivered
12608,Ivy  MIA,06-01-2024,Toaster,Home,3,$29.99,cancelled
12609,Jack  PHX,18-02-2024,Running Shoes,Sports,2,89.99,delivered
12610,Jack  PHX,17-05-2024,Water Bottle,Sports,2,$14.99,returned
12611,Paul  CHI,09-06-2024,Calculator,Office,10,24.99,Delivered
12612,Alice Smith,12/28/24,Jeans,Clothing,10,59.99,delivered
12613,Hank  BOS,10-06-2024,Yoga Mat,Sports,6,$29.99,shipped
12614,Quinn  SF,29-05-2024,"""Whiteboard""",Office,1,49,returned
12615,Ivy  MIA,05-03-2024,Monitor,Electronics,2,300,shipped
12616,Sam  SEA,22-07-2024,Socks,Clothing,2,9.99,shipped
12617,Leo  DEN,01-10-2024,Whiteboard,Office,4,49.99,returned
12618,Hank  BOS,03-25-2024,Lamp,Home,8,39.99,Pending
12619,Frank  DAL,12-08-2024,Desk Lamp,Office,1,34,shipped
12620,Nate  NYC,06-10-2024,"""Rug""",Home,8,89,delivered
12621,Paul  CHI,08-15-2024,Stapler,Office,6,15,processing
12622,Nate  NYC,03-06-2024,Dumbbell,Sports,1,39,pending
12623,Mia  PDX,03/17/24,Blender,Home,3,45,Delivered
12624,Leo  DEN,30-03-2024,Resistance Band,Sports,3,$12.99,returned
12625,Olivia  LA,03-05-2024,Coffee Maker,Home,10,60,RETURNED
12626,Olivia  LA,05-12-2024,Running Shoes,Sports,1,89.99,pending
12627,Paul  CHI,02/24/2024,"""Sneakers""",Clothing,6,$75.00,pending
12628,Bob  LA,09/13/24,Stapler,Office,7,16,shipped
12629,Sam  SEA,05-13-2024,"""Resistance Band""",Sports,4,12.99,delivered
12630,Ivy  MIA,06/23/2024,Charger,Electronics,7,14.99,delivered
12631,Eve  SF,05-12-2024,Calculator,Office,1,$24.99,returned
12632,Mia  PDX,12-01-2024,Toaster,Home,2,29,Pending
12633,Diana  NYC,03/26/2024,Toaster,Home,2,29.99,RETURNED
12634,Bob  LA,09/22/24,Dress,Clothing,3,50,returned
12635,Jack  PHX,07-10-2024,Rug,Home,3,89.99,cancelled
12636,Alice Smith,13-02-2024,"""Rug""",Home,7,89.99,Pending
12637,Nate  NYC,21-05-2024,Headphones,Electronics,4,89.99,delivered
12638,Karen  ATL,21-02-2024,Yoga Mat,Sports,9,29.99,RETURNED
12639,Bob  LA,02-06-2024,Sneakers,Clothing,9,75,RETURNED
12640,Mia  PDX,04-05-2024,Charger,Electronics,6,$14.99,Delivered
12641,Frank  DAL,06-25-2024,Toaster,Home,7,29,Delivered
12642,Tina  BOS,06-01-2024,"""Water Bottle""",Sports,4,14,processing
12643,Charlie  CHI,10/15/24,Resistance Band,Sports,8,12.99,shipped
12644,Nate  NYC,18-07-2024,"""Headphones""",Electronics,5,$89.99,RETURNED
12645,Olivia  LA,08-22-2024,Jeans,Clothing,5,59.99,returned
ORD-12646,Jack  PHX,06-08-2024,Yoga Mat,Sports,1,29.99,Delivered
12647,Paul  CHI,23-09-2024,Mouse,Electronics,5,25,pending
12648,Sam  SEA,06-12-2024,TShirt,Clothing,4,$25.00,Delivered
12649,Bob  LA,11-26-2024,Blanket,Home,2,$34.99,processing
12650,Frank  DAL,01/28/24,Running Shoes,Sports,5,$89.99,RETURNED
12651,Mia  PDX,28-08-2024,TShirt,Clothing,10,$25.00,cancelled
12652,Diana Prince,06-07-2024,Notebook,Office,6,9,delivered
12653,Leo  DEN,18-02-2024,Blender,Home,7,44.99,Pending
12654,Jack  PHX,11/18/2024,Rug,Home,2,90,returned
12655,Alice  NYC,01/21/24,Hat,Clothing,10,20,Pending
12656,Ivy  MIA,04/27/24,"""Desk Lamp""",Office,2,34.99,Pending
12657,Frank  DAL,09/14/24,Running Shoes,Sports,2,$89.99,Pending
12658,Bob  LA,09/24/2024,Whiteboard,Office,3,49.99,returned
12659,Ivy  MIA,11-05-2024,Blanket,Home,9,35,Delivered
12660,Paul  CHI,07/31/2024,Water Bottle,Sports,9,14.99,delivered
12661,Mia  PDX,21-07-2024,Rug,Home,3,89.99,RETURNED
12662,Mia  PDX,06-20-2024,USB Hub,Electronics,3,19,processing
12663,Hank  BOS,15-07-2024,Resistance Band,Sports,9,12.99,Pending
ORD-12664,Tina  BOS,02-05-2024,"""Laptop""",Electronics,2,799,RETURNED
12665,Mia  PDX,31-12-2024,Tablet,Electronics,8,350,RETURNED
12666,Rose  DAL,01-08-2024,Headphones,Electronics,4,89.99,returned
12667,Charlie  CHI,02/23/2024,Stapler,Office,7,$15.99,delivered
12668,Hank  BOS,10-12-2024,Hat,Clothing,8,20,pending
12669,Frank  DAL,01/18/2024,"""Monitor""",Electronics,8,300,delivered
12670,Rose  DAL,06/19/24,Laptop,Electronics,1,799.99,delivered
ORD-12671,Nate  NYC,22-06-2024,"""Sneakers""",Clothing,3,$75.00,shipped
12672,Mia  PDX,13-11-2024,Charger,Electronics,5,14.99,processing
12673,Jack  PHX,10-12-2024,Hat,Clothing,9,$19.99,delivered
12674,Mia  PDX,05-09-2024,Dumbbell,Sports,10,39.99,Pending
12675,Hank  BOS,03-31-2024,USB Hub,Electronics,5,19.99,processing
12676,Jack  PHX,07-31-2024,TShirt,Clothing,9,$25.00,pending
12677,Jack  PHX,10-02-2024,Sneakers,Clothing,3,75,shipped
12678,Alice Smith,11/30/24,Tablet,Electronics,8,349.99,shipped
12679,Hank  BOS,08-02-2024,Tablet,Electronics,8,349.99,processing
12680,Tina  BOS,20-02-2024,"""Tablet""",Electronics,5,349,cancelled
12681,Mia  PDX,05-12-2024,Water Bottle,Sports,7,14,returned
12682,Frank  DAL,08-03-2024,Headphones,Electronics,3,90,Delivered
12683,Paul  CHI,01/27/24,Belt,Clothing,9,29.99,Delivered
12684,Olivia  LA,24-04-2024,Jacket,Clothing,2,89.99,Pending
12685,Quinn  SF,06/30/2024,Yoga Mat,Sports,10,29.99,Delivered
12686,Tina  BOS,07-18-2024,Running Shoes,Sports,6,89.99,pending
12687,Jack  PHX,14-04-2024,Toaster,Home,4,29,pending
12688,Jack  PHX,09-07-2024,Calculator,Office,3,25,delivered
12689,Hank  BOS,09/26/24,TShirt,Clothing,6,25,pending
12690,Grace  SEA,11-07-2024,Tablet,Electronics,5,350,pending
12691,Quinn  SF,09/26/2024,Notebook,Office,7,8.99,delivered
12692,Diana  NYC,30-12-2024,Water Bottle,Sports,7,$14.99,Delivered
12693,Karen  ATL,09-30-2024,"""USB Hub""",Electronics,4,19,pending
12694,Diana  NYC,10-30-2024,Blender,Home,3,44.99,delivered
12695,Sam  SEA,24-06-2024,Clock,Home,10,$19.99,Pending
12696,Grace  SEA,22-05-2024,"""Running Shoes""",Sports,1,89.99,shipped
12697,Charlie  CHI,08/20/2024,Running Shoes,Sports,8,89,returned
12698,Nate  NYC,08-12-2024,Running Shoes,Sports,8,89,shipped
12699,Quinn  SF,08-08-2024,Desk Lamp,Office,8,$34.99,cancelled
12700,Jack  PHX,31-05-2024,Resistance Band,Sports,10,12.99,processing
ORD-12701,Mia  PDX,06-01-2024,Running Shoes,Sports,2,89.99,delivered
12702,Olivia  LA,04/21/24,Pen Set,Office,9,12,processing
12703,Rose  DAL,07-04-2024,Lamp,Home,9,39,RETURNED
12704,Diana  NYC,08-25-2024,Jump Rope,Sports,6,9.99,delivered
ORD-12705,Grace  SEA,05-06-2024,TShirt,Clothing,8,25,cancelled
12706,Sam  SEA,03/22/24,Dumbbell,Sports,10,39,returned
12707,Eve  SF,12/14/24,Dumbbell,Sports,2,40,RETURNED
12708,Tina  BOS,03/13/24,Clock,Home,8,20,Pending
12709,Hank  BOS,12/22/24,Keyboard,Electronics,8,45,pending
12710,Hank  BOS,01-07-2024,Blender,Home,5,44.99,Pending
12711,Frank  DAL,08-07-2024,Sneakers,Clothing,6,75,cancelled
12712,Leo  DEN,22-12-2024,Clock,Home,4,$19.99,Delivered
12713,Charlie  CHI,01-14-2024,Dress,Clothing,8,49.99,RETURNED
12714,Ivy  MIA,11/19/2024,Lamp,Home,7,39.99,RETURNED
12715,Rose  DAL,24-09-2024,Toaster,Home,3,29.99,delivered
12716,Quinn  SF,19-02-2024,USB Hub,Electronics,8,19,delivered
12717,Leo  DEN,12-29-2024,Water Bottle,Sports,1,15,Pending
12718,Ivy  MIA,02-21-2024,Coffee Maker,Home,2,59.99,delivered
12719,Diana  NYC,12-05-2024,Pen Set,Office,4,12.99,returned
12720,Quinn  SF,12-04-2024,Dumbbell,Sports,8,39,Delivered
12721,Karen  ATL,16-03-2024,Whiteboard,Office,1,50,Pending
12722,Rose  DAL,01-20-2024,Hat,Clothing,10,19,Pending
12723,Olivia  LA,14-05-2024,Rug,Home,4,89,processing
12724,Grace  SEA,11/14/2024,Hat,Clothing,2,20,delivered
12725,Diana Prince,07-04-2024,Lamp,Home,9,39.99,returned
12726,Sam  SEA,08-12-2024,"""Pillow""",Home,10,25,shipped
12727,Grace  SEA,09-03-2024,Notebook,Office,3,8.99,cancelled
12728,Alice  NYC,05-03-2024,Chair,Office,4,199.99,RETURNED
12729,Grace  SEA,08-04-2024,Socks,Clothing,5,$9.99,shipped
12730,Diana  NYC,09/24/24,Pen Set,Office,9,13,pending
12731,Charlie  CHI,08-12-2024,Whiteboard,Office,6,49,cancelled
12732,Paul  CHI,03/29/2024,USB Hub,Electronics,7,19.99,processing
12733,Sam  SEA,11-05-2024,Blanket,Home,9,35,RETURNED
ORD-12734,Olivia  LA,09/29/24,Pen Set,Office,5,12,returned
12735,Nate  NYC,03-04-2024,Whiteboard,Office,2,49.99,cancelled
12736,Grace  SEA,05/29/2024,Dumbbell,Sports,9,39.99,Pending
12737,Quinn  SF,08/20/2024,"""Resistance Band""",Sports,1,$12.99,RETURNED
12738,Rose  DAL,02/21/24,Dress,Clothing,5,$49.99,RETURNED
12739,Nate  NYC,04-02-2024,Stapler,Office,8,16,Pending
12740,Alice  NYC,10-12-2024,Charger,Electronics,3,14.99,shipped
12741,Leo  DEN,01-12-2024,Jacket,Clothing,3,90,cancelled
12742,Rose  DAL,03-05-2024,Jacket,Clothing,7,90,Delivered
12743,Hank  BOS,06/19/24,Water Bottle,Sports,8,14.99,cancelled
12744,Karen  ATL,12/17/2024,Laptop,Electronics,,800,shipped
12745,Leo  DEN,10-02-2024,Keyboard,Electronics,10,45,cancelled
ORD-12746,Frank  DAL,06/23/2024,"""Jacket""",Clothing,2,90,returned
12747,Olivia  LA,05-03-2024,Running Shoes,Sports,8,90,cancelled
12748,Diana  NYC,14-01-2024,Water Bottle,Sports,9,14.99,Pending
12749,Hank  BOS,07-31-2024,Charger,Electronics,8,14.99,shipped
12750,Tina  BOS,03-31-2024,Jeans,Clothing,2,59,shipped
12751,Tina  BOS,08-06-2024,Stapler,Office,3,15.99,RETURNED
12752,Leo  DEN,06-03-2024,Mouse,Electronics,9,$25.00,returned
12753,Sam  SEA,12-07-2024,Webcam,Electronics,5,60,returned
12754,Grace  SEA,08/21/2024,Resistance Band,Sports,5,$12.99,returned
12755,Hank  BOS,23-10-2024,TShirt,Clothing,5,25,Pending
ORD-12756,Rose  DAL,08-09-2024,Rug,Home,6,90,processing
12757,Diana  NYC,12/31/2024,TShirt,Clothing,6,25,pending
12758,Quinn  SF,28-03-2024,Dumbbell,Sports,7,39.99,Delivered
12759,Ivy  MIA,24-12-2024,Mouse,Electronics,8,25,RETURNED
12760,Jack  PHX,28-05-2024,Jacket,Clothing,5,$89.99,shipped
12761,Charlie  CHI,04-04-2024,Belt,Clothing,3,29.99,Pending
12762,Eve  SF,12/17/2024,Calculator,Office,10,24.99,delivered
12763,Paul  CHI,03-30-2024,Dumbbell,Sports,4,40,Delivered
12764,Rose  DAL,17-08-2024,Running Shoes,Sports,4,90,pending
12765,Leo  DEN,05-02-2024,"""Hat""",Clothing,7,19.99,pending
12766,Karen  ATL,07/25/24,Jacket,Clothing,8,89,shipped
12767,Sam  SEA,11-04-2024,Blanket,Home,8,$34.99,pending
12768,Hank  BOS,03/19/2024,"""Jump Rope""",Sports,10,10,processing
12769,Frank  DAL,09-08-2024,Water Bottle,Sports,6,15,returned
12770,Charlie  CHI,07-04-2024,Blender,Home,1,45,cancelled
12771,Frank  DAL,12/22/24,Chair,Office,10,$199.99,Pending
12772,Eve  SF,06-08-2024,Desk Lamp,Office,1,34,Pending
12773,Karen  ATL,19-04-2024,Whiteboard,Office,5,49,returned
12774,Eve  SF,30-01-2024,Clock,Home,7,19,delivered
12775,Tina  BOS,17-11-2024,Rug,Home,8,90,Pending
12776,Paul  CHI,01/16/2024,Mouse,Electronics,1,$25.00,Pending
12777,Quinn  SF,07-10-2024,Socks,Clothing,9,$9.99,cancelled
12778,Hank  BOS,10/21/24,Socks,Clothing,5,9.99,pending
ORD-12779,Hank  BOS,09-03-2024,Laptop,Electronics,2,$799.99,processing
12780,Sam  SEA,28-02-2024,Yoga Mat,Sports,1,29.99,pending
12781,Hank  BOS,13-11-2024,"""Dress""",Clothing,10,49.99,Delivered
12782,Diana  NYC,15-02-2024,Blanket,Home,9,$34.99,shipped
12783,Quinn  SF,08-17-2024,Sneakers,Clothing,5,$75.00,delivered
12784,Alice  NYC,25-04-2024,Yoga Mat,Sports,3,$29.99,returned
12785,Grace  SEA,12-05-2024,Socks,Clothing,4,9,pending
12786,Diana  NYC,23-08-2024,TShirt,Clothing,9,$25.00,processing
12787,Bob  LA,30-05-2024,TShirt,Clothing,8,25,returned
12788,Quinn  SF,28-08-2024,Socks,Clothing,5,$9.99,processing
12789,Ivy  MIA,10/24/2024,Tablet,Electronics,2,350,cancelled
12790,Quinn  SF,04/15/2024,Rug,Home,7,$89.99,RETURNED
ORD-12791,Jack  PHX,08-05-2024,Jeans,Clothing,4,59,RETURNED
12792,Eve  SF,14-02-2024,Tablet,Electronics,9,$349.99,Delivered
12793,Grace  SEA,10-02-2024,Whiteboard,Office,2,50,processing
12794,Rose  DAL,10-11-2024,"""Jacket""",Clothing,10,89,processing
12795,Nate  NYC,10-04-2024,USB Hub,Electronics,2,$19.99,shipped
12796,Bob  LA,07/29/2024,USB Hub,Electronics,10,$19.99,cancelled
ORD-12797,Frank  DAL,06-04-2024,Lamp,Home,3,$39.99,delivered
12798,Olivia  LA,24-01-2024,Jeans,Clothing,3,59.99,pending
12799,Charlie  CHI,25-10-2024,Pillow,Home,3,24.99,returned
12800,Charlie  CHI,12-01-2024,Chair,Office,6,200,Pending
12801,Paul  CHI,11-29-2024,Blanket,Home,7,34.99,processing
12802,Olivia  LA,07/16/24,Toaster,Home,4,30,returned
12803,Alice  NYC,12/13/2024,Blanket,Home,8,34.99,shipped
12804,Eve  SF,17-09-2024,Stapler,Office,4,16,Pending
12805,Sam  SEA,04-09-2024,Yoga Mat,Sports,2,29.99,delivered
12806,Mia  PDX,04-09-2024,Running Shoes,Sports,2,$89.99,Delivered
12807,Karen  ATL,12-25-2024,Running Shoes,Sports,4,$89.99,returned
12808,Diana  NYC,06-22-2024,Resistance Band,Sports,4,12.99,RETURNED
12809,Leo  DEN,31-12-2024,USB Hub,Electronics,1,19,Delivered
12810,Olivia  LA,26-02-2024,Sneakers,Clothing,9,75,returned
12811,Tina  BOS,12-11-2024,"""Mouse""",Electronics,10,N/A,returned
12812,Ivy  MIA,06/16/2024,Dumbbell,Sports,9,39.99,delivered
12813,Hank  BOS,01/25/2024,Stapler,Office,1,16,delivered
12814,Tina  BOS,12-29-2024,Blender,Home,6,44,shipped
12815,Frank  DAL,14-03-2024,Jeans,Clothing,7,$59.99,Delivered
12816,Bob  LA,14-09-2024,"""Lamp""",Home,3,$39.99,delivered
12817,Alice Smith,08/17/2024,Dress,Clothing,7,49,returned
12818,Karen  ATL,15-01-2024,Running Shoes,Sports,2,90,Delivered
12819,Bob  LA,03-08-2024,"""Headphones""",Electronics,9,89.99,pending
12820,Nate  NYC,07-19-2024,"""Pillow""",Home,5,24,cancelled
12821,Karen  ATL,02-28-2024,Notebook,Office,7,8,returned
12822,Paul  CHI,01-28-2024,Desk Lamp,Office,7,34.99,Delivered
12823,Sam  SEA,06-02-2024,Blender,Home,3,44.99,RETURNED
12824,Rose  DAL,12/26/24,"""Water Bottle""",Sports,9,15,pending
12825,Rose  DAL,08-03-2024,Sneakers,Clothing,8,$75.00,Pending
12826,Leo  DEN,01-24-2024,Jump Rope,Sports,10,9,cancelled
12827,Ivy  MIA,05/22/24,"""Chair""",Office,7,199.99,pending
12828,Grace  SEA,27-08-2024,Pillow,Home,10,24.99,pending
12829,Hank  BOS,06/15/24,Rug,Home,6,89.99,cancelled
12830,Nate  NYC,12-09-2024,Dress,Clothing,7,$49.99,RETURNED
12831,Hank  BOS,12-12-2024,"""Desk Lamp""",Office,2,34.99,shipped
12832,Olivia  LA,12-21-2024,Sneakers,Clothing,4,75,returned
12833,Grace  SEA,08-26-2024,"""Monitor""",Electronics,5,$299.99,pending
12834,Quinn  SF,04-06-2024,Coffee Maker,Home,6,59.99,cancelled
12835,Mia  PDX,07/21/2024,Notebook,Office,4,8.99,pending
12836,Mia  PDX,06-10-2024,TShirt,Clothing,10,25,delivered
12837,Grace  SEA,01-14-2024,Calculator,Office,2,25,shipped
12838,Eve  SF,10/13/24,TShirt,Clothing,5,25,delivered
12839,Rose  DAL,15-10-2024,Whiteboard,Office,6,$49.99,shipped
12840,Rose  DAL,10-23-2024,Jump Rope,Sports,5,9.99,Pending
12841,Quinn  SF,11/28/24,Rug,Home,7,90,shipped
ORD-12842,Tina  BOS,02-01-2024,Toaster,Home,4,29.99,shipped
12843,Sam  SEA,05/14/24,Whiteboard,Office,5,50,Delivered
12844,Diana  NYC,23-01-2024,Water Bottle,Sports,9,$14.99,delivered
12845,Tina  BOS,10-18-2024,Desk Lamp,Office,10,$34.99,shipped
12846,Grace  SEA,11-10-2024,Dress,Clothing,9,50,delivered
12847,Tina  BOS,04-09-2024,Jeans,Clothing,6,59.99,RETURNED
12848,Hank  BOS,02/23/2024,"""Laptop""",Electronics,9,799.99,shipped
12849,Mia  PDX,08-08-2024,Blender,Home,8,45,Delivered
12850,Sam  SEA,12/25/2024,Lamp,Home,1,$39.99,delivered
12851,Rose  DAL,21-04-2024,Pen Set,Office,5,13,cancelled
12852,Nate  NYC,21-06-2024,Pillow,Home,1,$24.99,Delivered
ORD-12853,Ivy  MIA,05-24-2024,Clock,Home,6,20,shipped
12854,Sam  SEA,08-11-2024,Whiteboard,Office,6,49.99,returned
12855,Jack  PHX,01/28/24,"""Jump Rope""",Sports,7,9.99,pending
12856,Rose  DAL,03/16/2024,Blanket,Home,1,$34.99,shipped
12857,Karen  ATL,12/31/2024,Whiteboard,Office,7,49,pending
12858,Rose  DAL,21-07-2024,Dress,Clothing,9,49.99,pending
12859,Bob  LA,01-16-2024,Dress,Clothing,2,$49.99,RETURNED
12860,Mia  PDX,04/19/2024,Smartphone,Electronics,6,699.99,Delivered
12861,Ivy  MIA,09-10-2024,Toaster,Home,5,29,RETURNED
12862,Grace  SEA,07/20/24,"""Webcam""",Electronics,9,$59.99,Pending
12863,Tina  BOS,14-06-2024,Belt,Clothing,8,29,Pending
12864,Mia  PDX,02-17-2024,Smartphone,Electronics,3,699.99,Pending
12865,Karen  ATL,11/29/24,Running Shoes,Sports,5,89.99,Pending
12866,Hank  BOS,22-10-2024,"""Lamp""",Home,4,39.99,Delivered
12867,Sam  SEA,16-03-2024,Keyboard,Electronics,2,45,Delivered
12868,Quinn  SF,30-09-2024,Stapler,Office,8,15.99,returned
12869,Quinn  SF,18-12-2024,Charger,Electronics,8,14.99,returned
12870,Olivia  LA,03-07-2024,Whiteboard,Office,4,49.99,delivered
12871,Eve  SF,06/27/24,Webcam,Electronics,2,59,cancelled
12872,Eve  SF,03/18/24,Binder,Office,9,5.99,RETURNED
12873,Alice  NYC,10-11-2024,Tablet,Electronics,5,$349.99,Delivered
12874,Sam  SEA,03-01-2024,Whiteboard,Office,5,49,cancelled
12875,Hank  BOS,07-13-2024,Mouse,Electronics,6,25,delivered
12876,Olivia  LA,10/31/24,"""Hat""",Clothing,10,19.99,Pending
12877,Quinn  SF,07/29/2024,Rug,Home,4,$89.99,pending
12878,Alice  NYC,22-03-2024,Jacket,Clothing,9,89.99,processing
12879,Jack  PHX,27-01-2024,Desk Lamp,Office,4,34,processing
12880,Leo  DEN,19-08-2024,Pillow,Home,4,24.99,Pending
12881,Charlie  CHI,08-11-2024,Sneakers,Clothing,8,$75.00,returned
12882,Olivia  LA,04-02-2024,Calculator,Office,5,$24.99,cancelled
12883,Rose  DAL,08-01-2024,Water Bottle,Sports,4,15,delivered
12884,Paul  CHI,26-07-2024,Dumbbell,Sports,5,39,pending
12885,Karen  ATL,07-30-2024,Water Bottle,Sports,4,14.99,returned
12886,Sam  SEA,08-23-2024,Laptop,Electronics,10,799.99,shipped
12887,Leo  DEN,07-23-2024,Stapler,Office,10,$15.99,pending
12888,Rose  DAL,03-28-2024,Socks,Clothing,8,$9.99,processing
12889,Hank  BOS,08/15/2024,Dress,Clothing,4,$49.99,Pending
12890,Paul  CHI,12-17-2024,Keyboard,Electronics,8,45,cancelled
12891,Grace  SEA,07/25/2024,Clock,Home,8,19,delivered
12892,Charlie  CHI,18-02-2024,Blanket,Home,6,35,cancelled
12893,Leo  DEN,20-04-2024,Tablet,Electronics,5,349,pending
12894,Sam  SEA,09-15-2024,TShirt,Clothing,7,25,Pending
12895,Alice  NYC,14-01-2024,Rug,Home,9,$89.99,cancelled
12896,Ivy  MIA,02-10-2024,Chair,Office,1,199,pending
12897,Rose  DAL,03/19/24,Socks,Clothing,3,9.99,RETURNED
12898,Rose  DAL,03-19-2024,Jeans,Clothing,5,N/A,processing
12899,Hank  BOS,06/19/2024,Headphones,Electronics,1,89,delivered
12900,Ivy  MIA,06-03-2024,Clock,Home,2,$19.99,processing
12901,Alice Smith,03-11-2024,Headphones,Electronics,9,90,returned
12902,Quinn  SF,02-29-2024,Resistance Band,Sports,5,12.99,delivered
12903,Charlie  CHI,30-08-2024,Yoga Mat,Sports,10,$29.99,processing
12904,Leo  DEN,01-28-2024,Pillow,Home,2,24.99,Delivered
12905,Eve  SF,02/23/24,Monitor,Electronics,4,$299.99,cancelled
12906,Charlie  CHI,28-03-2024,Socks,Clothing,7,10,RETURNED
12907,Olivia  LA,07/15/2024,Pillow,Home,5,24.99,shipped
12908,Bob  LA,03-16-2024,Keyboard,Electronics,3,45,RETURNED
12909,Leo  DEN,08/19/2024,Stapler,Office,6,15.99,cancelled
12910,Karen  ATL,13-11-2024,Water Bottle,Sports,7,14,Delivered
ORD-12911,Grace  SEA,01-11-2024,Sneakers,Clothing,4,75,pending
12912,Ivy  MIA,06-29-2024,Jacket,Clothing,1,89.99,RETURNED
12913,Tina  BOS,02/29/2024,Jacket,Clothing,10,89.99,returned
12914,Eve  SF,17-05-2024,Yoga Mat,Sports,9,$29.99,cancelled
ORD-12915,Ivy  MIA,03-06-2024,Calculator,Office,4,$24.99,processing
12916,Ivy  MIA,12-27-2024,Jacket,Clothing,7,90,Pending
12917,Grace  SEA,07-12-2024,Binder,Office,5,5.99,Delivered
12918,Ivy  MIA,11-03-2024,Dress,Clothing,1,49.99,pending
12919,Karen  ATL,05/30/2024,Jeans,Clothing,4,60,pending
12920,Charlie  CHI,02/22/2024,Sneakers,Clothing,4,75,cancelled
12921,Charlie  CHI,03-08-2024,Chair,Office,10,199.99,Delivered
12922,Leo  DEN,29-08-2024,"""Water Bottle""",Sports,3,$14.99,returned
12923,Ivy  MIA,06-03-2024,Notebook,Office,9,$8.99,returned
12924,Leo  DEN,12/27/2024,Running Shoes,Sports,2,$89.99,Delivered
12925,Hank  BOS,02-02-2024,Jacket,Clothing,6,89,pending
12926,Sam  SEA,20-09-2024,Dumbbell,Sports,7,39.99,cancelled
12927,Bob  LA,04-04-2024,Rug,Home,3,89.99,Pending
12928,Paul  CHI,12-19-2024,Pillow,Home,2,$24.99,returned
12929,Bob  LA,11/21/2024,Mouse,Electronics,3,$25.00,returned
12930,Quinn  SF,06-15-2024,Pillow,Home,6,24.99,shipped
12931,Charlie  CHI,01-12-2024,Jeans,Clothing,5,59.99,Delivered
12932,Rose  DAL,08-07-2024,"""Belt""",Clothing,2,$29.99,delivered
12933,Hank  BOS,03-12-2024,"""Whiteboard""",Office,6,49.99,delivered
12934,Hank  BOS,04-15-2024,Desk Lamp,Office,3,34.99,RETURNED
12935,Bob  LA,10/28/2024,Toaster,Home,9,30,returned
12936,Eve  SF,02-07-2024,Resistance Band,Sports,6,12,pending
12937,Paul  CHI,09/26/24,Mouse,Electronics,5,25,Delivered
12938,Mia  PDX,02-24-2024,Yoga Mat,Sports,3,29.99,Delivered
12939,Hank  BOS,09/29/2024,Blender,Home,2,$44.99,processing
ORD-12940,Charlie  CHI,04-05-2024,Water Bottle,Sports,9,14.99,delivered
12941,Grace  SEA,01/24/2024,Dumbbell,Sports,1,39,shipped
12942,Frank  DAL,01/28/24,"""Headphones""",Electronics,3,89.99,processing
12943,Diana  NYC,02/14/2024,Rug,Home,5,89.99,shipped
12944,Sam  SEA,03/30/2024,Socks,Clothing,2,9,Pending
12945,Karen  ATL,02/22/24,Mouse,Electronics,3,25,RETURNED
12946,Karen  ATL,04-01-2024,Dumbbell,Sports,3,39.99,Pending
12947,Olivia  LA,04/17/2024,Charger,Electronics,10,14,Delivered
12948,Diana  NYC,08/28/2024,Stapler,Office,1,15,shipped
12949,Alice Smith,10-02-2024,Yoga Mat,Sports,8,29.99,RETURNED
12950,Bob  LA,15-04-2024,"""Smartphone""",Electronics,5,699,RETURNED
12951,Tina  BOS,05-07-2024,Toaster,Home,7,$29.99,cancelled
12952,Hank  BOS,06-05-2024,Chair,Office,9,200,processing
12953,Rose  DAL,04-07-2024,Chair,Office,3,$199.99,RETURNED
12954,Karen  ATL,07/18/2024,Dress,Clothing,1,49.99,pending
12955,Bob  LA,26-01-2024,Keyboard,Electronics,9,45,delivered
12956,Olivia  LA,01-01-2024,Stapler,Office,5,15.99,shipped
12957,Sam  SEA,03/22/24,"""Keyboard""",Electronics,4,45,RETURNED
12958,Tina  BOS,13-03-2024,Dress,Clothing,3,49,shipped
12959,Ivy  MIA,30-03-2024,"""Socks""",Clothing,10,9.99,returned
12960,Charlie  CHI,10-29-2024,Coffee Maker,Home,7,59,pending
12961,Charlie  CHI,12/16/24,Pillow,Home,1,24,cancelled
12962,Rose  DAL,03-10-2024,Rug,Home,7,$89.99,processing
12963,Bob  LA,27-05-2024,Resistance Band,Sports,8,12.99,processing
12964,Sam  SEA,04-05-2024,Headphones,Electronics,8,$89.99,pending
ORD-12965,Jack  PHX,03-04-2024,Water Bottle,Sports,10,15,processing
12966,Diana  NYC,03-29-2024,Pen Set,Office,9,12.99,Pending
12967,Diana  NYC,04-10-2024,Laptop,Electronics,1,799.99,pending
12968,Sam  SEA,09-09-2024,Lamp,Home,9,$39.99,processing
12969,Sam  SEA,05-11-2024,Coffee Maker,Home,3,$59.99,delivered
12970,Leo  DEN,02-06-2024,Jacket,Clothing,3,89.99,Delivered
12971,Tina  BOS,16-02-2024,Pen Set,Office,3,12.99,cancelled
12972,Grace  SEA,06-04-2024,Socks,Clothing,9,9,RETURNED
ORD-12973,Quinn  SF,22-08-2024,Keyboard,Electronics,10,45,returned
12974,Jack  PHX,17-01-2024,"""Webcam""",Electronics,2,59.99,processing
12975,Eve  SF,02-02-2024,Coffee Maker,Home,5,$59.99,delivered
12976,Karen  ATL,04/29/24,"""Whiteboard""",Office,1,50,delivered
12977,Grace  SEA,05-12-2024,Headphones,Electronics,3,$89.99,Delivered
12978,Jack  PHX,06-07-2024,Pen Set,Office,9,12,returned
12979,Leo  DEN,01/13/24,Rug,Home,7,89,RETURNED
12980,Mia  PDX,07/17/2024,Running Shoes,Sports,9,90,delivered
12981,Ivy  MIA,09-02-2024,Pen Set,Office,2,12,Pending
12982,Paul  CHI,05-29-2024,Pen Set,Office,4,12.99,Delivered
ORD-12983,Olivia  LA,12/23/2024,Pen Set,Office,2,12.99,shipped
12984,Rose  DAL,10-03-2024,Keyboard,Electronics,1,45,Delivered
12985,Leo  DEN,08/17/24,Running Shoes,Sports,3,89.99,cancelled
12986,Paul  CHI,06-30-2024,Chair,Office,1,199.99,delivered
12987,Eve  SF,24-02-2024,Whiteboard,Office,9,49.99,Pending
12988,Eve  SF,10-04-2024,Pillow,Home,2,$24.99,Pending
12989,Leo  DEN,11/29/2024,Whiteboard,Office,2,$49.99,Pending
12990,Frank  DAL,14-10-2024,Pen Set,Office,5,12.99,pending
12991,Eve  SF,09-15-2024,Running Shoes,Sports,10,$89.99,delivered
12992,Paul  CHI,27-06-2024,Dumbbell,Sports,2,40,Delivered
12993,Karen  ATL,02/26/2024,Jacket,Clothing,4,89.99,delivered
12994,Olivia  LA,18-01-2024,Notebook,Office,2,8,processing
12995,Nate  NYC,08-26-2024,Calculator,Office,10,25,RETURNED
12996,Paul  CHI,07-11-2024,"""Yoga Mat""",Sports,9,29.99,Pending
12997,Mia  PDX,30-03-2024,Running Shoes,Sports,1,89,delivered
12998,Ivy  MIA,18-12-2024,Running Shoes,Sports,8,89.99,returned
12999,Olivia  LA,08-22-2024,Tablet,Electronics,9,349.99,delivered
13000,Bob  LA,02-02-2024,Keyboard,Electronics,1,45,delivered
ORD-13001,Eve  SF,16-04-2024,Water Bottle,Sports,1,$14.99,delivered
13002,Tina  BOS,03-08-2024,Resistance Band,Sports,7,12.99,Delivered
13003,Olivia  LA,05-11-2024,Pillow,Home,9,$24.99,cancelled
13004,Mia  PDX,02-07-2024,Jeans,Clothing,5,60,delivered
13005,Mia  PDX,01/22/2024,Stapler,Office,6,15.99,pending
13006,Alice  NYC,06/13/2024,TShirt,Clothing,3,25,shipped
13007,Mia  PDX,05/30/2024,Monitor,Electronics,3,300,Pending
13008,Frank  DAL,07-13-2024,Clock,Home,7,19,shipped
13009,Ivy  MIA,21-09-2024,Stapler,Office,8,15,pending
13010,Quinn  SF,02-16-2024,Resistance Band,Sports,8,$12.99,Pending
13011,Eve  SF,06-03-2024,Jump Rope,Sports,5,9.99,Pending
13012,Hank  BOS,04-16-2024,Clock,Home,6,$19.99,Delivered
13013,Alice  NYC,09-01-2024,Monitor,Electronics,1,299.99,cancelled
13014,Leo  DEN,09-01-2024,Webcam,Electronics,9,59.99,processing
13015,Alice  NYC,07-23-2024,Clock,Home,7,$19.99,RETURNED
13016,Charlie  CHI,05-09-2024,"""Rug""",Home,1,89,pending
13017,Frank  DAL,03/31/24,Toaster,Home,9,30,shipped
13018,Leo  DEN,10-17-2024,"""Yoga Mat""",Sports,1,29.99,Delivered
13019,Ivy  MIA,08-27-2024,Clock,Home,3,19.99,Delivered
13020,Paul  CHI,25-11-2024,Chair,Office,9,199.99,cancelled
13021,Frank  DAL,14-06-2024,"""Resistance Band""",Sports,2,13,shipped
13022,Grace  SEA,11/20/24,Running Shoes,Sports,2,$89.99,processing
13023,Alice Smith,22-07-2024,Coffee Maker,Home,1,60,cancelled
13024,Hank  BOS,08-03-2024,Stapler,Office,3,15.99,returned
13025,Alice  NYC,30-11-2024,Keyboard,Electronics,2,$45.00,Pending
13026,Bob  LA,04/16/2024,Pillow,Home,1,25,pending
13027,Tina  BOS,17-12-2024,Jacket,Clothing,10,90,pending
13028,Olivia  LA,04/30/2024,Sneakers,Clothing,10,$75.00,processing
13029,Quinn  SF,02/20/24,"""Smartphone""",Electronics,8,700,delivered
ORD-13030,Bob  LA,18-09-2024,Socks,Clothing,9,10,pending
13031,Paul  CHI,06-09-2024,Calculator,Office,9,$24.99,processing
13032,Charlie  CHI,11/15/24,Notebook,Office,9,8.99,shipped
13033,Karen  ATL,05/26/24,Chair,Office,7,199,Delivered
13034,Paul  CHI,08/19/24,"""Hat""",Clothing,9,19,pending
13035,Sam  SEA,09-05-2024,"""Jump Rope""",Sports,4,9,delivered
13036,Paul  CHI,14-06-2024,Laptop,Electronics,9,799.99,cancelled
13037,Eve  SF,06-10-2024,Notebook,Office,9,$8.99,shipped
ORD-13038,Eve  SF,16-01-2024,Blanket,Home,5,$34.99,shipped
13039,Hank  BOS,05-07-2024,Binder,Office,2,5.99,RETURNED
13040,Hank  BOS,16-12-2024,"""Resistance Band""",Sports,7,13,returned
13041,Ivy  MIA,01-07-2024,Calculator,Office,5,24.99,shipped
13042,Rose  DAL,30-03-2024,Belt,Clothing,4,$29.99,cancelled
13043,Alice Smith,19-05-2024,Dress,Clothing,5,49.99,Delivered
13044,Eve  SF,29-10-2024,Stapler,Office,3,15.99,cancelled
13045,Eve  SF,05-29-2024,Jacket,Clothing,5,$89.99,RETURNED
13046,Nate  NYC,03-31-2024,Dress,Clothing,3,49,Pending
13047,Eve  SF,06-06-2024,"""Binder""",Office,5,5.99,processing
13048,Tina  BOS,08/31/24,"""Calculator""",Office,9,24.99,cancelled
13049,Tina  BOS,16-02-2024,Notebook,Office,7,$8.99,returned
13050,Leo  DEN,08-31-2024,USB Hub,Electronics,4,19.99,Delivered
13051,Eve  SF,10-04-2024,Hat,Clothing,1,19,cancelled
ORD-13052,Karen  ATL,15-04-2024,Water Bottle,Sports,5,14.99,cancelled
13053,Bob  LA,12/16/24,Yoga Mat,Sports,7,29.99,RETURNED
13054,Nate  NYC,08-13-2024,Rug,Home,2,89.99,RETURNED
13055,Karen  ATL,20-07-2024,Desk Lamp,Office,5,34,delivered
13056,Charlie  CHI,07-09-2024,Smartphone,Electronics,4,700,cancelled
13057,Hank  BOS,02/23/2024,Notebook,Office,2,8.99,delivered
13058,Leo  DEN,27-09-2024,"""Tablet""",Electronics,4,349,Delivered
13059,Grace  SEA,12/13/24,Stapler,Office,2,15.99,delivered
13060,Rose  DAL,05-09-2024,Laptop,Electronics,2,799.99,RETURNED
13061,Sam  SEA,02/28/2024,Sneakers,Clothing,4,75,pending
13062,Tina  BOS,18-08-2024,Binder,Office,9,6,processing
13063,Frank  DAL,30-01-2024,Desk Lamp,Office,5,34,pending
13064,Olivia  LA,03-02-2024,Yoga Mat,Sports,1,$29.99,returned
13065,Nate  NYC,29-11-2024,Mouse,Electronics,10,25,RETURNED
13066,Ivy  MIA,04/17/24,Lamp,Home,10,40,shipped
13067,Mia  PDX,10-20-2024,Headphones,Electronics,4,89.99,delivered
13068,Hank  BOS,05/17/24,Sneakers,Clothing,9,75,Delivered
13069,Quinn  SF,04/29/24,Pillow,Home,9,24.99,delivered
13070,Rose  DAL,14-08-2024,Lamp,Home,6,$39.99,cancelled
13071,Jack  PHX,15-07-2024,Coffee Maker,Home,3,59,Delivered
13072,Jack  PHX,01-05-2024,Belt,Clothing,2,$29.99,shipped
13073,Karen  ATL,09/19/2024,Desk Lamp,Office,2,35,delivered
13074,Jack  PHX,02-07-2024,"""USB Hub""",Electronics,4,20,delivered
ORD-13075,Olivia  LA,02-21-2024,Belt,Clothing,3,$29.99,Delivered
13076,Mia  PDX,11/18/2024,Blanket,Home,4,$34.99,Delivered
13077,Tina  BOS,02-09-2024,Desk Lamp,Office,9,$34.99,pending
13078,Charlie  CHI,04-07-2024,Whiteboard,Office,9,49,cancelled
13079,Eve  SF,17-01-2024,Binder,Office,4,$5.99,Delivered
13080,Eve  SF,14-06-2024,Chair,Office,4,199,pending
13081,Quinn  SF,07-08-2024,Sneakers,Clothing,6,75,Delivered
ORD-13082,Paul  CHI,10/26/24,Binder,Office,2,$5.99,delivered
13083,Olivia  LA,23-04-2024,Yoga Mat,Sports,2,29.99,RETURNED
ORD-13084,Rose  DAL,03-29-2024,Jacket,Clothing,6,$89.99,Delivered
13085,Ivy  MIA,24-07-2024,Headphones,Electronics,5,$89.99,returned
13086,Diana  NYC,07/24/24,Coffee Maker,Home,8,59.99,delivered
13087,Tina  BOS,06-02-2024,Blanket,Home,6,34.99,processing
13088,Ivy  MIA,30-01-2024,Blender,Home,8,44.99,returned
13089,Frank  DAL,05-27-2024,Tablet,Electronics,6,349.99,Delivered
13090,Charlie  CHI,12-03-2024,Jeans,Clothing,7,59,pending
13091,Jack  PHX,07/27/24,Notebook,Office,10,8,Pending
13092,Tina  BOS,14-09-2024,Jump Rope,Sports,2,$9.99,Delivered
13093,Mia  PDX,03-06-2024,"""USB Hub""",Electronics,3,19,Pending
13094,Leo  DEN,16-04-2024,Dress,Clothing,5,49,delivered
13095,Rose  DAL,07/31/24,Pillow,Home,3,$24.99,processing
13096,Diana  NYC,11-09-2024,Mouse,Electronics,1,25,returned
13097,Quinn  SF,03/13/24,Jeans,Clothing,10,59.99,returned
13098,Sam  SEA,01-05-2024,Running Shoes,Sports,8,89.99,delivered
13099,Hank  BOS,18-01-2024,Pillow,Home,8,24.99,pending
13100,Rose  DAL,29-02-2024,Coffee Maker,Home,10,$59.99,Pending
13101,Eve  SF,04-05-2024,Tablet,Electronics,6,349,processing
13102,Quinn  SF,19-12-2024,Blanket,Home,6,35,delivered
13103,Hank  BOS,08-06-2024,"""Charger""",Electronics,5,$14.99,Pending
13104,Karen  ATL,12/27/2024,USB Hub,Electronics,1,19.99,Pending
13105,Mia  PDX,09-07-2024,Whiteboard,Office,6,49,cancelled
13106,Diana  NYC,29-05-2024,Rug,Home,10,89.99,shipped
13107,Frank  DAL,10-11-2024,Stapler,Office,1,15.99,Pending
13108,Paul  CHI,01-12-2024,Tablet,Electronics,8,349.99,shipped
13109,Eve  SF,09-26-2024,"""Running Shoes""",Sports,3,90,delivered
13110,Hank  BOS,17-12-2024,Hat,Clothing,3,19.99,cancelled
13111,Eve  SF,25-08-2024,Whiteboard,Office,2,$49.99,processing
13112,Diana  NYC,22-12-2024,Yoga Mat,Sports,2,$29.99,Pending
13113,Bob  LA,05-11-2024,Laptop,Electronics,2,800,Delivered
13114,Karen  ATL,18-05-2024,Smartphone,Electronics,5,699,returned
13115,Tina  BOS,06-10-2024,Jump Rope,Sports,8,9.99,delivered
13116,Paul  CHI,06-10-2024,Belt,Clothing,4,29.99,Delivered
13117,Sam  SEA,10-18-2024,Coffee Maker,Home,6,59.99,Pending
13118,Nate  NYC,12-04-2024,Sneakers,Clothing,9,75,cancelled
13119,Jack  PHX,19-05-2024,Stapler,Office,7,16,RETURNED
13120,Sam  SEA,01-05-2024,Blanket,Home,9,35,shipped
13121,Quinn  SF,15-03-2024,Clock,Home,9,19.99,Delivered
13122,Eve  SF,02-11-2024,Pillow,Home,2,24.99,Pending
13123,Eve  SF,18-10-2024,TShirt,Clothing,8,25,shipped
13124,Leo  DEN,10/26/2024,Yoga Mat,Sports,1,$29.99,shipped
13125,Leo  DEN,02-04-2024,TShirt,Clothing,7,25,returned
13126,Rose  DAL,05-05-2024,Chair,Office,10,199.99,processing
13127,Nate  NYC,27-02-2024,TShirt,Clothing,2,25,Pending
13128,Nate  NYC,28-10-2024,Clock,Home,2,19,delivered
13129,Karen  ATL,03-18-2024,Mouse,Electronics,9,25,pending
13130,Olivia  LA,01-07-2024,Clock,Home,6,20,shipped
13131,Bob  LA,09/15/24,Dumbbell,Sports,3,40,Delivered
13132,Ivy  MIA,22-05-2024,Pillow,Home,5,$24.99,shipped
13133,Olivia  LA,11/25/24,Pillow,Home,2,24.99,cancelled
13134,Eve  SF,06/18/24,Chair,Office,5,199,cancelled
13135,Frank  DAL,12-16-2024,Yoga Mat,Sports,3,29.99,shipped
13136,Karen  ATL,06-04-2024,Laptop,Electronics,6,800,pending
13137,Tina  BOS,04-27-2024,Running Shoes,Sports,6,89.99,Delivered
13138,Paul  CHI,12/19/24,USB Hub,Electronics,1,19.99,processing
13139,Paul  CHI,05-18-2024,Jacket,Clothing,6,89.99,pending
13140,Quinn  SF,27-09-2024,Dumbbell,Sports,10,$39.99,delivered
13141,Diana  NYC,07-14-2024,Toaster,Home,4,29.99,returned
13142,Frank  DAL,03/14/2024,Chair,Office,6,199.99,Delivered
13143,Olivia  LA,31-01-2024,USB Hub,Electronics,3,19.99,Pending
13144,Sam  SEA,11-08-2024,Hat,Clothing,9,19.99,processing
13145,Ivy  MIA,29-04-2024,Binder,Office,2,5.99,Pending
ORD-13146,Charlie  CHI,28-05-2024,"""Stapler""",Office,10,15.99,Delivered
13147,Charlie  CHI,12-31-2024,Webcam,Electronics,10,59.99,returned
13148,Karen  ATL,05/27/2024,"""Pen Set""",Office,1,$12.99,processing
13149,Diana  NYC,07-11-2024,Jeans,Clothing,3,59.99,processing
13150,Sam  SEA,22-03-2024,Water Bottle,Sports,1,$14.99,RETURNED
13151,Tina  BOS,06-01-2024,Dumbbell,Sports,6,39.99,cancelled
13152,Grace  SEA,05-07-2024,Water Bottle,Sports,2,$14.99,RETURNED
13153,Ivy  MIA,08-10-2024,Belt,Clothing,6,29.99,returned
13154,Jack  PHX,03-09-2024,Hat,Clothing,6,19,processing
13155,Ivy  MIA,07-19-2024,Chair,Office,4,199,RETURNED
13156,Eve  SF,01-03-2024,Jump Rope,Sports,10,10,Delivered
13157,Eve  SF,11/29/24,Hat,Clothing,2,19,returned
13158,Olivia  LA,05/14/2024,Sneakers,Clothing,1,$75.00,delivered
13159,Ivy  MIA,11-03-2024,Running Shoes,Sports,9,$89.99,cancelled
13160,Rose  DAL,12/19/24,Jump Rope,Sports,6,10,shipped
13161,Paul  CHI,08-08-2024,Socks,Clothing,2,9,cancelled
13162,Eve  SF,06-26-2024,Clock,Home,10,20,pending
13163,Leo  DEN,12-09-2024,Sneakers,Clothing,7,75,processing
13164,Ivy  MIA,12-10-2024,Water Bottle,Sports,10,14.99,cancelled
13165,Rose  DAL,06-14-2024,Blender,Home,3,44.99,cancelled
13166,Rose  DAL,10/31/2024,Pillow,Home,9,$24.99,cancelled
ORD-13167,Leo  DEN,12-11-2024,"""Whiteboard""",Office,1,$49.99,cancelled
13168,Eve  SF,08-07-2024,Pillow,Home,5,24.99,RETURNED
13169,Olivia  LA,01-14-2024,Blanket,Home,2,35,cancelled
13170,Diana  NYC,07-05-2024,Running Shoes,Sports,2,89.99,processing
13171,Ivy  MIA,07-28-2024,Toaster,Home,2,29.99,returned
13172,Charlie  CHI,17-03-2024,Chair,Office,8,199,Delivered
13173,Olivia  LA,14-07-2024,Clock,Home,8,20,pending
13174,Sam  SEA,07-05-2024,"""Resistance Band""",Sports,5,$12.99,Delivered
13175,Olivia  LA,12-07-2024,Yoga Mat,Sports,4,29.99,cancelled
13176,Sam  SEA,06-08-2024,Clock,Home,5,20,Pending
13177,Sam  SEA,04-06-2024,Belt,Clothing,6,29,returned
13178,Jack  PHX,25-05-2024,Headphones,Electronics,7,89.99,RETURNED
13179,Quinn  SF,02-01-2024,Chair,Office,7,199.99,Pending
13180,Olivia  LA,25-12-2024,Toaster,Home,9,29.99,RETURNED
13181,Frank  DAL,09-10-2024,Dumbbell,Sports,2,$39.99,cancelled
13182,Hank  BOS,05/16/2024,Pillow,Home,6,24,cancelled
13183,Diana  NYC,03-11-2024,"""Belt""",Clothing,8,30,processing
13184,Karen  ATL,18-01-2024,Mouse,Electronics,3,25,cancelled
13185,Charlie  CHI,06-10-2024,Rug,Home,6,90,RETURNED
13186,Rose  DAL,08-05-2024,"""Running Shoes""",Sports,6,89,Delivered
13187,Grace  SEA,05/17/2024,Laptop,Electronics,4,800,cancelled
13188,Eve  SF,08/15/24,Calculator,Office,5,$24.99,returned
ORD-13189,Charlie  CHI,08-07-2024,Jump Rope,Sports,7,N/A,Delivered
13190,Mia  PDX,05-09-2024,Jump Rope,Sports,1,10,Delivered
13191,Charlie  CHI,18-06-2024,Socks,Clothing,7,$9.99,pending
13192,Nate  NYC,19-09-2024,USB Hub,Electronics,10,19,Pending
13193,Grace  SEA,09-01-2024,USB Hub,Electronics,7,$19.99,pending
13194,Mia  PDX,04/21/2024,USB Hub,Electronics,9,$19.99,returned
13195,Karen  ATL,05-06-2024,Sneakers,Clothing,3,75,delivered
13196,Quinn  SF,28-08-2024,Jump Rope,Sports,4,9.99,delivered
13197,Alice  NYC,04/19/24,Jeans,Clothing,9,59,Delivered
13198,Diana  NYC,01/17/2024,Dumbbell,Sports,7,39,delivered
13199,Bob  LA,08/26/2024,Belt,Clothing,9,30,delivered
13200,Quinn  SF,12/27/24,Keyboard,Electronics,9,45,pending
13201,Hank  BOS,08-12-2024,Resistance Band,Sports,8,$12.99,pending
13202,Paul  CHI,03-10-2024,USB Hub,Electronics,2,19,returned
13203,Nate  NYC,09/18/2024,"""Desk Lamp""",Office,6,35,returned
13204,Charlie  CHI,02-11-2024,Binder,Office,6,5.99,returned
13205,Mia  PDX,07-05-2024,Blender,Home,5,44.99,Delivered
13206,Mia  PDX,24-07-2024,Calculator,Office,1,$24.99,processing
13207,Grace  SEA,10-08-2024,Chair,Office,7,199.99,Pending
13208,Bob  LA,07/14/2024,Jacket,Clothing,9,$89.99,cancelled
13209,Diana  NYC,07-01-2024,"""Jacket""",Clothing,9,$89.99,RETURNED
13210,Mia  PDX,07-11-2024,Monitor,Electronics,4,$299.99,returned
13211,Karen  ATL,02-08-2024,Pillow,Home,4,25,RETURNED
13212,Ivy  MIA,15-02-2024,Calculator,Office,10,24,delivered
13213,Eve  SF,11/14/2024,Jump Rope,Sports,9,$9.99,cancelled
13214,Jack  PHX,12/31/24,Resistance Band,Sports,8,13,processing
13215,Nate  NYC,10-01-2024,Blanket,Home,8,$34.99,RETURNED
13216,Bob  LA,12/17/2024,Calculator,Office,3,25,cancelled
ORD-13217,Jack  PHX,16-06-2024,"""Jeans""",Clothing,6,$59.99,processing
13218,Charlie  CHI,18-09-2024,Toaster,Home,8,30,Delivered
13219,Eve  SF,10-05-2024,Dress,Clothing,6,$49.99,pending
13220,Sam  SEA,07/16/24,"""Pillow""",Home,6,25,delivered
13221,Grace  SEA,07/23/24,Rug,Home,5,89,RETURNED
13222,Bob  LA,09-17-2024,Dress,Clothing,7,$49.99,shipped
13223,Alice  NYC,01-07-2024,"""Whiteboard""",Office,3,$49.99,Delivered
13224,Bob  LA,10/21/2024,Binder,Office,4,5.99,returned
13225,Eve  SF,09-22-2024,Yoga Mat,Sports,1,30,returned
13226,Grace  SEA,07-04-2024,Desk Lamp,Office,1,$34.99,Delivered
13227,Mia  PDX,24-06-2024,Socks,Clothing,7,9,processing
13228,Olivia  LA,09-29-2024,Chair,Office,1,$199.99,delivered
13229,Mia  PDX,10/26/24,Lamp,Home,2,39.99,pending
13230,Rose  DAL,02-15-2024,"""Jacket""",Clothing,2,$89.99,returned
13231,Grace  SEA,10/19/24,Pen Set,Office,10,12.99,Delivered
13232,Eve  SF,07-08-2024,Mouse,Electronics,5,25,delivered
13233,Karen  ATL,07-10-2024,Notebook,Office,10,8.99,shipped
13234,Paul  CHI,04/28/2024,Keyboard,Electronics,1,45,Pending
13235,Nate  NYC,08-02-2024,Laptop,Electronics,4,800,Pending
13236,Leo  DEN,23-04-2024,Pillow,Home,4,$24.99,returned
13237,Karen  ATL,07-04-2024,Hat,Clothing,8,19.99,pending
13238,Paul  CHI,10/30/2024,Jacket,Clothing,6,89.99,Pending
13239,Eve  SF,07/15/2024,Smartphone,Electronics,4,699.99,shipped
13240,Karen  ATL,07/21/2024,Sneakers,Clothing,9,75,delivered
13241,Hank  BOS,02-12-2024,Calculator,Office,1,$24.99,shipped
13242,Leo  DEN,18-06-2024,Sneakers,Clothing,8,$75.00,processing
13243,Eve  SF,04/27/2024,Charger,Electronics,9,$14.99,shipped
13244,Olivia  LA,22-02-2024,Clock,Home,4,20,Pending
13245,Jack  PHX,07-16-2024,"""Binder""",Office,8,5.99,delivered
13246,Hank  BOS,12-16-2024,Binder,Office,2,5.99,returned
13247,Olivia  LA,07-05-2024,Chair,Office,8,199.99,Delivered
13248,Alice  NYC,24-03-2024,"""Sneakers""",Clothing,4,75,returned
13249,Jack  PHX,15-09-2024,"""Whiteboard""",Office,4,49.99,processing
13250,Jack  PHX,03-01-2024,"""Blanket""",Home,2,35,RETURNED
13251,Paul  CHI,03-02-2024,Coffee Maker,Home,10,59.99,returned
13252,Quinn  SF,08-18-2024,Running Shoes,Sports,3,89,pending
13253,Hank  BOS,08-02-2024,Socks,Clothing,3,10,Pending
13254,Karen  ATL,05/23/24,TShirt,Clothing,1,25,Delivered
13255,Paul  CHI,07-11-2024,Laptop,Electronics,1,799.99,cancelled
13256,Leo  DEN,01-02-2024,Stapler,Office,8,16,cancelled
13257,Jack  PHX,16-11-2024,Binder,Office,3,5,delivered
13258,Bob  LA,04-10-2024,"""Jacket""",Clothing,7,90,cancelled
13259,Frank  DAL,08/20/2024,Binder,Office,5,$5.99,shipped
13260,Paul  CHI,02-06-2024,Whiteboard,Office,9,49.99,returned
13261,Alice  NYC,15-02-2024,Chair,Office,6,199.99,processing
13262,Diana  NYC,05-19-2024,Toaster,Home,3,29.99,RETURNED
13263,Leo  DEN,04-13-2024,Calculator,Office,3,24,Pending
13264,Tina  BOS,05/17/24,Mouse,Electronics,4,25,Pending
13265,Eve  SF,01-12-2024,Jeans,Clothing,9,59.99,Delivered
13266,Charlie  CHI,03-06-2024,Stapler,Office,10,16,RETURNED
ORD-13267,Bob  LA,13-08-2024,Lamp,Home,9,$39.99,cancelled
13268,Karen  ATL,09/21/24,Laptop,Electronics,8,799.99,Delivered
13269,Diana Prince,14-02-2024,Chair,Office,6,199.99,returned
13270,Olivia  LA,07-11-2024,Dumbbell,Sports,9,40,returned
13271,Bob  LA,05-05-2024,Rug,Home,8,89.99,Pending
13272,Olivia  LA,30-07-2024,Blanket,Home,6,34.99,processing
13273,Nate  NYC,10-04-2024,Blender,Home,9,44.99,Delivered
13274,Leo  DEN,03-12-2024,"""Blanket""",Home,8,34,processing
13275,Jack  PHX,03/15/24,Pillow,Home,10,24.99,processing
13276,Nate  NYC,03-12-2024,Pen Set,Office,3,13,returned
13277,Leo  DEN,02-04-2024,Yoga Mat,Sports,2,30,cancelled
13278,Jack  PHX,08-10-2024,Jump Rope,Sports,9,9,cancelled
13279,Hank  BOS,05-05-2024,"""Jacket""",Clothing,3,89.99,pending
13280,Paul  CHI,05/28/2024,Stapler,Office,8,15,processing
13281,Charlie  CHI,10/20/2024,"""Charger""",Electronics,8,$14.99,RETURNED
13282,Quinn  SF,18-02-2024,Pen Set,Office,2,12.99,returned
13283,Quinn  SF,10/15/24,Blanket,Home,8,$34.99,processing
13284,Tina  BOS,09/27/2024,Binder,Office,10,5.99,Delivered
13285,Tina  BOS,03/19/24,Jump Rope,Sports,4,9.99,processing
13286,Nate  NYC,27-03-2024,Jacket,Clothing,6,89.99,processing
13287,Quinn  SF,01/29/24,Desk Lamp,Office,2,35,returned
13288,Grace  SEA,31-03-2024,Toaster,Home,6,29.99,returned
13289,Quinn  SF,05/31/2024,Socks,Clothing,5,$9.99,shipped
13290,Leo  DEN,08-02-2024,USB Hub,Electronics,2,19,processing
13291,Paul  CHI,07-26-2024,Sneakers,Clothing,1,75,Pending
13292,Karen  ATL,03-05-2024,Stapler,Office,9,15.99,RETURNED
13293,Bob  LA,10-06-2024,Jump Rope,Sports,9,9,RETURNED
13294,Eve  SF,22-11-2024,Blender,Home,9,44.99,shipped
13295,Nate  NYC,08-09-2024,Resistance Band,Sports,2,13,shipped
13296,Sam  SEA,02-24-2024,Running Shoes,Sports,3,89.99,shipped
13297,Tina  BOS,30-03-2024,Running Shoes,Sports,2,89.99,RETURNED
13298,Bob  LA,10/24/24,Jacket,Clothing,8,89.99,cancelled
13299,Paul  CHI,02-13-2024,Yoga Mat,Sports,10,30,RETURNED
ORD-13300,Quinn  SF,09/23/2024,Desk Lamp,Office,2,34.99,shipped
13301,Leo  DEN,25-02-2024,Blender,Home,8,44.99,cancelled
13302,Paul  CHI,12/18/2024,Toaster,Home,10,30,Delivered
13303,Grace  SEA,25-11-2024,Resistance Band,Sports,6,12.99,processing
13304,Grace  SEA,08/28/24,Rug,Home,9,89.99,Delivered
13305,Mia  PDX,19-12-2024,"""Rug""",Home,7,89.99,Delivered
13306,Grace  SEA,03-09-2024,Laptop,Electronics,6,800,cancelled
13307,Mia  PDX,06-24-2024,Desk Lamp,Office,8,34.99,Pending
13308,Frank  DAL,04/13/24,Yoga Mat,Sports,8,29,RETURNED
13309,Charlie  CHI,18-08-2024,Running Shoes,Sports,5,$89.99,RETURNED
13310,Karen  ATL,04-09-2024,Rug,Home,5,90,cancelled
13311,Tina  BOS,10-30-2024,Whiteboard,Office,10,50,delivered
13312,Mia  PDX,28-04-2024,Pen Set,Office,10,12.99,RETURNED
13313,Eve  SF,07-12-2024,Blanket,Home,1,34.99,Pending
13314,Ivy  MIA,08-09-2024,Jacket,Clothing,8,89.99,cancelled
13315,Frank  DAL,23-02-2024,Resistance Band,Sports,4,12,Pending
13316,Hank  BOS,22-02-2024,Water Bottle,Sports,9,14,delivered
13317,Tina  BOS,03-05-2024,Socks,Clothing,3,9.99,RETURNED
13318,Charlie  CHI,03-05-2024,Coffee Maker,Home,7,59,returned
13319,Leo  DEN,11-02-2024,Clock,Home,8,19.99,processing
13320,Bob  LA,06-25-2024,"""Tablet""",Electronics,9,$349.99,Delivered
ORD-13321,Tina  BOS,12-25-2024,Calculator,Office,8,24.99,Pending
13322,Frank  DAL,01-01-2024,"""Binder""",Office,7,$5.99,delivered
13323,Mia  PDX,08-01-2024,Blender,Home,7,45,Delivered
ORD-13324,Diana  NYC,08/31/2024,"""Jump Rope""",Sports,4,$9.99,processing
ORD-13325,Ivy  MIA,10-14-2024,Headphones,Electronics,7,90,pending
13326,Olivia  LA,03-01-2024,Belt,Clothing,1,29.99,shipped
13327,Sam  SEA,03-06-2024,Calculator,Office,3,24.99,RETURNED
13328,Paul  CHI,06-11-2024,Coffee Maker,Home,10,59.99,Pending
13329,Rose  DAL,06-21-2024,Dumbbell,Sports,5,39,processing
13330,Hank  BOS,08/17/24,Blanket,Home,10,34.99,Pending
13331,Karen  ATL,10-07-2024,Dumbbell,Sports,8,39.99,processing
13332,Alice  NYC,09-08-2024,"""Blanket""",Home,3,34.99,shipped
13333,Sam  SEA,27-08-2024,Mouse,Electronics,3,25,returned
13334,Karen  ATL,24-09-2024,Pillow,Home,1,$24.99,pending
13335,Olivia  LA,08/26/2024,Water Bottle,Sports,7,14.99,returned
13336,Frank  DAL,25-02-2024,Lamp,Home,10,$39.99,Pending
13337,Bob  LA,08-04-2024,Charger,Electronics,5,14,Pending
13338,Quinn  SF,02/26/2024,Smartphone,Electronics,4,699.99,shipped
13339,Alice Smith,27-11-2024,"""Water Bottle""",Sports,8,14.99,Delivered
13340,Paul  CHI,08-08-2024,Hat,Clothing,9,19.99,pending
13341,Mia  PDX,07-15-2024,Whiteboard,Office,9,49,Delivered
13342,Frank  DAL,27-06-2024,Notebook,Office,5,9,RETURNED
13343,Jack  PHX,02-10-2024,Smartphone,Electronics,4,699,cancelled
13344,Olivia  LA,10-25-2024,Resistance Band,Sports,7,13,RETURNED
13345,Alice Smith,02-11-2024,Headphones,Electronics,4,90,delivered
13346,Rose  DAL,28-06-2024,Dumbbell,Sports,9,39.99,pending
13347,Alice  NYC,05/17/2024,Socks,Clothing,3,9.99,returned
13348,Bob  LA,04/19/24,Sneakers,Clothing,8,75,processing
13349,Tina  BOS,23-11-2024,Resistance Band,Sports,8,12.99,Delivered
13350,Charlie  CHI,01-01-2024,Socks,Clothing,3,9.99,returned
13351,Ivy  MIA,05-22-2024,Pen Set,Office,3,13,Delivered
13352,Eve  SF,01-02-2024,Dumbbell,Sports,9,39,delivered
13353,Alice Smith,11/20/24,TShirt,Clothing,10,$25.00,Delivered
13354,Karen  ATL,08-04-2024,Monitor,Electronics,7,300,shipped
13355,Eve  SF,07-05-2024,Belt,Clothing,9,29.99,Pending
13356,Mia  PDX,09-30-2024,Notebook,Office,2,8,RETURNED
13357,Frank  DAL,06/30/24,Running Shoes,Sports,2,$89.99,Delivered
13358,Paul  CHI,12-07-2024,Notebook,Office,1,8.99,returned
13359,Grace  SEA,18-10-2024,Pen Set,Office,10,13,pending
13360,Olivia  LA,11/19/24,Chair,Office,6,199.99,Pending
13361,Rose  DAL,30-12-2024,"""Toaster""",Home,7,$29.99,Pending
13362,Diana  NYC,13-02-2024,"""Water Bottle""",Sports,9,14.99,Delivered
13363,Diana Prince,05/22/24,Yoga Mat,Sports,7,30,pending
13364,Tina  BOS,24-09-2024,Clock,Home,7,19.99,returned
13365,Karen  ATL,13-04-2024,Notebook,Office,5,8.99,RETURNED
13366,Ivy  MIA,11/23/24,Stapler,Office,3,15.99,Delivered
13367,Frank  DAL,10-10-2024,Tablet,Electronics,6,$349.99,returned
13368,Charlie  CHI,01/29/24,TShirt,Clothing,9,$25.00,cancelled
13369,Leo  DEN,02-06-2024,Laptop,Electronics,9,799,pending
13370,Hank  BOS,26-06-2024,Headphones,Electronics,4,89.99,returned
13371,Olivia  LA,10-10-2024,Sneakers,Clothing,5,75,returned
13372,Paul  CHI,02-05-2024,Pen Set,Office,7,12.99,Pending
13373,Jack  PHX,11-03-2024,"""Rug""",Home,5,90,cancelled
13374,Grace  SEA,07-08-2024,Jacket,Clothing,2,89,shipped
13375,Jack  PHX,21-08-2024,"""Tablet""",Electronics,9,$349.99,delivered
13376,Sam  SEA,10/29/24,"""Notebook""",Office,6,8,pending
13377,Eve  SF,12-01-2024,Headphones,Electronics,5,89,Delivered
13378,Sam  SEA,10-09-2024,Socks,Clothing,9,10,processing
13379,Quinn  SF,06/30/2024,"""Toaster""",Home,3,29.99,delivered
13380,Hank  BOS,18-08-2024,"""Resistance Band""",Sports,5,12.99,RETURNED
ORD-13381,Grace  SEA,11-25-2024,Lamp,Home,2,39,cancelled
13382,Hank  BOS,08-08-2024,Running Shoes,Sports,4,89,processing
13383,Diana  NYC,07-12-2024,Jump Rope,Sports,5,9,shipped
13384,Diana  NYC,05/31/2024,Yoga Mat,Sports,2,29.99,returned
13385,Diana  NYC,10-03-2024,Coffee Maker,Home,8,59.99,RETURNED
13386,Alice  NYC,23-03-2024,Jeans,Clothing,10,$59.99,shipped
13387,Eve  SF,08/14/24,Chair,Office,10,199.99,delivered
13388,Nate  NYC,04-09-2024,Monitor,Electronics,1,300,delivered
13389,Nate  NYC,12-04-2024,Socks,Clothing,4,9.99,delivered
13390,Olivia  LA,20-06-2024,Desk Lamp,Office,3,35,RETURNED
13391,Alice  NYC,01-05-2024,Toaster,Home,10,30,processing
13392,Leo  DEN,09-15-2024,Headphones,Electronics,4,$89.99,returned
13393,Bob  LA,01/18/24,Calculator,Office,4,24.99,delivered
13394,Bob  LA,09/28/24,Blanket,Home,6,34.99,RETURNED
13395,Diana Prince,12-08-2024,Resistance Band,Sports,1,12,delivered
13396,Leo  DEN,10/25/24,Whiteboard,Office,9,49.99,processing
13397,Frank  DAL,26-07-2024,Running Shoes,Sports,7,89,processing
13398,Jack  PHX,09-09-2024,Webcam,Electronics,1,60,cancelled
13399,Rose  DAL,11-26-2024,"""Keyboard""",Electronics,9,45,cancelled
13400,Hank  BOS,01-05-2024,"""Sneakers""",Clothing,8,75,Delivered
13401,Quinn  SF,12-17-2024,USB Hub,Electronics,3,$19.99,processing
13402,Quinn  SF,06-02-2024,Resistance Band,Sports,3,12,delivered
13403,Grace  SEA,09-20-2024,Water Bottle,Sports,10,14.99,shipped
13404,Mia  PDX,11-02-2024,Socks,Clothing,5,9.99,processing
ORD-13405,Bob  LA,03/31/2024,Jeans,Clothing,9,59.99,processing
13406,Ivy  MIA,10-14-2024,Whiteboard,Office,9,49.99,shipped
13407,Jack  PHX,02-06-2024,Notebook,Office,9,$8.99,Pending
13408,Charlie  CHI,20-07-2024,Belt,Clothing,10,30,RETURNED
13409,Rose  DAL,09/21/24,Pen Set,Office,2,$12.99,processing
13410,Diana  NYC,12-05-2024,"""Coffee Maker""",Home,5,59,Delivered
13411,Frank  DAL,08-13-2024,Monitor,Electronics,6,299.99,processing
13412,Alice Smith,12/23/2024,Jeans,Clothing,2,60,shipped
13413,Sam  SEA,10/15/24,TShirt,Clothing,3,$25.00,delivered
13414,Sam  SEA,02/23/24,Belt,Clothing,9,29,Delivered
13415,Leo  DEN,24-07-2024,USB Hub,Electronics,5,19,cancelled
13416,Quinn  SF,03-05-2024,Yoga Mat,Sports,7,$29.99,Delivered
13417,Ivy  MIA,01/22/2024,Dress,Clothing,2,49.99,Pending
13418,Leo  DEN,10/31/24,Sneakers,Clothing,1,75,returned
13419,Jack  PHX,02-02-2024,Yoga Mat,Sports,7,29.99,Delivered
13420,Diana Prince,01-06-2024,Webcam,Electronics,3,$59.99,shipped
13421,Ivy  MIA,18-02-2024,Jacket,Clothing,6,$89.99,returned
ORD-13422,Charlie  CHI,05-25-2024,Blender,Home,9,44,shipped
13423,Mia  PDX,28-05-2024,Laptop,Electronics,7,800,returned
13424,Hank  BOS,10-15-2024,Jump Rope,Sports,7,10,cancelled
13425,Mia  PDX,12-05-2024,Pen Set,Office,5,12.99,pending
ORD-13426,Jack  PHX,04-08-2024,Keyboard,Electronics,4,$45.00,pending
13427,Charlie  CHI,11-07-2024,Yoga Mat,Sports,9,29.99,cancelled
13428,Karen  ATL,09-24-2024,Clock,Home,8,20,returned
ORD-13429,Quinn  SF,24-09-2024,Desk Lamp,Office,2,34,pending
13430,Mia  PDX,09-04-2024,Hat,Clothing,2,19.99,Pending
13431,Hank  BOS,06/23/24,Pillow,Home,5,24.99,cancelled
13432,Leo  DEN,22-02-2024,Rug,Home,10,89.99,processing
13433,Frank  DAL,05-03-2024,Blender,Home,3,$44.99,processing
13434,Paul  CHI,02-03-2024,Toaster,Home,1,29,returned
13435,Charlie  CHI,08-02-2024,"""Jacket""",Clothing,7,89.99,returned
13436,Nate  NYC,17-09-2024,Notebook,Office,7,$8.99,processing
13437,Tina  BOS,07-08-2024,Sneakers,Clothing,9,75,Delivered
ORD-13438,Paul  CHI,16-01-2024,Notebook,Office,4,8.99,cancelled
13439,Diana  NYC,08-03-2024,Toaster,Home,10,29.99,Delivered
13440,Alice Smith,10-03-2024,Blanket,Home,2,$34.99,processing
13441,Alice  NYC,05-25-2024,Jump Rope,Sports,2,9,pending
13442,Paul  CHI,05-10-2024,Whiteboard,Office,8,$49.99,Delivered
13443,Diana  NYC,10-03-2024,"""Notebook""",Office,6,8,Pending
13444,Paul  CHI,06-05-2024,Notebook,Office,4,8.99,Pending
ORD-13445,Leo  DEN,05-05-2024,Pen Set,Office,2,$12.99,shipped
13446,Tina  BOS,05/30/2024,"""Water Bottle""",Sports,4,15,cancelled
ORD-13447,Diana  NYC,06-03-2024,Lamp,Home,2,$39.99,cancelled
13448,Grace  SEA,11-08-2024,Mouse,Electronics,5,25,Delivered
13449,Karen  ATL,09/26/24,"""Chair""",Office,5,199.99,delivered
13450,Alice  NYC,29-01-2024,Mouse,Electronics,3,25,cancelled
13451,Ivy  MIA,15-02-2024,Jeans,Clothing,3,59.99,Pending
13452,Nate  NYC,07-01-2024,Jump Rope,Sports,10,9.99,returned
13453,Nate  NYC,21-12-2024,Tablet,Electronics,8,$349.99,processing
13454,Frank  DAL,28-05-2024,Binder,Office,8,5.99,Delivered
13455,Jack  PHX,11/26/2024,Jump Rope,Sports,8,9,pending
13456,Grace  SEA,15-01-2024,Jeans,Clothing,3,60,cancelled
13457,Mia  PDX,09/19/2024,Lamp,Home,3,39.99,RETURNED
13458,Olivia  LA,21-12-2024,Hat,Clothing,5,20,processing
ORD-13459,Frank  DAL,01-04-2024,Stapler,Office,8,15.99,processing
13460,Charlie  CHI,04/17/24,Jacket,Clothing,4,90,cancelled
13461,Ivy  MIA,03-07-2024,Blanket,Home,3,35,RETURNED
13462,Olivia  LA,03-10-2024,Hat,Clothing,5,19.99,delivered
13463,Sam  SEA,09-01-2024,Webcam,Electronics,10,59.99,pending
13464,Rose  DAL,10-02-2024,Desk Lamp,Office,4,$34.99,delivered
13465,Olivia  LA,11-04-2024,Blender,Home,6,44.99,Pending
13466,Bob  LA,01/16/24,Resistance Band,Sports,6,12,pending
ORD-13467,Alice  NYC,05-12-2024,Tablet,Electronics,10,349,pending
13468,Karen  ATL,07-08-2024,Tablet,Electronics,1,349.99,pending
13469,Hank  BOS,13-09-2024,"""Blender""",Home,2,44,pending
13470,Olivia  LA,06/28/24,Resistance Band,Sports,8,$12.99,shipped
13471,Olivia  LA,12-11-2024,Yoga Mat,Sports,3,29.99,shipped
13472,Frank  DAL,11-25-2024,Dumbbell,Sports,5,39,delivered
13473,Rose  DAL,10/31/24,Running Shoes,Sports,5,$89.99,delivered
13474,Diana  NYC,19-05-2024,Calculator,Office,7,24.99,RETURNED
13475,Karen  ATL,26-10-2024,Dress,Clothing,5,$49.99,processing
13476,Karen  ATL,04-25-2024,Blanket,Home,4,34.99,delivered
13477,Quinn  SF,05/21/2024,Pillow,Home,2,$24.99,delivered
13478,Eve  SF,08/31/24,Blanket,Home,1,34,processing
13479,Olivia  LA,27-09-2024,Chair,Office,9,$199.99,delivered
13480,Rose  DAL,03-07-2024,"""Webcam""",Electronics,5,60,processing
13481,Sam  SEA,12-01-2024,Smartphone,Electronics,8,699.99,RETURNED
13482,Bob  LA,10-16-2024,Laptop,Electronics,,799.99,pending
13483,Jack  PHX,01/19/2024,Notebook,Office,1,8,Delivered
13484,Nate  NYC,10-11-2024,Socks,Clothing,9,9.99,processing
13485,Paul  CHI,27-03-2024,Belt,Clothing,8,29,delivered
13486,Mia  PDX,05/14/2024,Stapler,Office,7,15.99,shipped
13487,Rose  DAL,03-17-2024,Dress,Clothing,9,50,Delivered
13488,Jack  PHX,09/22/2024,Jeans,Clothing,6,$59.99,processing
13489,Sam  SEA,20-08-2024,Calculator,Office,4,$24.99,Pending
13490,Ivy  MIA,25-04-2024,Rug,Home,3,89,returned
13491,Olivia  LA,06-10-2024,Smartphone,Electronics,1,699.99,RETURNED
13492,Tina  BOS,26-12-2024,Dress,Clothing,7,49.99,Pending
13493,Frank  DAL,05-12-2024,Keyboard,Electronics,9,45,processing
13494,Olivia  LA,10/24/24,Stapler,Office,9,15,Pending
13495,Mia  PDX,04-05-2024,Stapler,Office,,$15.99,Delivered
13496,Charlie  CHI,02-01-2024,Jeans,Clothing,4,59,cancelled
ORD-13497,Rose  DAL,06-06-2024,Lamp,Home,3,39,Pending
13498,Bob  LA,28-02-2024,Hat,Clothing,7,20,processing
ORD-13499,Quinn  SF,06-12-2024,Sneakers,Clothing,9,75,RETURNED
13500,Ivy  MIA,10-09-2024,Water Bottle,Sports,3,14.99,delivered
13501,Sam  SEA,09-02-2024,Monitor,Electronics,5,300,returned
13502,Paul  CHI,06/26/2024,Yoga Mat,Sports,7,29.99,shipped
13503,Karen  ATL,10-10-2024,Binder,Office,9,5,delivered
13504,Alice  NYC,02-02-2024,Blanket,Home,9,34.99,pending
13505,Rose  DAL,03/29/2024,Lamp,Home,7,$39.99,shipped
13506,Mia  PDX,18-03-2024,Jump Rope,Sports,2,9.99,delivered
13507,Frank  DAL,03/19/24,Blender,Home,8,44.99,returned
13508,Jack  PHX,09-07-2024,"""Smartphone""",Electronics,5,700,processing
13509,Grace  SEA,07-06-2024,Hat,Clothing,4,19.99,Delivered
13510,Bob  LA,13-02-2024,Resistance Band,Sports,2,12,Delivered
13511,Alice  NYC,09-16-2024,Water Bottle,Sports,8,14,pending
13512,Diana Prince,06-04-2024,Coffee Maker,Home,10,60,shipped
13513,Bob  LA,21-06-2024,Water Bottle,Sports,9,14.99,RETURNED
13514,Bob  LA,09-11-2024,Desk Lamp,Office,6,34.99,returned
13515,Olivia  LA,07/24/24,Belt,Clothing,4,$29.99,processing
13516,Sam  SEA,23-07-2024,Pillow,Home,5,25,returned
13517,Frank  DAL,06-06-2024,Charger,Electronics,1,14,Pending
13518,Tina  BOS,11-21-2024,Keyboard,Electronics,7,45,returned
13519,Mia  PDX,27-09-2024,Yoga Mat,Sports,2,29.99,RETURNED
13520,Rose  DAL,29-07-2024,"""Headphones""",Electronics,5,89.99,RETURNED
13521,Quinn  SF,06/19/2024,Hat,Clothing,1,19.99,returned
13522,Tina  BOS,12-03-2024,Dumbbell,Sports,9,$39.99,shipped
13523,Nate  NYC,03-08-2024,Dumbbell,Sports,8,39,Pending
13524,Paul  CHI,29-09-2024,Toaster,Home,1,$29.99,cancelled
13525,Karen  ATL,27-01-2024,Dress,Clothing,1,49.99,delivered
13526,Karen  ATL,12/25/2024,Coffee Maker,Home,1,59.99,pending
13527,Karen  ATL,03-29-2024,Water Bottle,Sports,8,14.99,shipped
13528,Frank  DAL,05/18/2024,Keyboard,Electronics,4,$45.00,delivered
13529,Olivia  LA,04/16/24,Water Bottle,Sports,2,$14.99,Delivered
13530,Olivia  LA,04-03-2024,Rug,Home,10,$89.99,RETURNED
13531,Bob  LA,25-01-2024,Dumbbell,Sports,9,$39.99,returned
13532,Charlie  CHI,01-16-2024,Dress,Clothing,4,49.99,shipped
13533,Sam  SEA,05/24/2024,"""Desk Lamp""",Office,7,34.99,cancelled
13534,Karen  ATL,01-28-2024,Webcam,Electronics,2,59.99,RETURNED
13535,Nate  NYC,02-08-2024,Sneakers,Clothing,1,75,returned
13536,Quinn  SF,05-24-2024,USB Hub,Electronics,1,$19.99,Delivered
13537,Bob  LA,08/30/24,Blender,Home,8,44.99,delivered
13538,Tina  BOS,08/22/24,Lamp,Home,9,39,pending
13539,Paul  CHI,21-02-2024,Coffee Maker,Home,10,59,pending
13540,Jack  PHX,06-05-2024,"""Jeans""",Clothing,4,59.99,pending
13541,Alice  NYC,11-07-2024,Water Bottle,Sports,3,14.99,returned
13542,Karen  ATL,09-06-2024,Hat,Clothing,8,19.99,delivered
13543,Charlie  CHI,06-03-2024,Jacket,Clothing,10,89.99,Pending
13544,Rose  DAL,30-05-2024,Resistance Band,Sports,4,12.99,delivered
13545,Frank  DAL,01-27-2024,TShirt,Clothing,5,25,cancelled
13546,Ivy  MIA,06-12-2024,Socks,Clothing,8,9.99,RETURNED
13547,Quinn  SF,07-01-2024,Keyboard,Electronics,7,$45.00,pending
13548,Rose  DAL,11-24-2024,Binder,Office,3,$5.99,returned
13549,Bob  LA,02-28-2024,Socks,Clothing,6,10,cancelled
13550,Alice  NYC,04-13-2024,Mouse,Electronics,2,25,processing
13551,Frank  DAL,11-18-2024,Jacket,Clothing,8,90,cancelled
13552,Charlie  CHI,07-20-2024,Jeans,Clothing,10,$59.99,Delivered
13553,Quinn  SF,12-09-2024,Laptop,Electronics,2,800,Pending
13554,Ivy  MIA,08/16/2024,Pen Set,Office,9,$12.99,RETURNED
13555,Grace  SEA,06-24-2024,Whiteboard,Office,9,50,processing
13556,Alice  NYC,19-07-2024,Yoga Mat,Sports,9,29.99,delivered
13557,Eve  SF,10/13/2024,"""Water Bottle""",Sports,2,14.99,processing
13558,Alice  NYC,06-04-2024,Whiteboard,Office,1,50,RETURNED
13559,Grace  SEA,06-07-2024,Whiteboard,Office,3,50,shipped
ORD-13560,Quinn  SF,12-07-2024,Calculator,Office,3,24.99,shipped
13561,Tina  BOS,03-04-2024,Dress,Clothing,3,49.99,returned
13562,Bob  LA,16-10-2024,Headphones,Electronics,1,90,cancelled
13563,Rose  DAL,05-01-2024,Pen Set,Office,2,13,Pending
13564,Rose  DAL,07-06-2024,Rug,Home,4,90,cancelled
13565,Hank  BOS,16-04-2024,Yoga Mat,Sports,1,30,Delivered
13566,Tina  BOS,06-07-2024,Belt,Clothing,2,29,pending
13567,Hank  BOS,20-09-2024,Headphones,Electronics,7,90,shipped
13568,Nate  NYC,12-15-2024,Socks,Clothing,7,9.99,processing
13569,Diana Prince,07-02-2024,Pillow,Home,2,24.99,pending
13570,Ivy  MIA,03-11-2024,TShirt,Clothing,1,25,Delivered
13571,Hank  BOS,07-09-2024,Hat,Clothing,3,19,Pending
13572,Leo  DEN,10-26-2024,"""Jacket""",Clothing,2,89,Delivered
13573,Mia  PDX,20-09-2024,Clock,Home,3,$19.99,Pending
13574,Leo  DEN,01/23/24,Jacket,Clothing,10,89,pending
13575,Leo  DEN,12-05-2024,Desk Lamp,Office,7,34.99,pending
13576,Mia  PDX,09/28/2024,Belt,Clothing,6,29.99,processing
13577,Rose  DAL,06-01-2024,Sneakers,Clothing,7,75,delivered
13578,Tina  BOS,03/29/2024,Blanket,Home,7,34,RETURNED
13579,Hank  BOS,28-08-2024,Keyboard,Electronics,7,45,pending
13580,Tina  BOS,10-09-2024,Lamp,Home,3,$39.99,Delivered
13581,Bob  LA,03/27/2024,Stapler,Office,5,$15.99,RETURNED
13582,Rose  DAL,04-09-2024,Yoga Mat,Sports,5,29.99,Delivered
ORD-13583,Leo  DEN,04/29/24,"""Pen Set""",Office,1,13,delivered
13584,Diana  NYC,02-26-2024,Dumbbell,Sports,3,39.99,cancelled
13585,Olivia  LA,07-03-2024,Jump Rope,Sports,9,9.99,processing
13586,Frank  DAL,10-01-2024,TShirt,Clothing,4,25,delivered
ORD-13587,Jack  PHX,06-09-2024,Jacket,Clothing,8,89.99,pending
13588,Charlie  CHI,09-28-2024,Binder,Office,2,5.99,cancelled
13589,Paul  CHI,02/25/24,Pillow,Home,8,25,shipped
13590,Rose  DAL,03-02-2024,Sneakers,Clothing,7,75,RETURNED
13591,Mia  PDX,08/14/2024,Socks,Clothing,9,$9.99,delivered
13592,Mia  PDX,03-10-2024,USB Hub,Electronics,2,$19.99,delivered
13593,Ivy  MIA,07/26/24,Blender,Home,5,44.99,RETURNED
13594,Paul  CHI,10-31-2024,Coffee Maker,Home,4,$59.99,processing
13595,Paul  CHI,02-03-2024,Webcam,Electronics,1,59,Delivered
13596,Eve  SF,20-03-2024,Desk Lamp,Office,4,$34.99,shipped
13597,Leo  DEN,01-03-2024,Rug,Home,8,89,processing
13598,Karen  ATL,12-23-2024,Jeans,Clothing,7,59,cancelled
13599,Nate  NYC,08/18/2024,Charger,Electronics,4,14.99,Pending
13600,Frank  DAL,12-07-2024,Webcam,Electronics,5,59.99,returned
13601,Karen  ATL,10/28/2024,"""Resistance Band""",Sports,7,12.99,Delivered
13602,Bob  LA,12-01-2024,Coffee Maker,Home,1,59.99,returned
13603,Hank  BOS,11/23/2024,Pillow,Home,8,24,shipped
13604,Rose  DAL,23-07-2024,Notebook,Office,2,8.99,processing
13605,Bob  LA,20-08-2024,Yoga Mat,Sports,4,29.99,shipped
13606,Jack  PHX,05-05-2024,Lamp,Home,7,40,processing
13607,Sam  SEA,24-04-2024,Jacket,Clothing,5,$89.99,delivered
13608,Paul  CHI,06-07-2024,Hat,Clothing,3,19,Pending
13609,Frank  DAL,13-05-2024,Chair,Office,2,199,delivered
13610,Sam  SEA,04-09-2024,"""Coffee Maker""",Home,5,$59.99,delivered
13611,Olivia  LA,07/21/2024,Belt,Clothing,7,$29.99,RETURNED
13612,Charlie  CHI,01-11-2024,Socks,Clothing,7,9.99,delivered
13613,Alice  NYC,06-23-2024,Jump Rope,Sports,5,10,pending
13614,Diana  NYC,16-06-2024,Socks,Clothing,1,10,returned
13615,Quinn  SF,11-21-2024,"""Stapler""",Office,3,$15.99,Delivered
13616,Quinn  SF,01/16/24,Desk Lamp,Office,2,34.99,Pending
13617,Hank  BOS,28-08-2024,Yoga Mat,Sports,3,$29.99,cancelled
13618,Grace  SEA,08-19-2024,Smartphone,Electronics,3,700,returned
13619,Leo  DEN,15-10-2024,Blender,Home,5,44,RETURNED
13620,Grace  SEA,04/16/24,Yoga Mat,Sports,3,29.99,delivered
13621,Nate  NYC,21-09-2024,Hat,Clothing,9,$19.99,processing
13622,Sam  SEA,11-07-2024,Desk Lamp,Office,9,34.99,returned
13623,Grace  SEA,08-07-2024,TShirt,Clothing,10,25,returned
13624,Nate  NYC,12-09-2024,Rug,Home,8,89.99,Delivered
13625,Alice Smith,06-14-2024,Sneakers,Clothing,2,75,cancelled
13626,Leo  DEN,08-12-2024,Jump Rope,Sports,4,10,shipped
13627,Grace  SEA,12/27/24,Blender,Home,10,44,cancelled
13628,Frank  DAL,11-08-2024,Tablet,Electronics,4,350,processing
13629,Ivy  MIA,01/19/2024,Socks,Clothing,3,10,pending
13630,Hank  BOS,01/21/2024,USB Hub,Electronics,10,19,returned
13631,Alice  NYC,19-02-2024,Yoga Mat,Sports,1,29.99,returned
13632,Grace  SEA,02/21/2024,Socks,Clothing,5,9.99,delivered
13633,Grace  SEA,11-07-2024,Clock,Home,8,19.99,returned
ORD-13634,Leo  DEN,03/27/2024,Yoga Mat,Sports,2,29,Delivered
13635,Karen  ATL,06-04-2024,Resistance Band,Sports,8,12,processing
13636,Mia  PDX,07-11-2024,Monitor,Electronics,1,299.99,Pending
ORD-13637,Leo  DEN,01-12-2024,Jeans,Clothing,5,59.99,returned
13638,Grace  SEA,09/24/24,Calculator,Office,6,25,Pending
13639,Diana  NYC,21-09-2024,Socks,Clothing,5,9,cancelled
13640,Diana Prince,02/25/24,Laptop,Electronics,6,799.99,Pending
13641,Mia  PDX,26-08-2024,Clock,Home,10,19.99,RETURNED
13642,Leo  DEN,03/16/24,TShirt,Clothing,10,25,shipped
13643,Frank  DAL,21-03-2024,Jump Rope,Sports,1,10,delivered
13644,Rose  DAL,23-02-2024,USB Hub,Electronics,2,19.99,cancelled
13645,Nate  NYC,07/21/2024,Jeans,Clothing,9,59.99,cancelled
13646,Charlie  CHI,12/27/2024,Rug,Home,4,90,delivered
13647,Paul  CHI,19-03-2024,Stapler,Office,5,16,delivered
13648,Quinn  SF,02-15-2024,Toaster,Home,8,$29.99,shipped
13649,Diana  NYC,05/19/2024,Rug,Home,10,$89.99,cancelled
13650,Sam  SEA,07-30-2024,Monitor,Electronics,9,$299.99,Pending
13651,Jack  PHX,29-09-2024,Blender,Home,3,$44.99,cancelled
13652,Quinn  SF,12-30-2024,Chair,Office,8,199,Pending
13653,Jack  PHX,03-11-2024,Tablet,Electronics,1,349.99,delivered
13654,Eve  SF,07-27-2024,Tablet,Electronics,2,349.99,pending
13655,Paul  CHI,05/27/24,Running Shoes,Sports,4,89,returned
13656,Olivia  LA,17-06-2024,Coffee Maker,Home,3,59,returned
13657,Frank  DAL,08/16/24,"""USB Hub""",Electronics,10,20,processing
13658,Olivia  LA,25-08-2024,Lamp,Home,7,39.99,Delivered
13659,Jack  PHX,08-09-2024,Pen Set,Office,4,$12.99,RETURNED
13660,Eve  SF,10/24/2024,Rug,Home,10,90,Delivered
13661,Alice  NYC,06/30/24,Mouse,Electronics,2,25,pending
13662,Diana Prince,01/31/24,Jacket,Clothing,5,$89.99,Delivered
13663,Olivia  LA,12/22/2024,Pillow,Home,1,$24.99,processing
13664,Sam  SEA,01-29-2024,Desk Lamp,Office,9,34,processing
13665,Jack  PHX,10/28/2024,Calculator,Office,6,24.99,Pending
ORD-13666,Bob  LA,01-21-2024,Blanket,Home,4,34,Delivered
13667,Hank  BOS,06-24-2024,Webcam,Electronics,7,59.99,Pending
13668,Diana Prince,10-20-2024,Rug,Home,6,$89.99,Pending
13669,Nate  NYC,08-05-2024,Chair,Office,3,200,delivered
13670,Hank  BOS,06/20/24,Lamp,Home,9,$39.99,Delivered
13671,Hank  BOS,02-11-2024,USB Hub,Electronics,6,19.99,processing
13672,Nate  NYC,08-22-2024,Notebook,Office,4,9,Pending
13673,Nate  NYC,08-10-2024,Toaster,Home,8,30,processing
13674,Nate  NYC,13-11-2024,Mouse,Electronics,10,25,cancelled
13675,Leo  DEN,27-03-2024,Jump Rope,Sports,5,9.99,delivered
13676,Grace  SEA,08-05-2024,Dumbbell,Sports,2,39,pending
13677,Sam  SEA,16-02-2024,Pen Set,Office,2,$12.99,returned
13678,Charlie  CHI,03/21/2024,Pen Set,Office,7,$12.99,returned
13679,Mia  PDX,24-06-2024,"""Toaster""",Home,4,29.99,shipped
13680,Mia  PDX,08-03-2024,Lamp,Home,8,39.99,cancelled
13681,Karen  ATL,09-09-2024,Headphones,Electronics,8,90,pending
13682,Mia  PDX,03/24/24,Belt,Clothing,2,30,processing
13683,Leo  DEN,07-09-2024,Clock,Home,10,19.99,Pending
13684,Jack  PHX,28-04-2024,Headphones,Electronics,9,89.99,RETURNED
13685,Ivy  MIA,10/24/2024,Desk Lamp,Office,9,35,delivered
13686,Diana Prince,09/17/24,Coffee Maker,Home,9,60,cancelled
ORD-13687,Hank  BOS,08-07-2024,Desk Lamp,Office,10,34.99,processing
13688,Charlie  CHI,09-17-2024,Whiteboard,Office,7,$49.99,pending
13689,Hank  BOS,28-01-2024,Charger,Electronics,9,14.99,returned
13690,Tina  BOS,07/13/24,Tablet,Electronics,8,349.99,cancelled
13691,Sam  SEA,03-05-2024,Sneakers,Clothing,7,75,shipped
13692,Karen  ATL,04/15/24,Jacket,Clothing,2,90,delivered
13693,Hank  BOS,13-10-2024,Running Shoes,Sports,8,90,RETURNED
13694,Quinn  SF,19-04-2024,Socks,Clothing,9,$9.99,shipped
13695,Ivy  MIA,03/15/2024,TShirt,Clothing,4,25,processing
13696,Charlie  CHI,07-03-2024,Jeans,Clothing,7,60,returned
13697,Frank  DAL,02-09-2024,Laptop,Electronics,6,799,delivered
13698,Eve  SF,08/20/2024,"""Desk Lamp""",Office,4,35,RETURNED
13699,Diana  NYC,09-17-2024,Keyboard,Electronics,1,45,delivered
13700,Ivy  MIA,03-08-2024,Notebook,Office,8,8,shipped
13701,Leo  DEN,29-08-2024,Calculator,Office,10,25,returned
13702,Olivia  LA,03/14/2024,Pillow,Home,3,25,returned
13703,Charlie  CHI,06/18/24,Sneakers,Clothing,1,75,Pending
13704,Diana  NYC,07/13/2024,Pillow,Home,4,25,processing
13705,Grace  SEA,15-01-2024,Resistance Band,Sports,3,12.99,RETURNED
13706,Charlie  CHI,05/29/2024,Rug,Home,2,90,cancelled
13707,Charlie  CHI,16-11-2024,Binder,Office,5,5.99,pending
13708,Ivy  MIA,02-01-2024,Whiteboard,Office,10,50,returned
13709,Nate  NYC,10-11-2024,Tablet,Electronics,8,$349.99,Pending
13710,Ivy  MIA,12-09-2024,Lamp,Home,3,40,cancelled
13711,Paul  CHI,20-11-2024,Desk Lamp,Office,9,$34.99,pending
ORD-13712,Leo  DEN,11/17/2024,Mouse,Electronics,9,25,returned
13713,Olivia  LA,06-06-2024,Pen Set,Office,8,12.99,Delivered
13714,Diana Prince,10-10-2024,"""Clock""",Home,5,20,RETURNED
13715,Rose  DAL,01-01-2024,Calculator,Office,1,24.99,pending
13716,Frank  DAL,10-12-2024,Pen Set,Office,10,12,Delivered
13717,Bob  LA,17-10-2024,Jacket,Clothing,1,89,RETURNED
13718,Diana  NYC,10/20/2024,Clock,Home,8,19,returned
13719,Ivy  MIA,03/20/2024,Stapler,Office,2,$15.99,shipped
13720,Karen  ATL,06-11-2024,Monitor,Electronics,6,$299.99,pending
13721,Jack  PHX,28-11-2024,Dumbbell,Sports,4,39,Delivered
13722,Eve  SF,07-15-2024,Blender,Home,9,44.99,shipped
13723,Grace  SEA,04-09-2024,Chair,Office,1,199,returned
13724,Jack  PHX,06-14-2024,Lamp,Home,8,39.99,RETURNED
13725,Hank  BOS,17-09-2024,Stapler,Office,2,15.99,returned
13726,Leo  DEN,05-12-2024,Smartphone,Electronics,8,700,delivered
13727,Hank  BOS,02/26/2024,TShirt,Clothing,7,25,returned
13728,Tina  BOS,07-11-2024,Yoga Mat,Sports,8,29.99,processing
13729,Sam  SEA,07/17/24,"""Calculator""",Office,6,$24.99,shipped
13730,Karen  ATL,02/15/24,Webcam,Electronics,4,$59.99,Pending
13731,Tina  BOS,12/28/24,USB Hub,Electronics,9,20,delivered
13732,Alice  NYC,11-03-2024,Lamp,Home,9,$39.99,RETURNED
13733,Alice  NYC,07-01-2024,Water Bottle,Sports,6,14,Pending
13734,Nate  NYC,19-08-2024,Blanket,Home,4,34,Pending
13735,Karen  ATL,08-08-2024,Water Bottle,Sports,1,14.99,returned
13736,Grace  SEA,11-08-2024,Belt,Clothing,4,30,delivered
13737,Eve  SF,03-07-2024,Smartphone,Electronics,7,699,Delivered
13738,Nate  NYC,10/21/2024,Smartphone,Electronics,3,699.99,Pending
13739,Nate  NYC,24-03-2024,Hat,Clothing,8,19,RETURNED
13740,Diana  NYC,01/28/24,Lamp,Home,8,40,cancelled
13741,Jack  PHX,04/30/24,Charger,Electronics,2,15,processing
13742,Sam  SEA,08-08-2024,Keyboard,Electronics,10,45,Pending
13743,Alice Smith,11-09-2024,Sneakers,Clothing,6,75,RETURNED
13744,Olivia  LA,13-03-2024,Blender,Home,1,44,RETURNED
13745,Quinn  SF,06/16/2024,Resistance Band,Sports,1,13,processing
13746,Frank  DAL,26-03-2024,Yoga Mat,Sports,3,29,delivered
13747,Leo  DEN,09-09-2024,Keyboard,Electronics,1,45,Pending
13748,Hank  BOS,07/31/2024,"""Pen Set""",Office,3,12,delivered
13749,Nate  NYC,06-09-2024,Dumbbell,Sports,7,39,returned
ORD-13750,Sam  SEA,01/25/2024,Laptop,Electronics,1,$799.99,RETURNED
13751,Bob  LA,01-04-2024,Blender,Home,1,$44.99,shipped
13752,Jack  PHX,11/29/24,Tablet,Electronics,4,$349.99,Pending
13753,Nate  NYC,15-01-2024,"""Calculator""",Office,10,$24.99,Pending
13754,Nate  NYC,03/23/2024,Calculator,Office,1,24.99,returned
13755,Tina  BOS,23-05-2024,Toaster,Home,8,$29.99,shipped
13756,Sam  SEA,28-05-2024,Rug,Home,1,89.99,RETURNED
ORD-13757,Ivy  MIA,03-12-2024,TShirt,Clothing,6,25,shipped
ORD-13758,Rose  DAL,17-07-2024,Toaster,Home,6,29,Delivered
13759,Diana  NYC,08-08-2024,Pillow,Home,10,24,cancelled
13760,Grace  SEA,08/19/24,Blanket,Home,6,34.99,pending
13761,Grace  SEA,09-05-2024,Rug,Home,4,$89.99,Delivered
13762,Sam  SEA,17-05-2024,Mouse,Electronics,10,$25.00,Pending
13763,Alice  NYC,12-24-2024,"""Yoga Mat""",Sports,4,29.99,processing
13764,Paul  CHI,12-10-2024,Jacket,Clothing,1,89.99,Delivered
13765,Frank  DAL,21-01-2024,"""Jump Rope""",Sports,10,9.99,pending
13766,Sam  SEA,31-08-2024,Whiteboard,Office,5,$49.99,Pending
13767,Rose  DAL,09/28/2024,Jeans,Clothing,1,60,shipped
13768,Nate  NYC,11-08-2024,Lamp,Home,4,$39.99,cancelled
13769,Rose  DAL,02-26-2024,Pen Set,Office,7,12.99,delivered
13770,Karen  ATL,04-08-2024,Jeans,Clothing,10,60,Delivered
13771,Alice Smith,07-08-2024,Binder,Office,2,$5.99,Delivered
13772,Leo  DEN,04/22/24,Jump Rope,Sports,6,9.99,delivered
13773,Mia  PDX,07/31/24,Keyboard,Electronics,8,45,delivered
13774,Nate  NYC,19-05-2024,Calculator,Office,10,25,RETURNED
13775,Karen  ATL,12-05-2024,"""Blender""",Home,8,45,Delivered
13776,Karen  ATL,20-05-2024,Whiteboard,Office,7,49.99,pending
13777,Quinn  SF,10-23-2024,Laptop,Electronics,6,$799.99,returned
13778,Mia  PDX,03-09-2024,Mouse,Electronics,4,25,RETURNED
13779,Nate  NYC,02-07-2024,USB Hub,Electronics,9,19.99,returned
13780,Diana Prince,24-09-2024,Mouse,Electronics,8,25,Pending
13781,Grace  SEA,06/22/2024,Keyboard,Electronics,9,45,processing
13782,Mia  PDX,21-06-2024,Running Shoes,Sports,2,89.99,Delivered
13783,Diana  NYC,06-07-2024,Blender,Home,2,44,Delivered
13784,Ivy  MIA,11-10-2024,Blender,Home,8,$44.99,pending
13785,Mia  PDX,25-10-2024,Binder,Office,2,5.99,Delivered
13786,Eve  SF,01-01-2024,Dumbbell,Sports,5,40,returned
ORD-13787,Rose  DAL,15-02-2024,USB Hub,Electronics,10,19.99,delivered
13788,Frank  DAL,08-22-2024,Jeans,Clothing,10,59,Delivered
13789,Karen  ATL,11-06-2024,Dumbbell,Sports,10,39.99,processing
13790,Frank  DAL,06/13/2024,Pillow,Home,4,$24.99,processing
13791,Sam  SEA,10-06-2024,Stapler,Office,9,16,delivered
13792,Diana Prince,11-13-2024,Clock,Home,3,19.99,processing
13793,Jack  PHX,03-10-2024,Dumbbell,Sports,7,40,Delivered
13794,Grace  SEA,19-12-2024,Socks,Clothing,8,10,cancelled
13795,Alice Smith,16-02-2024,Dress,Clothing,5,49,pending
13796,Eve  SF,01/19/2024,Pen Set,Office,5,12.99,cancelled
ORD-13797,Quinn  SF,13-07-2024,Resistance Band,Sports,2,12.99,delivered
13798,Paul  CHI,16-10-2024,"""Jump Rope""",Sports,4,9,Delivered
13799,Olivia  LA,13-03-2024,Whiteboard,Office,1,49.99,RETURNED
13800,Jack  PHX,11/13/24,Resistance Band,Sports,4,12.99,delivered
13801,Alice  NYC,06/25/2024,Desk Lamp,Office,9,$34.99,shipped
13802,Alice  NYC,06-06-2024,Dumbbell,Sports,7,39.99,returned
13803,Jack  PHX,07-05-2024,Water Bottle,Sports,6,$14.99,cancelled
13804,Frank  DAL,31-08-2024,Chair,Office,4,199.99,delivered
13805,Diana Prince,07/16/24,Toaster,Home,10,29,Pending
13806,Ivy  MIA,06-07-2024,Blender,Home,6,44.99,processing
13807,Frank  DAL,03-01-2024,Webcam,Electronics,8,$59.99,pending
13808,Bob  LA,11-05-2024,Hat,Clothing,6,$19.99,pending
13809,Charlie  CHI,01/23/24,Running Shoes,Sports,10,90,returned
13810,Jack  PHX,05-16-2024,Headphones,Electronics,5,$89.99,RETURNED
13811,Bob  LA,08/22/2024,Stapler,Office,10,15.99,returned
13812,Hank  BOS,01/14/24,Belt,Clothing,2,29.99,processing
13813,Ivy  MIA,21-04-2024,Smartphone,Electronics,9,699.99,cancelled
13814,Quinn  SF,15-01-2024,Water Bottle,Sports,4,$14.99,pending
13815,Karen  ATL,01/24/2024,Hat,Clothing,2,$19.99,RETURNED
13816,Sam  SEA,07-01-2024,Binder,Office,2,5,RETURNED
13817,Rose  DAL,09/22/24,"""Jacket""",Clothing,2,90,shipped
13818,Karen  ATL,12-08-2024,"""Charger""",Electronics,10,15,Pending
13819,Frank  DAL,04/14/2024,USB Hub,Electronics,3,20,pending
13820,Sam  SEA,04-17-2024,Running Shoes,Sports,3,90,Pending
13821,Ivy  MIA,05/26/2024,Headphones,Electronics,5,90,cancelled
13822,Grace  SEA,02-22-2024,Chair,Office,1,199,pending
13823,Ivy  MIA,01/31/2024,Rug,Home,4,$89.99,delivered
13824,Paul  CHI,09-08-2024,Lamp,Home,2,40,shipped
13825,Bob  LA,11-02-2024,TShirt,Clothing,5,25,shipped
13826,Mia  PDX,02/13/2024,Jump Rope,Sports,6,10,cancelled
13827,Diana  NYC,12-21-2024,Pen Set,Office,8,12.99,cancelled
13828,Olivia  LA,06-06-2024,Rug,Home,2,90,pending
13829,Rose  DAL,08/28/24,Yoga Mat,Sports,6,30,returned
13830,Ivy  MIA,03/26/2024,Clock,Home,9,19.99,returned
13831,Paul  CHI,02/22/24,"""Clock""",Home,6,20,delivered
13832,Eve  SF,08-04-2024,Toaster,Home,2,$29.99,Pending
13833,Frank  DAL,03-02-2024,Stapler,Office,8,16,cancelled
13834,Olivia  LA,01-04-2024,Belt,Clothing,1,29.99,RETURNED
13835,Ivy  MIA,08/24/24,Toaster,Home,7,29,processing
13836,Paul  CHI,08-29-2024,Blanket,Home,1,34,RETURNED
13837,Frank  DAL,23-12-2024,"""Resistance Band""",Sports,6,12.99,returned
13838,Diana  NYC,05-05-2024,Desk Lamp,Office,5,$34.99,Delivered
13839,Leo  DEN,09-11-2024,Stapler,Office,8,15.99,delivered
13840,Rose  DAL,02/21/24,Pen Set,Office,10,12.99,Pending
ORD-13841,Charlie  CHI,06-26-2024,Coffee Maker,Home,4,59,Delivered
13842,Eve  SF,20-12-2024,"""Stapler""",Office,10,16,pending
13843,Frank  DAL,08-04-2024,Dumbbell,Sports,1,39.99,processing
13844,Eve  SF,26-04-2024,"""Lamp""",Home,4,40,RETURNED
13845,Grace  SEA,29-11-2024,Yoga Mat,Sports,7,29.99,pending
ORD-13846,Leo  DEN,04-03-2024,Monitor,Electronics,6,299.99,returned
13847,Tina  BOS,02-08-2024,Toaster,Home,10,29,cancelled
13848,Quinn  SF,11-17-2024,Jacket,Clothing,4,$89.99,cancelled
13849,Alice  NYC,19-12-2024,Webcam,Electronics,1,60,shipped
13850,Diana  NYC,18-09-2024,Dumbbell,Sports,,$39.99,shipped
13851,Quinn  SF,01-02-2024,"""Desk Lamp""",Office,5,34.99,cancelled
13852,Diana  NYC,14-09-2024,Sneakers,Clothing,3,75,cancelled
13853,Olivia  LA,10-21-2024,Webcam,Electronics,7,59,RETURNED
13854,Paul  CHI,10/27/2024,Blanket,Home,2,35,cancelled
13855,Sam  SEA,06-01-2024,"""Stapler""",Office,1,15.99,Delivered
13856,Sam  SEA,24-04-2024,Chair,Office,4,199,returned
13857,Tina  BOS,03-02-2024,Smartphone,Electronics,8,$699.99,delivered
13858,Bob  LA,02-06-2024,Binder,Office,7,6,RETURNED
13859,Quinn  SF,10/22/24,Webcam,Electronics,8,59,pending
13860,Bob  LA,05-18-2024,Sneakers,Clothing,7,75,shipped
13861,Alice  NYC,02/22/24,Jump Rope,Sports,8,9.99,returned
13862,Diana  NYC,23-05-2024,Chair,Office,1,199,Pending
13863,Quinn  SF,22-03-2024,Pillow,Home,7,$24.99,Pending
13864,Sam  SEA,03/17/24,Calculator,Office,9,24.99,shipped
13865,Karen  ATL,05/29/2024,Whiteboard,Office,2,49,returned
13866,Tina  BOS,11/27/2024,Webcam,Electronics,7,59,shipped
13867,Charlie  CHI,11-11-2024,Blanket,Home,6,34.99,shipped
13868,Paul  CHI,10-01-2024,Water Bottle,Sports,1,14,Delivered
13869,Leo  DEN,26-09-2024,Belt,Clothing,3,30,shipped
13870,Paul  CHI,04-12-2024,Calculator,Office,8,24.99,cancelled
13871,Bob  LA,05/22/2024,Pillow,Home,2,24.99,Pending
13872,Mia  PDX,05-11-2024,Coffee Maker,Home,5,59.99,delivered
13873,Jack  PHX,07-09-2024,Toaster,Home,4,30,Pending
13874,Grace  SEA,11-02-2024,USB Hub,Electronics,5,19.99,cancelled
13875,Diana  NYC,09-07-2024,Keyboard,Electronics,4,45,cancelled
13876,Frank  DAL,07-04-2024,"""Pillow""",Home,4,24,Delivered
13877,Bob  LA,16-10-2024,Notebook,Office,10,$8.99,Delivered
13878,Diana  NYC,01/14/24,"""Webcam""",Electronics,3,59.99,delivered
13879,Paul  CHI,09-12-2024,Laptop,Electronics,10,799.99,cancelled
13880,Mia  PDX,13-01-2024,Resistance Band,Sports,5,12,Delivered
13881,Quinn  SF,22-03-2024,Chair,Office,4,N/A,delivered
13882,Karen  ATL,14-03-2024,Whiteboard,Office,6,49.99,delivered
13883,Bob  LA,05-02-2024,USB Hub,Electronics,6,19.99,returned
13884,Grace  SEA,07-10-2024,Stapler,Office,3,15.99,cancelled
13885,Karen  ATL,07-08-2024,Belt,Clothing,6,29.99,RETURNED
13886,Rose  DAL,01/26/24,Calculator,Office,4,24,returned
13887,Rose  DAL,10-05-2024,Chair,Office,8,199.99,Pending
13888,Ivy  MIA,03-09-2024,Blanket,Home,6,34,RETURNED
13889,Olivia  LA,11/14/2024,Desk Lamp,Office,7,34,shipped
13890,Charlie  CHI,24-12-2024,Hat,Clothing,2,$19.99,shipped
13891,Grace  SEA,04/23/2024,"""Rug""",Home,5,89,returned
13892,Diana  NYC,05-05-2024,Chair,Office,10,200,cancelled
13893,Sam  SEA,10-09-2024,Jump Rope,Sports,3,10,processing
13894,Eve  SF,12-27-2024,Jeans,Clothing,7,59.99,pending
13895,Diana  NYC,23-11-2024,Stapler,Office,1,15.99,processing
13896,Rose  DAL,07/25/24,Desk Lamp,Office,5,34,processing
13897,Tina  BOS,08-12-2024,Lamp,Home,8,39.99,returned
13898,Charlie  CHI,05/28/24,Running Shoes,Sports,5,89.99,returned
13899,Sam  SEA,14-01-2024,Clock,Home,9,19.99,Delivered
ORD-13900,Eve  SF,06/27/24,Dress,Clothing,1,50,Pending
13901,Mia  PDX,05/26/24,Keyboard,Electronics,6,45,RETURNED
13902,Karen  ATL,10/19/2024,Running Shoes,Sports,9,$89.99,cancelled
13903,Leo  DEN,07/28/2024,"""Jump Rope""",Sports,1,10,Delivered
13904,Hank  BOS,08-01-2024,Pillow,Home,6,24,Pending
13905,Karen  ATL,03-12-2024,Coffee Maker,Home,9,59.99,delivered
13906,Karen  ATL,12/28/2024,Pillow,Home,1,25,processing
13907,Karen  ATL,04-03-2024,Belt,Clothing,1,29.99,pending
13908,Charlie  CHI,05/30/2024,Tablet,Electronics,4,$349.99,shipped
13909,Jack  PHX,06/13/2024,Whiteboard,Office,3,49,delivered
13910,Alice Smith,07-10-2024,Hat,Clothing,6,19,Delivered
13911,Bob  LA,04-03-2024,Notebook,Office,4,9,RETURNED
13912,Tina  BOS,01/13/2024,Blanket,Home,6,34,RETURNED
13913,Bob  LA,04-10-2024,Socks,Clothing,10,10,processing
13914,Leo  DEN,01/20/24,Calculator,Office,3,$24.99,processing
13915,Paul  CHI,01-31-2024,Running Shoes,Sports,10,89.99,shipped
13916,Jack  PHX,12-04-2024,Lamp,Home,4,$39.99,RETURNED
13917,Charlie  CHI,10-02-2024,Jeans,Clothing,4,59,Delivered
13918,Mia  PDX,02-11-2024,Keyboard,Electronics,7,45,Pending
13919,Ivy  MIA,06-21-2024,"""Rug""",Home,2,89,cancelled
13920,Jack  PHX,10-16-2024,Clock,Home,4,19,pending
13921,Eve  SF,07-11-2024,Keyboard,Electronics,5,45,pending
13922,Sam  SEA,03-05-2024,"""Toaster""",Home,1,29,returned
13923,Tina  BOS,10/24/24,Chair,Office,10,199,cancelled
13924,Frank  DAL,09-06-2024,Yoga Mat,Sports,10,29.99,Delivered
13925,Bob  LA,10-18-2024,Tablet,Electronics,4,349.99,Delivered
ORD-13926,Hank  BOS,02/23/24,Sneakers,Clothing,6,75,shipped
13927,Charlie  CHI,07-12-2024,Jeans,Clothing,2,59.99,delivered
13928,Mia  PDX,16-02-2024,Dress,Clothing,9,50,returned
13929,Mia  PDX,03-04-2024,Running Shoes,Sports,8,$89.99,shipped
13930,Mia  PDX,05/27/24,Belt,Clothing,6,$29.99,Pending
13931,Rose  DAL,02-02-2024,Chair,Office,8,$199.99,processing
ORD-13932,Eve  SF,04-06-2024,Smartphone,Electronics,6,699.99,returned
13933,Eve  SF,15-11-2024,Yoga Mat,Sports,4,29,delivered
13934,Paul  CHI,07-09-2024,"""Running Shoes""",Sports,1,89.99,Pending
13935,Nate  NYC,26-06-2024,Sneakers,Clothing,6,75,Pending
13936,Mia  PDX,10/27/24,Chair,Office,4,200,Delivered
13937,Bob  LA,04-17-2024,Chair,Office,1,$199.99,Pending
13938,Ivy  MIA,11-09-2024,Laptop,Electronics,8,799.99,shipped
13939,Charlie  CHI,07-31-2024,"""Calculator""",Office,6,24.99,returned
13940,Charlie  CHI,19-10-2024,Whiteboard,Office,4,49.99,Pending
13941,Bob  LA,05-09-2024,Notebook,Office,5,$8.99,returned
13942,Eve  SF,29-06-2024,Tablet,Electronics,9,349,delivered
13943,Jack  PHX,11-02-2024,Desk Lamp,Office,6,35,Pending
13944,Mia  PDX,17-08-2024,Webcam,Electronics,8,59,pending
13945,Quinn  SF,12/24/2024,Notebook,Office,5,8.99,processing
13946,Frank  DAL,02/27/2024,Binder,Office,6,5.99,delivered
13947,Olivia  LA,10/23/2024,Notebook,Office,5,9,shipped
13948,Hank  BOS,01-07-2024,Yoga Mat,Sports,5,29,delivered
13949,Frank  DAL,05/22/24,TShirt,Clothing,4,25,Delivered
13950,Mia  PDX,07-09-2024,"""Jeans""",Clothing,3,59,delivered
13951,Jack  PHX,09-08-2024,Tablet,Electronics,10,349.99,shipped
13952,Paul  CHI,01-11-2024,Jeans,Clothing,6,59,delivered
13953,Alice  NYC,08-26-2024,Monitor,Electronics,9,$299.99,Delivered
13954,Grace  SEA,24-02-2024,Belt,Clothing,6,$29.99,delivered
13955,Tina  BOS,28-01-2024,Belt,Clothing,8,29.99,Delivered
13956,Jack  PHX,17-08-2024,Belt,Clothing,10,29,Pending
13957,Paul  CHI,27-03-2024,Rug,Home,3,89.99,shipped
13958,Jack  PHX,04-04-2024,Jump Rope,Sports,3,9,shipped
13959,Paul  CHI,06-03-2024,USB Hub,Electronics,7,19,Delivered
13960,Bob  LA,17-01-2024,Socks,Clothing,7,9.99,Delivered
13961,Sam  SEA,10-12-2024,"""Mouse""",Electronics,4,25,processing
13962,Nate  NYC,19-06-2024,Resistance Band,Sports,7,12.99,Delivered
13963,Hank  BOS,07-01-2024,Toaster,Home,10,29.99,pending
13964,Bob  LA,22-12-2024,Whiteboard,Office,7,49,RETURNED
13965,Eve  SF,04-01-2024,Dress,Clothing,6,49,pending
13966,Quinn  SF,27-01-2024,TShirt,Clothing,2,25,cancelled
ORD-13967,Karen  ATL,27-04-2024,Dress,Clothing,3,49,returned
13968,Leo  DEN,01-03-2024,Sneakers,Clothing,8,75,Pending
13969,Jack  PHX,21-06-2024,Keyboard,Electronics,2,45,Delivered
13970,Ivy  MIA,21-04-2024,Stapler,Office,6,$15.99,cancelled
13971,Ivy  MIA,07-29-2024,Jump Rope,Sports,1,9,Delivered
13972,Ivy  MIA,13-01-2024,USB Hub,Electronics,1,20,delivered
13973,Sam  SEA,06-05-2024,Jump Rope,Sports,5,$9.99,returned
13974,Mia  PDX,10-07-2024,Webcam,Electronics,10,59.99,Pending
13975,Karen  ATL,04-14-2024,Clock,Home,6,19.99,Delivered
13976,Tina  BOS,19-07-2024,Pen Set,Office,6,$12.99,processing
13977,Bob  LA,10/26/24,"""Keyboard""",Electronics,1,$45.00,returned
13978,Quinn  SF,06-06-2024,Running Shoes,Sports,4,89,Delivered
13979,Bob  LA,09-11-2024,Jeans,Clothing,2,$59.99,RETURNED
13980,Hank  BOS,24-05-2024,Clock,Home,4,19.99,RETURNED
13981,Alice  NYC,22-11-2024,Jacket,Clothing,8,89,Delivered
13982,Jack  PHX,06-10-2024,Whiteboard,Office,1,$49.99,processing
13983,Charlie  CHI,09-26-2024,Toaster,Home,7,$29.99,Pending
13984,Olivia  LA,11-26-2024,"""Jacket""",Clothing,9,89,returned
13985,Bob  LA,03/30/24,Keyboard,Electronics,4,$45.00,Pending
13986,Rose  DAL,01-06-2024,Belt,Clothing,6,29,RETURNED
13987,Frank  DAL,23-11-2024,Charger,Electronics,2,14.99,Pending
13988,Rose  DAL,29-03-2024,Keyboard,Electronics,6,45,delivered
13989,Diana Prince,01/20/24,"""Pillow""",Home,8,24,RETURNED
13990,Eve  SF,10-21-2024,Belt,Clothing,1,30,delivered
13991,Quinn  SF,09-02-2024,Whiteboard,Office,2,49,shipped
13992,Quinn  SF,10-12-2024,Blanket,Home,6,34.99,returned
13993,Diana  NYC,14-05-2024,Yoga Mat,Sports,8,30,processing
13994,Eve  SF,12-27-2024,Notebook,Office,9,$8.99,Delivered
13995,Ivy  MIA,16-04-2024,"""Lamp""",Home,9,$39.99,pending
13996,Grace  SEA,26-09-2024,Blender,Home,8,44,shipped
13997,Hank  BOS,12-04-2024,USB Hub,Electronics,10,19,cancelled
13998,Rose  DAL,11/23/24,Pillow,Home,10,24,pending
13999,Paul  CHI,09/18/24,Calculator,Office,4,25,pending
14000,Charlie  CHI,13-03-2024,Blanket,Home,6,35,pending
